date,d5y_bp,d10y_bp,fx_ret_pct,etf_ret_pct,etf_rate_attrib_pct,etf_spread_proxy_pct,oas_bp,doas_bp
2021-08-03,-1.0,-1.0,0.1237,0.1922,,,,
2021-08-04,2.0,0.0,-0.0696,0.0959,0.0261,0.0698,,
2021-08-05,5.0,4.0,-0.0727,0.0958,-0.0057,0.1016,,
2021-08-06,5.0,8.0,0.3353,0.0,-0.0679,0.0679,,
2021-08-09,2.0,2.0,0.0494,-0.1917,-0.1084,-0.0833,,
2021-08-10,3.0,3.0,-0.0077,-0.096,-0.026,-0.0701,,
2021-08-11,-1.0,-1.0,-0.1065,0.0,-0.0433,0.0433,,
2021-08-12,2.0,1.0,-0.0015,0.0,0.0261,-0.0261,,
2021-08-13,-4.0,-7.0,-0.0216,0.0,-0.0159,0.0159,,
2021-08-16,-4.0,-3.0,-0.0402,0.1919,0.1085,0.0835,,
2021-08-17,2.0,0.0,0.1728,0.2872,0.068,0.2192,,
2021-08-18,2.0,1.0,-0.02,0.0,-0.0057,0.0057,,
2021-08-19,-1.0,-3.0,0.1556,0.0956,-0.0159,0.1114,,
2021-08-20,2.0,2.0,0.1077,0.0,0.0463,-0.0463,,
2021-08-23,-2.0,-1.0,-0.3189,0.0,-0.026,0.026,,
2021-08-24,2.0,4.0,-0.1467,0.0,0.0333,-0.0333,,
2021-08-25,4.0,6.0,0.0711,0.0,-0.0462,0.0462,,
2021-08-26,0.0,-1.0,0.0818,0.0,-0.0809,0.0809,,
2021-08-27,-5.0,-3.0,-0.1513,0.0,0.0188,-0.0188,,
2021-08-30,-2.0,-2.0,-0.0819,0.0955,0.0752,0.0202,,
2021-08-31,0.0,1.0,-0.0836,0.1907,0.0434,0.1472,,
2021-09-01,1.0,1.0,-0.0279,0.0,-0.0014,0.0014,,
2021-09-02,0.0,-2.0,-0.0403,0.0,-0.0086,0.0086,,
2021-09-03,0.0,4.0,-0.0496,0.0,0.029,-0.029,,
2021-09-07,4.0,5.0,0.2074,0.0,-0.0318,0.0318,,
2021-09-08,-1.0,-3.0,-0.0774,0.0,-0.0708,0.0708,,
2021-09-09,-2.0,-5.0,-0.1007,0.0,0.0463,-0.0463,,
2021-09-10,3.0,5.0,-0.1659,0.0952,0.0738,0.0214,,
2021-09-13,-1.0,-2.0,0.1101,0.0,-0.0636,0.0636,,
2021-09-14,-2.0,-5.0,-0.2002,0.0,0.0362,-0.0362,,
2021-09-15,2.0,3.0,-0.0963,0.0951,0.0738,0.0213,,
2021-09-16,3.0,3.0,0.3817,0.0,-0.0361,0.0361,,
2021-09-17,4.0,3.0,0.1377,-0.0951,-0.0433,-0.0517,,
2021-09-20,-5.0,-6.0,-0.0062,-0.1905,-0.0506,-0.1399,,
2021-09-21,1.0,2.0,0.0,0.0,0.1056,-0.1056,,
2021-09-22,2.0,-1.0,-0.0619,0.0,-0.0187,0.0187,,
2021-09-23,8.0,9.0,-0.0325,0.0,0.0044,-0.0044,,
2021-09-24,3.0,6.0,0.1083,-0.2864,-0.1402,-0.1462,,
2021-09-27,1.0,1.0,-0.1548,-0.1914,-0.0737,-0.1177,,
2021-09-28,4.0,6.0,0.0542,-0.2878,-0.0086,-0.2792,,
2021-09-29,-1.0,1.0,0.1655,-0.0961,-0.0809,-0.0152,,
2021-09-30,-3.0,-3.0,-0.4151,-0.0962,0.0058,-0.102,,
2021-10-01,-5.0,-4.0,0.0,0.0,0.0608,-0.0608,,
2021-10-04,2.0,1.0,0.0,0.02,0.0854,-0.0654,,
2021-10-05,3.0,5.0,0.0,-0.0485,-0.0159,-0.0326,,
2021-10-06,1.0,-1.0,0.0,-0.0971,-0.0636,-0.0335,,
2021-10-07,3.0,5.0,0.0,0.0,0.0116,-0.0116,,
2021-10-08,3.0,3.0,0.0016,-0.1943,-0.0636,-0.1308,,
2021-10-12,3.0,-2.0,0.0776,-0.7813,-0.0433,-0.7379,,
2021-10-13,1.0,-3.0,-0.3464,0.0,0.0073,-0.0073,,
2021-10-14,-4.0,-4.0,0.1835,0.0,0.0319,-0.0319,,
2021-10-15,8.0,7.0,-0.0622,0.5865,0.0781,0.5084,,
2021-10-18,3.0,0.0,-0.0777,0.0,-0.12,0.12,,
2021-10-19,1.0,6.0,-0.7306,0.0974,-0.013,0.1104,,
2021-10-20,-1.0,0.0,0.1785,0.0,-0.0592,0.0592,,
2021-10-21,7.0,3.0,-0.0172,0.0,0.016,-0.016,,
2021-10-22,-1.0,-2.0,-0.1346,-0.0974,-0.0723,-0.0252,,
2021-10-25,-3.0,-2.0,0.0266,0.0,0.0362,-0.0362,,
2021-10-26,1.0,-1.0,-0.0564,0.0,0.0507,-0.0507,,
2021-10-27,-4.0,-9.0,0.1487,0.0974,0.0116,0.0858,,
2021-10-28,2.0,3.0,0.0031,0.3887,0.1287,0.26,,
2021-10-29,0.0,-2.0,0.2079,-0.1942,-0.0361,-0.1581,,
2021-11-01,2.0,3.0,-0.1219,0.0,0.029,-0.029,,
2021-11-02,-5.0,-2.0,0.0359,0.0,-0.0361,0.0361,,
2021-11-03,4.0,4.0,0.1031,0.0,0.0651,-0.0651,,
2021-11-04,-9.0,-7.0,-0.1422,0.0,-0.0607,0.0607,,
2021-11-05,-6.0,-8.0,-0.0141,0.2911,0.1446,0.1465,,
2021-11-08,9.0,6.0,-0.0923,0.0,0.1331,-0.1331,,
2021-11-09,-5.0,-5.0,0.0219,-0.2911,-0.1171,-0.174,,
2021-11-10,15.0,10.0,-0.0532,0.0,0.0955,-0.0955,,
2021-11-12,1.0,2.0,-0.1488,0.0,-0.2009,0.2009,,
2021-11-15,2.0,5.0,0.058,0.0,-0.0187,0.0187,,
2021-11-16,1.0,0.0,0.1487,-0.0972,-0.0563,-0.0409,,
2021-11-17,-3.0,-3.0,-0.2255,0.0,0.0015,-0.0015,,
2021-11-18,-2.0,-1.0,0.1191,0.1943,0.0608,0.1336,,
2021-11-19,0.0,-5.0,0.0188,0.0,0.0333,-0.0333,,
2021-11-22,11.0,9.0,-0.0329,0.0971,0.0593,0.0377,,
2021-11-23,0.0,4.0,0.1065,0.0,-0.1619,0.1619,,
2021-11-24,1.0,-3.0,0.011,-0.2914,-0.0318,-0.2596,,
2021-11-26,-18.0,-16.0,0.011,0.0,0.0319,-0.0319,,
2021-11-29,2.0,4.0,-0.0767,0.0,0.3008,-0.3008,,
2021-11-30,-4.0,-9.0,-0.3686,0.1943,-0.0462,0.2406,,
2021-12-01,1.0,0.0,0.0016,0.0,0.1287,-0.1287,,
2021-12-02,6.0,1.0,0.1915,0.0,0.0015,-0.0015,,
2021-12-03,-8.0,-9.0,-0.0078,0.0971,-0.0448,0.1418,,
2021-12-06,8.0,8.0,-0.0031,0.2905,0.1576,0.1329,,
2021-12-07,5.0,5.0,-0.1554,0.0,-0.1301,0.1301,,
2021-12-08,1.0,4.0,-0.3494,0.0,-0.078,0.078,,
2021-12-09,-1.0,-3.0,0.5298,-0.0967,-0.039,-0.0578,,
2021-12-10,-1.0,-1.0,-0.1365,0.0,0.0463,-0.0463,,
2021-12-13,-4.0,-6.0,-0.0408,0.0,0.0261,-0.0261,,
2021-12-14,2.0,2.0,0.0188,0.1934,0.0984,0.095,,
2021-12-15,3.0,3.0,0.0031,0.0,-0.026,0.026,,
2021-12-16,-7.0,-3.0,0.0016,0.0,-0.0433,0.0433,,
2021-12-17,-1.0,-3.0,0.1161,0.0,0.0897,-0.0897,,
2021-12-20,-1.0,2.0,0.0125,0.3857,0.0463,0.3394,,
2021-12-21,7.0,5.0,-0.0628,-0.1927,-0.0043,-0.1884,,
2021-12-22,-1.0,-2.0,-0.033,-0.0964,-0.0925,-0.0039,,
2021-12-23,2.0,4.0,0.0016,0.0,0.0362,-0.0362,,
2021-12-27,1.0,-2.0,0.0141,0.0,-0.0462,0.0462,,
2021-12-28,1.0,1.0,-0.033,0.0,0.0217,-0.0217,,
2021-12-29,2.0,6.0,-0.0063,0.0,-0.0086,0.0086,,
2021-12-30,-2.0,-3.0,0.0722,-0.1933,-0.0665,-0.1268,,
2021-12-31,-1.0,0.0,0.0,0.0,0.0535,-0.0535,,
2022-01-03,11.0,11.0,-0.2766,0.0,0.016,-0.016,,
2022-01-04,0.0,3.0,0.2687,-0.3223,-0.1821,-0.1401,,
2022-01-05,6.0,5.0,-0.1272,0.0,-0.0216,0.0216,,
2022-01-06,4.0,2.0,0.2856,-0.49,-0.0853,-0.4047,,
2022-01-07,3.0,3.0,-0.0831,-0.0983,-0.0404,-0.0578,,
2022-01-10,3.0,2.0,-0.0204,-0.2954,-0.0433,-0.2521,,
2022-01-11,-2.0,-3.0,-0.0329,0.0,-0.0332,0.0332,,
2022-01-12,-1.0,-1.0,-0.2435,0.0,0.0535,-0.0535,,
2022-01-13,-3.0,-4.0,0.0236,-0.0987,0.0261,-0.1247,,
2022-01-14,8.0,8.0,-0.1117,-0.3956,0.0709,-0.4665,,
2022-01-18,10.0,9.0,0.0016,-0.5964,-0.1301,-0.4663,,
2022-01-19,-3.0,-4.0,-0.1229,-0.2996,-0.1547,-0.1449,,
2022-01-20,0.0,0.0,-0.0646,0.1998,0.0709,0.1289,,
2022-01-21,-8.0,-8.0,-0.0331,0.0998,0.0087,0.091,,
2022-01-24,-1.0,0.0,-0.1279,0.1992,0.1475,0.0517,,
2022-01-25,3.0,3.0,-0.0743,0.0,0.016,-0.016,,
2022-01-26,10.0,7.0,-0.0807,0.0,-0.0433,0.0433,,
2022-01-27,0.0,-4.0,0.7424,-0.3988,-0.1344,-0.2644,,
2022-01-28,-5.0,-3.0,-0.1131,0.0,0.0492,-0.0492,,
2022-01-31,1.0,1.0,0.0079,0.0,0.0752,-0.0752,,
2022-02-01,1.0,2.0,0.0,0.0,-0.0086,0.0086,,
2022-02-02,-3.0,-3.0,0.0,0.0,-0.0187,0.0187,,
2022-02-03,6.0,4.0,0.0,0.0,0.0608,-0.0608,,
2022-02-04,12.0,11.0,0.0,0.0,-0.0751,0.0751,,
2022-02-07,-2.0,-1.0,0.0,-0.8024,-0.1894,-0.613,,
2022-02-08,5.0,4.0,0.0786,0.0,0.0333,-0.0333,,
2022-02-09,1.0,-2.0,-0.0644,0.0,-0.0679,0.0679,,
2022-02-10,14.0,9.0,-0.1463,0.0,0.0217,-0.0217,,
2022-02-11,-12.0,-11.0,0.022,-0.4036,-0.1836,-0.2201,,
2022-02-14,6.0,6.0,0.0425,0.0,0.2068,-0.2068,,
2022-02-15,4.0,7.0,-0.2867,-0.1012,-0.0954,-0.0058,,
2022-02-16,-4.0,-2.0,-0.03,-0.1013,-0.091,-0.0102,,
2022-02-17,-5.0,-6.0,0.0237,0.0,0.0579,-0.0579,,
2022-02-18,-3.0,-5.0,-0.2053,0.0,0.1056,-0.1056,,
2022-02-22,3.0,2.0,0.0142,0.3035,0.081,0.2225,,
2022-02-23,4.0,5.0,-0.1994,-0.3035,-0.0332,-0.2703,,
2022-02-24,-5.0,-3.0,0.2357,-0.2028,-0.0708,-0.132,,
2022-02-25,2.0,1.0,-0.1803,-0.1016,0.0752,-0.1768,,
2022-02-28,-15.0,-14.0,-0.1347,0.0,-0.0159,0.0159,,
2022-03-01,-15.0,-11.0,0.0507,0.1016,0.2589,-0.1573,,
2022-03-02,18.0,14.0,0.1488,0.3041,0.2285,0.0756,,
2022-03-03,0.0,0.0,-0.0237,-0.5074,-0.2631,-0.2442,,
2022-03-04,-9.0,-12.0,-0.0111,0.0,0.0087,-0.0087,,
2022-03-07,6.0,4.0,0.0095,0.1017,0.1952,-0.0935,,
2022-03-08,9.0,8.0,-0.0253,-0.6117,-0.0751,-0.5365,,
2022-03-09,7.0,8.0,-0.0063,-0.4098,-0.1373,-0.2725,,
2022-03-10,5.0,4.0,0.0601,-0.1027,-0.1229,0.0201,,
2022-03-11,4.0,2.0,0.2796,-0.5152,-0.0679,-0.4473,,
2022-03-14,14.0,14.0,0.403,0.0,-0.0404,0.0404,,
2022-03-15,0.0,1.0,0.0801,-1.4568,-0.2342,-1.2226,,
2022-03-16,8.0,4.0,-0.2924,-0.6309,-0.0014,-0.6295,,
2022-03-17,-1.0,1.0,-0.0803,0.8403,-0.0896,0.9299,,
2022-03-18,-3.0,-6.0,0.2361,0.3133,0.0058,0.3075,,
2022-03-21,19.0,18.0,-0.0897,0.1042,0.0911,0.0131,,
2022-03-22,6.0,6.0,0.1698,-0.313,-0.3108,-0.0022,,
2022-03-23,-5.0,-6.0,0.0942,-0.1045,-0.0954,-0.0092,,
2022-03-24,3.0,2.0,-0.0785,0.1045,0.1056,-0.001,,
2022-03-25,18.0,14.0,-0.0188,0.0,-0.0332,0.0332,,
2022-03-28,-1.0,-2.0,0.0879,-0.8395,-0.2631,-0.5763,,
2022-03-29,-5.0,-5.0,-0.1241,0.4206,0.0362,0.3844,,
2022-03-30,-5.0,-6.0,-0.2596,0.7319,0.0955,0.6364,,
2022-03-31,-2.0,-3.0,-0.1214,0.312,0.1056,0.2064,,
2022-04-01,13.0,7.0,0.3653,0.0022,0.0535,-0.0514,,
2022-04-04,1.0,3.0,-0.0094,0.0,-0.1561,0.1561,,
2022-04-05,13.0,12.0,0.0,0.0,-0.0289,0.0289,,
2022-04-06,1.0,7.0,-0.0456,-0.6296,-0.2067,-0.4229,,
2022-04-07,0.0,5.0,0.0157,0.0,-0.0694,0.0694,,
2022-04-08,6.0,6.0,0.0676,0.0,-0.0419,0.0419,,
2022-04-11,3.0,7.0,0.077,-0.6336,-0.0954,-0.5382,,
2022-04-12,-13.0,-7.0,-0.0644,-0.4247,-0.0838,-0.3408,,
2022-04-13,0.0,-2.0,0.0424,0.0,0.1736,-0.1736,,
2022-04-14,13.0,13.0,0.1522,0.3187,0.029,0.2897,,
2022-04-18,0.0,2.0,-0.2276,0.0,-0.2168,0.2168,,
2022-04-19,12.0,8.0,0.4704,-0.4251,-0.0115,-0.4135,,
2022-04-20,-4.0,-8.0,0.4028,-0.5339,-0.159,-0.3749,,
2022-04-21,9.0,5.0,0.4849,0.0,0.1186,-0.1186,,
2022-04-22,-2.0,0.0,0.7876,-0.1071,-0.107,-0.0002,,
2022-04-25,-10.0,-9.0,0.8806,0.0,0.0232,-0.0232,,
2022-04-26,-5.0,-4.0,-0.0503,0.0,0.1721,-0.1721,,
2022-04-27,2.0,5.0,0.0656,0.0,0.0854,-0.0854,,
2022-04-28,5.0,3.0,0.983,0.0,-0.0563,0.0563,,
2022-04-29,6.0,4.0,-0.2464,-0.1073,-0.0578,-0.0495,,
2022-05-02,9.0,10.0,-0.0015,0.0,-0.0751,0.0751,,
2022-05-03,0.0,-2.0,0.0,-0.7539,-0.1576,-0.5964,,
2022-05-04,-8.0,-4.0,0.0,0.0,0.029,-0.029,,
2022-05-05,8.0,12.0,0.6877,0.0,0.107,-0.107,,
2022-05-06,5.0,7.0,0.1742,0.0,-0.1706,0.1706,,
2022-05-09,-11.0,-7.0,0.9616,0.0,-0.0983,0.0983,,
2022-05-10,-4.0,-6.0,0.0713,-0.4334,0.1591,-0.5925,,
2022-05-11,-2.0,-8.0,-0.2334,0.0,0.0984,-0.0984,,
2022-05-12,-8.0,-7.0,0.9982,0.2169,0.1041,0.1128,,
2022-05-13,8.0,9.0,0.0295,0.0,0.1374,-0.1374,,
2022-05-16,-6.0,-5.0,-0.0413,0.0,-0.1402,0.1402,,
2022-05-17,13.0,10.0,-0.7263,0.0,0.1027,-0.1027,,
2022-05-18,-7.0,-9.0,0.2654,-0.2169,-0.1865,-0.0305,,
2022-05-19,-5.0,-5.0,-0.6402,0.0,0.1504,-0.1504,,
2022-05-20,-4.0,-6.0,-0.2805,0.4334,0.0955,0.3379,,
2022-05-23,8.0,8.0,-0.6461,0.0,0.0984,-0.0984,,
2022-05-24,-12.0,-10.0,0.0601,0.108,-0.1301,0.2381,,
2022-05-25,-5.0,-1.0,0.5785,0.3234,0.1967,0.1268,,
2022-05-26,-1.0,0.0,0.691,0.4297,0.055,0.3747,,
2022-05-27,1.0,-1.0,-0.5954,0.5345,0.016,0.5185,,
2022-05-31,10.0,11.0,-0.3964,0.0,0.0116,-0.0116,,
2022-06-01,13.0,9.0,0.2141,-0.1067,-0.1749,0.0682,,
2022-06-02,-2.0,-2.0,-0.3926,-0.2137,-0.1764,-0.0373,,
2022-06-03,3.0,4.0,-0.0015,0.0,0.0434,-0.0434,,
2022-06-06,8.0,8.0,-0.0916,-0.107,-0.0535,-0.0536,,
2022-06-07,-4.0,-6.0,0.2117,-0.2144,-0.1301,-0.0843,,
2022-06-08,4.0,5.0,0.2247,0.0,0.0984,-0.0984,,
2022-06-09,4.0,1.0,0.1346,0.0,-0.0708,0.0708,,
2022-06-10,18.0,11.0,0.2478,0.0,-0.0303,0.0303,,
2022-06-13,31.0,28.0,0.6671,-1.8409,-0.2328,-1.6081,,
2022-06-14,5.0,6.0,-0.2001,-0.4381,-0.4988,0.0607,,
2022-06-15,-23.0,-16.0,-0.397,-0.3298,-0.0882,-0.2417,,
2022-06-16,-3.0,-5.0,-0.1461,0.0,0.3369,-0.3369,,
2022-06-17,-1.0,-3.0,0.1938,0.3298,0.081,0.2488,,
2022-06-21,4.0,6.0,-0.4178,0.0,0.0463,-0.0463,,
2022-06-22,-16.0,-15.0,0.1539,0.0,-0.0809,0.0809,,
2022-06-23,-8.0,-7.0,-0.0045,0.4381,0.2762,0.1619,,
2022-06-24,4.0,4.0,-0.1524,0.1092,0.1374,-0.0282,,
2022-06-27,6.0,7.0,0.0314,0.0,-0.0607,0.0607,,
2022-06-28,1.0,0.0,0.2553,0.0,-0.1055,0.1055,,
2022-06-29,-10.0,-10.0,-0.1089,0.0,0.0015,-0.0015,,
2022-06-30,-14.0,-12.0,-0.0239,0.0,0.1822,-0.1822,,
2022-07-01,-13.0,-10.0,0.0284,0.0,0.2314,-0.2314,,
2022-07-05,-6.0,-6.0,0.2862,0.327,0.2039,0.1231,,
2022-07-06,14.0,11.0,-0.1817,0.001,0.1128,-0.1119,,
2022-07-07,9.0,8.0,-0.097,-0.1097,-0.2038,0.0941,,
2022-07-08,8.0,8.0,-0.0896,-0.2198,-0.1373,-0.0825,,
2022-07-11,-8.0,-10.0,0.343,-0.2203,-0.1301,-0.0902,,
2022-07-12,-4.0,-3.0,0.0878,0.0,0.1678,-0.1678,,
2022-07-13,1.0,-5.0,-0.0878,0.0,0.068,-0.068,,
2022-07-14,4.0,5.0,0.5448,0.0,0.0521,-0.0521,,
2022-07-15,-1.0,-3.0,0.034,0.0,-0.0708,0.0708,,
2022-07-18,1.0,3.0,-0.2148,-0.1103,0.0463,-0.1566,,
2022-07-19,8.0,5.0,0.0148,-0.1104,-0.0289,-0.0816,,
2022-07-20,4.0,3.0,0.163,-0.1106,-0.0997,-0.0108,,
2022-07-21,-18.0,-13.0,0.1701,-0.2215,-0.0506,-0.1709,,
2022-07-22,-13.0,-14.0,-0.2294,0.5528,0.2704,0.2823,,
2022-07-25,2.0,4.0,-0.0015,0.4401,0.2444,0.1957,,
2022-07-26,0.0,0.0,0.1732,0.1097,-0.0462,0.1559,,
2022-07-27,-7.0,-3.0,-0.0681,0.0,0.0087,-0.0087,,
2022-07-28,-13.0,-10.0,-0.1555,0.1096,0.0897,0.0199,,
2022-07-29,1.0,-1.0,-0.0474,0.5461,0.2039,0.3422,,
2022-08-01,-4.0,-7.0,0.3568,0.1089,0.0116,0.0973,,
2022-08-02,19.0,15.0,-0.2589,0.5426,0.1085,0.4341,,
2022-08-03,1.0,-2.0,0.0977,-0.5426,-0.2805,-0.2621,,
2022-08-04,-10.0,-5.0,-0.1185,0.0,0.0217,-0.0217,,
2022-08-05,21.0,15.0,0.1806,0.0,0.1316,-0.1316,,
2022-08-08,-6.0,-6.0,-0.151,-0.2179,-0.2949,0.0771,,
2022-08-09,6.0,3.0,0.0296,0.0,0.1128,-0.1128,,
2022-08-10,-4.0,-2.0,-0.4378,0.0,-0.065,0.065,,
2022-08-11,5.0,9.0,0.3193,0.0,0.0579,-0.0579,,
2022-08-12,-1.0,-3.0,-0.0297,0.0,-0.1185,0.1185,,
2022-08-15,-6.0,-5.0,0.4292,0.0,0.0463,-0.0463,,
2022-08-16,4.0,3.0,0.236,0.2179,0.1027,0.1152,,
2022-08-17,9.0,7.0,-0.1032,0.4343,-0.0506,0.4849,,
2022-08-18,-2.0,-1.0,0.0737,-0.3255,-0.1272,-0.1983,,
2022-08-19,9.0,10.0,0.4543,0.0,0.0333,-0.0333,,
2022-08-22,6.0,5.0,0.4567,-0.4358,-0.1576,-0.2782,,
2022-08-23,1.0,2.0,0.0,-0.328,-0.0853,-0.2428,,
2022-08-24,2.0,6.0,0.1532,0.0,-0.0187,0.0187,,
2022-08-25,-5.0,-8.0,-0.1518,0.0,-0.0665,0.0665,,
2022-08-26,5.0,1.0,0.347,0.0,0.1258,-0.1258,,
2022-08-29,7.0,8.0,0.511,0.0,-0.0376,0.0376,,
2022-08-30,0.0,-1.0,0.0478,0.0,-0.1229,0.1229,,
2022-08-31,3.0,4.0,-0.3044,0.0,0.0188,-0.0188,,
2022-09-01,9.0,11.0,0.2552,-0.2193,-0.0535,-0.1658,,
2022-09-02,-9.0,-6.0,-0.1173,-0.2198,-0.1677,-0.0521,,
2022-09-06,13.0,13.0,0.7898,0.0,0.1345,-0.1345,,
2022-09-07,-6.0,-6.0,0.1696,-0.441,-0.2168,-0.2242,,
2022-09-08,2.0,2.0,-0.1264,0.0,0.1128,-0.1128,,
2022-09-09,6.0,4.0,-0.464,0.0,-0.026,0.026,,
2022-09-12,2.0,4.0,0.0361,0.0,-0.0751,0.0751,,
2022-09-13,11.0,5.0,-0.0289,0.0,-0.0462,0.0462,,
2022-09-14,2.0,-1.0,0.5286,-0.2212,-0.1214,-0.0998,,
2022-09-15,6.0,4.0,0.4615,-0.1108,0.0044,-0.1152,,
2022-09-16,-4.0,0.0,-0.1932,-0.1109,-0.0751,-0.0358,,
2022-09-19,7.0,4.0,0.359,-0.111,0.0376,-0.1487,,
2022-09-20,6.0,8.0,0.1797,-0.1112,-0.0824,-0.0288,,
2022-09-21,-1.0,-6.0,0.4308,-0.2227,-0.1156,-0.1071,,
2022-09-22,17.0,19.0,0.4149,0.0,0.0767,-0.0767,,
2022-09-23,5.0,-1.0,0.6956,-0.7835,-0.3065,-0.477,,
2022-09-26,19.0,19.0,0.1654,-0.5634,-0.0173,-0.5461,,
2022-09-27,6.0,9.0,0.5253,-0.453,-0.3209,-0.1321,,
2022-09-28,-29.0,-25.0,0.32,-1.0268,-0.1257,-0.9011,,
2022-09-29,6.0,4.0,-1.1091,0.2291,0.4714,-0.2423,,
2022-09-30,8.0,7.0,-0.0857,0.0,-0.0751,0.0751,,
2022-10-03,-16.0,-16.0,-0.045,0.0,-0.12,0.12,,
2022-10-04,-6.0,-5.0,0.0,0.0,0.2863,-0.2863,,
2022-10-05,12.0,14.0,0.0,0.4566,0.1027,0.3539,,
2022-10-06,9.0,7.0,0.0,0.0007,-0.2197,0.2205,,
2022-10-07,9.0,6.0,0.0,0.0,-0.1272,0.1272,,
2022-10-11,0.0,4.0,0.751,-0.8069,-0.1171,-0.6898,,
2022-10-12,-2.0,-2.0,0.113,0.0,-0.0318,0.0318,,
2022-10-13,9.0,6.0,-0.0279,-0.1158,0.0434,-0.1592,,
2022-10-14,4.0,3.0,0.2716,-1.2828,-0.1171,-1.1657,,
2022-10-17,-1.0,2.0,0.0709,0.0,-0.0506,0.0506,,
2022-10-18,-3.0,-1.0,0.0764,0.0,-0.0043,0.0043,,
2022-10-19,14.0,13.0,0.3867,0.0,0.0405,-0.0405,,
2022-10-20,10.0,10.0,-0.2091,-0.1174,-0.2241,0.1066,,
2022-10-21,-11.0,-3.0,0.3736,-0.5893,-0.1648,-0.4245,,
2022-10-24,2.0,4.0,0.3172,0.0,0.1186,-0.1186,,
2022-10-25,-11.0,-15.0,0.0812,-0.2367,-0.0462,-0.1905,,
2022-10-26,-5.0,-6.0,-1.3546,0.0,0.2401,-0.2401,,
2022-10-27,-11.0,-8.0,0.735,0.0,0.1056,-0.1056,,
2022-10-28,10.0,6.0,0.3593,0.0,0.1692,-0.1692,,
2022-10-31,8.0,8.0,0.7544,0.0,-0.1243,0.1243,,
2022-11-01,0.0,-3.0,-0.4363,0.0,-0.1301,0.1301,,
2022-11-02,3.0,3.0,0.2198,0.0,0.0391,-0.0391,,
2022-11-03,6.0,4.0,0.1508,0.0,-0.0433,0.0433,,
2022-11-04,-3.0,3.0,-0.0055,-0.1186,-0.0751,-0.0434,,
2022-11-07,6.0,5.0,-1.0051,0.0,0.0001,-0.0001,,
2022-11-08,-8.0,-8.0,0.3026,0.0,-0.0853,0.0853,,
2022-11-09,-4.0,-2.0,-0.116,0.0,0.1475,-0.1475,,
2022-11-10,-32.0,-30.0,-0.7779,0.0,0.0579,-0.0579,,
2022-11-14,5.0,6.0,-1.5854,1.7637,0.5437,1.22,,
2022-11-15,-7.0,-8.0,-0.3826,0.0,-0.0882,0.0882,,
2022-11-16,-10.0,-13.0,0.7411,0.3491,0.1403,0.2088,,
2022-11-17,10.0,10.0,0.8238,0.6944,0.2126,0.4818,,
2022-11-18,6.0,5.0,-0.503,0.6897,-0.1648,0.8544,,
2022-11-21,-2.0,1.0,0.6273,-0.1146,-0.0853,-0.0293,,
2022-11-22,-4.0,-7.0,-0.3524,-0.1147,0.0131,-0.1278,,
2022-11-23,-5.0,-5.0,0.2686,0.0,0.1085,-0.1085,,
2022-11-25,-3.0,-3.0,0.0866,0.2294,0.0955,0.1339,,
2022-11-28,3.0,1.0,0.6012,0.1145,0.0608,0.0537,,
2022-11-29,4.0,6.0,-0.7045,0.9112,-0.0231,0.9343,,
2022-11-30,-10.0,-7.0,-0.9674,0.0,-0.0809,0.0809,,
2022-12-01,-14.0,-15.0,-0.644,0.0,0.1519,-0.1519,,
2022-12-02,-1.0,-2.0,-0.3328,0.4525,0.2618,0.1907,,
2022-12-05,13.0,9.0,-0.8298,0.338,0.0362,0.3018,,
2022-12-06,-7.0,-9.0,0.4658,0.0,-0.1764,0.1764,,
2022-12-07,-11.0,-9.0,-0.3337,0.0,0.1504,-0.1504,,
2022-12-08,9.0,6.0,-0.0761,0.5609,0.1793,0.3815,,
2022-12-09,4.0,9.0,-0.1293,0.0,-0.1171,0.1171,,
2022-12-12,5.0,4.0,0.3072,0.0,-0.1113,0.1113,,
2022-12-13,-14.0,-10.0,-0.4928,0.0,-0.0679,0.0679,,
2022-12-14,-2.0,-2.0,0.0979,0.6689,0.2112,0.4577,,
2022-12-15,-2.0,-5.0,0.3132,0.0,0.0434,-0.0434,,
2022-12-16,-1.0,4.0,-0.0115,0.0,0.0738,-0.0738,,
2022-12-19,9.0,9.0,0.0918,0.0,-0.0245,0.0245,,
2022-12-20,9.0,12.0,-0.2468,-0.4454,-0.1474,-0.298,,
2022-12-21,-1.0,-1.0,0.3013,-0.2235,-0.1778,-0.0457,,
2022-12-22,1.0,-1.0,0.0272,0.0,0.0261,-0.0261,,
2022-12-23,7.0,8.0,0.073,0.0,0.0116,-0.0116,,
2022-12-27,8.0,9.0,-0.4015,0.0,-0.1229,0.1229,,
2022-12-28,3.0,4.0,0.2497,-0.3361,-0.1402,-0.1959,,
2022-12-29,-3.0,-5.0,-0.2138,-0.1123,-0.0535,-0.0589,,
2022-12-30,5.0,5.0,-0.9423,0.0,0.081,-0.081,,
2023-01-03,-5.0,-9.0,0.236,0.0,-0.078,0.078,,
2023-01-04,-9.0,-10.0,-0.3768,0.0039,0.136,-0.1321,,
2023-01-05,5.0,2.0,-0.109,0.0,0.175,-0.175,,
2023-01-06,-21.0,-16.0,-0.627,0.0,-0.0477,0.0477,,
2023-01-09,-3.0,-2.0,-0.9848,0.5646,0.3225,0.2421,,
2023-01-10,6.0,8.0,0.1033,0.225,0.0507,0.1743,,
2023-01-11,-6.0,-7.0,-0.1033,0.0,-0.1156,0.1156,,
2023-01-12,-13.0,-11.0,-0.4961,0.8949,0.1229,0.7719,,
2023-01-13,7.0,6.0,-0.5284,0.0,0.214,-0.214,,
2023-01-17,0.0,4.0,1.0584,-0.4464,-0.1026,-0.3438,,
2023-01-18,-17.0,-16.0,-0.2795,0.2235,-0.0318,0.2552,,
2023-01-19,5.0,2.0,0.3016,0.6674,0.2936,0.3738,,
2023-01-20,8.0,9.0,0.1284,0.0,-0.0477,0.0477,,
2023-01-23,5.0,4.0,0.109,0.0,-0.1402,0.1402,,
2023-01-24,-3.0,-6.0,0.0,0.0,-0.0679,0.0679,,
2023-01-25,-4.0,0.0,0.0,0.0,0.0911,-0.0911,,
2023-01-26,4.0,3.0,0.0,0.0,0.0376,-0.0376,,
2023-01-27,4.0,3.0,0.0,0.1108,-0.0506,0.1614,,
2023-01-30,6.0,3.0,-0.5879,0.3317,-0.0506,0.3822,,
2023-01-31,-5.0,-3.0,0.0578,-0.221,-0.065,-0.156,,
2023-02-01,-15.0,-13.0,-0.1986,0.0,0.0752,-0.0752,,
2023-02-02,1.0,1.0,-0.2079,0.0,0.2487,-0.2487,,
2023-02-03,18.0,13.0,0.6919,0.221,-0.0086,0.2296,,
2023-02-06,14.0,10.0,0.2728,0.0,-0.253,0.253,,
2023-02-07,4.0,4.0,-0.0118,-0.3317,-0.1937,-0.138,,
2023-02-08,-3.0,-4.0,-0.0295,0.0,-0.0607,0.0607,,
2023-02-09,5.0,4.0,-0.1592,0.0,0.0709,-0.0709,,
2023-02-10,6.0,7.0,0.4769,-0.2217,-0.0679,-0.1538,,
2023-02-13,0.0,-2.0,0.135,-0.4449,-0.1055,-0.3394,,
2023-02-14,7.0,5.0,0.0835,0.0,0.029,-0.029,,
2023-02-15,4.0,4.0,0.3729,0.0,-0.0925,0.0925,,
2023-02-16,2.0,5.0,0.1167,-0.1115,-0.0607,-0.0509,,
2023-02-17,-3.0,-4.0,0.1035,-0.3354,-0.0563,-0.2791,,
2023-02-21,13.0,13.0,0.0568,0.0,0.0709,-0.0709,,
2023-02-22,-3.0,-2.0,0.3023,-0.4489,-0.2168,-0.2321,,
2023-02-23,-4.0,-5.0,0.2421,0.0,0.0507,-0.0507,,
2023-02-24,10.0,7.0,0.6781,0.0,0.0882,-0.0882,,
2023-02-27,-2.0,-3.0,-0.1367,0.0,-0.1344,0.1344,,
2023-02-28,1.0,0.0,-0.1801,0.0,0.0535,-0.0535,,
2023-03-01,9.0,9.0,-0.9697,0.0,0.0015,-0.0015,,
2023-03-02,5.0,7.0,0.6765,0.0,-0.1474,0.1474,,
2023-03-03,-6.0,-11.0,-0.1071,-0.338,-0.0983,-0.2397,,
2023-03-06,1.0,1.0,0.3571,0.0,0.1634,-0.1634,,
2023-03-07,4.0,-1.0,0.4464,0.0,-0.0086,0.0086,,
2023-03-08,3.0,1.0,-0.1567,0.0,-0.0101,0.0101,,
2023-03-09,-12.0,-5.0,0.1926,0.0,-0.0231,0.0231,,
2023-03-10,-26.0,-23.0,-0.8727,0.0,0.1461,-0.1461,,
2023-03-13,-28.0,-15.0,-0.8292,0.4505,0.4295,0.021,,
2023-03-14,10.0,9.0,0.3281,0.7835,0.363,0.4205,,
2023-03-15,-19.0,-13.0,0.4721,0.0,-0.1547,0.1547,,
2023-03-16,13.0,5.0,-0.058,0.2227,0.2777,-0.0549,,
2023-03-17,-28.0,-17.0,-0.1378,0.0,-0.1359,0.1359,,
2023-03-20,12.0,8.0,-0.1453,0.2222,0.3832,-0.161,,
2023-03-21,17.0,12.0,0.0872,0.0,-0.159,0.159,,
2023-03-22,-19.0,-11.0,-0.0407,0.0,-0.2356,0.2356,,
2023-03-23,-15.0,-10.0,-0.8964,0.0,0.2574,-0.2574,,
2023-03-24,2.0,0.0,0.7117,0.2217,0.2184,0.0034,,
2023-03-27,18.0,15.0,0.2313,0.0,-0.0057,0.0057,,
2023-03-28,4.0,2.0,-0.1585,0.0,-0.2732,0.2732,,
2023-03-29,4.0,2.0,0.1991,-0.1108,-0.0404,-0.0704,,
2023-03-30,-1.0,-2.0,-0.2355,0.0,-0.0404,0.0404,,
2023-03-31,-6.0,-7.0,-0.0349,0.0,0.0362,-0.0362,,
2023-04-03,-8.0,-5.0,0.1455,0.0007,0.1229,-0.1222,,
2023-04-04,-13.0,-8.0,0.0058,0.1117,0.1172,-0.0055,,
2023-04-05,-3.0,-5.0,0.0015,0.0,0.1837,-0.1837,,
2023-04-06,1.0,0.0,-0.0451,0.6674,0.081,0.5864,,
2023-04-07,12.0,9.0,0.0,0.0,0.0015,-0.0015,,
2023-04-10,3.0,2.0,0.0829,0.0,-0.1691,0.1691,,
2023-04-11,2.0,2.0,0.0857,0.0,-0.0332,0.0332,,
2023-04-12,-8.0,-2.0,-0.1977,0.0,-0.026,0.026,,
2023-04-13,5.0,4.0,-0.0771,0.0,0.0868,-0.0868,,
2023-04-14,9.0,7.0,0.0189,0.0,-0.0679,0.0679,,
2023-04-17,9.0,8.0,0.1397,0.0,-0.1272,0.1272,,
2023-04-18,0.0,-2.0,-0.0451,0.0,-0.1373,0.1373,,
2023-04-19,2.0,2.0,0.1395,0.0,0.029,-0.029,,
2023-04-20,-8.0,-6.0,-0.1832,0.0,-0.026,0.026,,
2023-04-21,3.0,3.0,0.2833,0.0,0.1273,-0.1273,,
2023-04-24,-6.0,-5.0,0.0551,0.0,-0.0433,0.0433,,
2023-04-25,-17.0,-12.0,0.5236,0.0,0.1027,-0.1027,,
2023-04-26,3.0,3.0,-0.0851,0.0,0.2531,-0.2531,,
2023-04-27,14.0,10.0,-0.0592,0.0,-0.0433,0.0433,,
2023-04-28,-9.0,-9.0,-0.159,0.0,-0.1937,0.1937,,
2023-05-01,13.0,15.0,0.0781,0.0,0.1649,-0.1649,,
2023-05-02,-18.0,-15.0,0.0,0.0,-0.2371,0.2371,,
2023-05-03,-9.0,-6.0,0.0,0.0,0.2907,-0.2907,,
2023-05-04,-8.0,-1.0,-0.1013,0.332,0.1345,0.1975,,
2023-05-05,12.0,7.0,0.0101,0.0,0.0767,-0.0767,,
2023-05-08,8.0,8.0,0.0347,0.0,-0.1489,0.1489,,
2023-05-09,2.0,1.0,0.1099,0.0,-0.1301,0.1301,,
2023-05-10,-14.0,-10.0,0.1733,0.0,-0.0159,0.0159,,
2023-05-11,-1.0,-4.0,0.2291,0.0,0.2112,-0.2112,,
2023-05-12,9.0,7.0,0.1366,0.0,0.0564,-0.0564,,
2023-05-15,1.0,4.0,-0.0791,0.0,-0.1272,0.1272,,
2023-05-16,6.0,4.0,0.3317,0.0,-0.039,0.039,,
2023-05-17,6.0,3.0,0.3292,0.0,-0.0751,0.0751,,
2023-05-18,11.0,8.0,0.533,0.0,-0.065,0.065,,
2023-05-19,7.0,5.0,-0.4202,-0.332,-0.1518,-0.1803,,
2023-05-22,1.0,2.0,0.4145,-0.1109,-0.0925,-0.0185,,
2023-05-23,-1.0,-2.0,0.1974,-0.2222,-0.0187,-0.2035,,
2023-05-24,-1.0,3.0,0.1347,0.0,0.0362,-0.0362,,
2023-05-25,15.0,10.0,0.2688,-0.1113,-0.0144,-0.0969,,
2023-05-26,2.0,-3.0,-0.2051,0.0,-0.2009,0.2009,,
2023-05-30,-11.0,-11.0,0.2291,-0.1114,0.0246,-0.1361,,
2023-05-31,-7.0,-5.0,0.4341,0.0,0.1996,-0.1996,,
2023-06-01,-4.0,-3.0,-0.2337,0.0,0.1099,-0.1099,,
2023-06-02,14.0,8.0,-0.151,0.0,0.068,-0.068,,
2023-06-05,-2.0,0.0,0.3144,0.0,-0.1735,0.1735,,
2023-06-06,3.0,1.0,0.1969,0.0,0.0232,-0.0232,,
2023-06-07,8.0,9.0,0.1362,0.0,-0.0231,0.0231,,
2023-06-08,-6.0,-6.0,-0.25,0.0,-0.1402,0.1402,,
2023-06-09,5.0,2.0,0.2304,0.0,0.1128,-0.1128,,
2023-06-12,-3.0,-2.0,0.2298,0.0,-0.0477,0.0477,,
2023-06-13,12.0,11.0,0.207,-0.4469,0.0507,-0.4976,,
2023-06-14,5.0,-1.0,-0.1468,0.0,-0.1894,0.1894,,
2023-06-15,-15.0,-11.0,-0.2521,0.0,-0.0173,0.0173,,
2023-06-16,8.0,5.0,-0.0702,0.2237,0.2285,-0.0048,,
2023-06-20,-3.0,-3.0,0.7843,0.1117,-0.0997,0.2114,,
2023-06-21,-1.0,-2.0,-0.0446,0.0,0.0608,-0.0608,,
2023-06-22,8.0,8.0,-0.0028,0.0,0.0362,-0.0362,,
2023-06-23,-4.0,-6.0,0.0,0.0,-0.1301,0.1301,,
2023-06-26,-3.0,-2.0,0.8145,0.1115,0.0984,0.0132,,
2023-06-27,6.0,5.0,-0.2366,0.0,0.0507,-0.0507,,
2023-06-28,-5.0,-6.0,0.336,0.0,-0.0853,0.0853,,
2023-06-29,17.0,14.0,0.109,0.7773,0.1056,0.6717,,
2023-06-30,-1.0,-4.0,-0.0028,-0.4434,-0.2559,-0.1876,,
2023-07-03,6.0,5.0,-0.156,0.0,0.0564,-0.0564,,
2023-07-05,6.0,9.0,0.0897,0.0,-0.0853,0.0853,,
2023-07-06,12.0,10.0,0.0483,-0.2207,-0.1257,-0.095,,
2023-07-07,-2.0,1.0,-0.4077,-0.4499,-0.1792,-0.2707,,
2023-07-10,-10.0,-5.0,0.1522,-0.2257,0.0131,-0.2388,,
2023-07-11,-1.0,-2.0,-0.3116,0.0,0.1316,-0.1316,,
2023-07-12,-17.0,-13.0,-0.6038,0.0,0.0362,-0.0362,,
2023-07-13,-14.0,-10.0,-0.2179,0.2257,0.2632,-0.0375,,
2023-07-14,11.0,7.0,-0.1358,0.4499,0.2112,0.2388,,
2023-07-17,-2.0,-2.0,0.4304,0.0,-0.1417,0.1417,,
2023-07-18,-2.0,-1.0,0.1045,-0.1123,0.0434,-0.1557,,
2023-07-19,-2.0,-5.0,0.6581,0.1123,0.0333,0.079,,
2023-07-20,10.0,10.0,-0.693,0.0,0.0738,-0.0738,,
2023-07-21,1.0,-1.0,0.1393,0.0,-0.1648,0.1648,,
2023-07-24,4.0,2.0,-0.0083,0.0,0.0116,-0.0116,,
2023-07-25,2.0,5.0,-0.7193,0.0,-0.0404,0.0404,,
2023-07-26,-6.0,-5.0,0.2282,0.0,-0.0563,0.0563,,
2023-07-27,15.0,15.0,0.317,0.0,0.1027,-0.1027,,
2023-07-28,-6.0,-5.0,-0.3379,0.0,-0.2515,0.2515,,
2023-07-31,0.0,1.0,-0.0868,0.0,0.1027,-0.1027,,
2023-08-01,6.0,8.0,0.4874,0.0,-0.0014,0.0014,,
2023-08-02,0.0,3.0,0.2018,0.0,-0.1156,0.1156,,
2023-08-03,6.0,12.0,-0.3747,-0.1123,-0.0216,-0.0907,,
2023-08-04,-15.0,-15.0,0.0809,-0.225,-0.1561,-0.0689,,
2023-08-07,1.0,4.0,0.259,0.0,0.269,-0.269,,
2023-08-08,-6.0,-7.0,0.3679,0.0,-0.039,0.039,,
2023-08-09,2.0,-2.0,-0.104,0.0,0.1229,-0.1229,,
2023-08-10,9.0,9.0,0.1109,0.0,0.0145,-0.0145,,
2023-08-11,10.0,7.0,0.2795,0.0,-0.1474,0.1474,,
2023-08-14,5.0,3.0,0.3008,0.0,-0.1344,0.1344,,
2023-08-15,0.0,2.0,0.3191,-0.2255,-0.0578,-0.1677,,
2023-08-16,6.0,7.0,0.2304,-0.1129,-0.0115,-0.1014,,
2023-08-17,0.0,2.0,-0.1028,-0.3395,-0.1055,-0.234,,
2023-08-18,-4.0,-4.0,-0.151,-0.1135,-0.0115,-0.1019,,
2023-08-21,8.0,8.0,0.0892,-0.1136,0.0781,-0.1917,,
2023-08-22,3.0,0.0,0.0892,-0.2275,-0.1301,-0.0974,,
2023-08-23,-13.0,-15.0,-0.2183,0.0,-0.013,0.013,,
2023-08-24,3.0,4.0,0.0206,0.0,0.2545,-0.2545,,
2023-08-25,5.0,2.0,0.1428,0.0,-0.0535,0.0535,,
2023-08-28,-6.0,-5.0,0.0137,0.0,-0.0477,0.0477,,
2023-08-29,-12.0,-8.0,-0.1428,0.0,0.1027,-0.1027,,
2023-08-30,1.0,0.0,0.0591,0.2275,0.1765,0.0511,,
2023-08-31,-4.0,-3.0,-0.3535,0.227,0.0015,0.2255,,
2023-09-01,6.0,9.0,0.0331,0.0,0.068,-0.068,,
2023-09-05,8.0,9.0,0.5658,0.0,-0.1257,0.1257,148.0,
2023-09-06,7.0,3.0,0.1943,0.0,-0.1402,0.1402,147.0,-1.0
2023-09-07,-6.0,-3.0,0.1734,0.0,-0.0723,0.0723,152.0,5.0
2023-09-08,1.0,-1.0,0.1949,0.0,0.0825,-0.0825,150.0,-2.0
2023-09-11,1.0,3.0,-0.7491,0.0,0.0116,-0.0116,152.0,2.0
2023-09-12,1.0,-2.0,0.0398,0.0,-0.0289,0.0289,152.0,0.0
2023-09-13,-2.0,-2.0,-0.2898,0.0,0.0217,-0.0217,155.0,3.0
2023-09-14,3.0,4.0,0.0962,0.0,0.0434,-0.0434,150.0,-5.0
2023-09-15,3.0,4.0,-0.0357,0.0,-0.0535,0.0535,150.0,0.0
2023-09-18,1.0,-1.0,0.2348,0.0,-0.0535,0.0535,150.0,0.0
2023-09-19,5.0,5.0,0.0672,0.0,0.0116,-0.0116,147.0,-3.0
2023-09-20,1.0,-2.0,-0.1289,0.0,-0.078,0.078,146.0,-1.0
2023-09-21,9.0,14.0,0.2686,-0.227,0.0217,-0.2488,146.0,0.0
2023-09-22,-4.0,-5.0,-0.1178,-0.1137,-0.198,0.0843,150.0,4.0
2023-09-25,5.0,11.0,0.178,0.0,0.0882,-0.0882,147.0,-3.0
2023-09-26,0.0,1.0,-0.0137,-0.2278,-0.1388,-0.089,148.0,1.0
2023-09-27,5.0,5.0,0.0068,0.0,-0.0014,0.0014,144.0,-4.0
2023-09-28,-5.0,-2.0,-0.13,-0.3427,-0.078,-0.2646,152.0,8.0
2023-09-29,-2.0,0.0,-0.0685,0.0,0.0651,-0.0651,148.0,-4.0
2023-10-02,12.0,10.0,0.0,0.0,0.0232,-0.0232,147.0,-1.0
2023-10-03,8.0,12.0,0.0,-0.1145,-0.1792,0.0648,145.0,-2.0
2023-10-04,-8.0,-8.0,0.0,-0.9206,-0.1706,-0.75,157.0,12.0
2023-10-05,-4.0,-1.0,0.0,0.0027,0.1475,-0.1449,155.0,-2.0
2023-10-06,7.0,6.0,0.0,0.0,0.0478,-0.0478,151.0,-4.0
2023-10-10,-13.0,-12.0,-0.0164,0.1165,-0.1026,0.2191,160.0,9.0
2023-10-11,-3.0,-8.0,0.0603,0.4645,0.2242,0.2404,157.0,-3.0
2023-10-12,10.0,12.0,0.037,0.1158,0.1114,0.0044,150.0,-7.0
2023-10-13,-4.0,-7.0,0.0411,-0.3478,-0.185,-0.1628,156.0,6.0
2023-10-16,7.0,8.0,0.0766,0.0,0.1085,-0.1085,154.0,-2.0
2023-10-17,14.0,12.0,0.0,0.0,-0.1229,0.1229,148.0,-6.0
2023-10-18,6.0,8.0,0.0766,0.0,-0.214,0.214,151.0,3.0
2023-10-19,3.0,7.0,-0.0479,-0.2325,-0.1156,-0.1169,155.0,4.0
2023-10-20,-9.0,-5.0,0.0396,-0.1165,-0.0838,-0.0327,159.0,4.0
2023-10-23,-5.0,-7.0,0.0041,0.0,0.1244,-0.1244,164.0,5.0
2023-10-24,1.0,-3.0,-0.093,0.0,0.1157,-0.1157,159.0,-5.0
2023-10-25,7.0,12.0,0.1026,0.0,0.0319,-0.0319,153.0,-6.0
2023-10-26,-10.0,-9.0,-0.0205,0.0,-0.1633,0.1633,163.0,10.0
2023-10-27,-3.0,-2.0,0.0287,0.0,0.1721,-0.1721,162.0,-1.0
2023-10-30,4.0,4.0,-0.0519,0.0,0.0507,-0.0507,159.0,-3.0
2023-10-31,2.0,0.0,0.0451,0.0,-0.0607,0.0607,153.0,-6.0
2023-11-01,-15.0,-11.0,0.0123,0.0,-0.0057,0.0057,164.0,11.0
2023-11-02,-2.0,-10.0,-0.0205,0.349,0.2285,0.1205,157.0,-7.0
2023-11-03,-16.0,-10.0,-0.2121,0.4635,0.1244,0.3391,162.0,5.0
2023-11-06,11.0,10.0,-0.4255,0.4614,0.2256,0.2357,152.0,-10.0
2023-11-07,-7.0,-9.0,0.1279,0.0,-0.172,0.172,157.0,5.0
2023-11-08,-2.0,-9.0,0.0165,0.115,0.1504,-0.0354,156.0,-1.0
2023-11-09,14.0,13.0,0.0481,0.2296,0.1143,0.1154,147.0,-9.0
2023-11-10,0.0,-1.0,0.0,0.0,-0.2241,0.2241,150.0,3.0
2023-11-13,1.0,2.0,0.0755,0.0,0.0188,-0.0188,153.0,3.0
2023-11-14,-24.0,-19.0,-0.4951,0.0,-0.0187,0.0187,162.0,9.0
2023-11-15,10.0,9.0,-0.0883,0.5718,0.3745,0.1972,147.0,-15.0
2023-11-16,-9.0,-8.0,-0.069,0.0,-0.1547,0.1547,153.0,6.0
2023-11-17,2.0,-1.0,-0.4096,0.0,0.1548,-0.1548,149.0,-4.0
2023-11-20,-1.0,-2.0,-0.612,0.1139,0.0044,0.1096,151.0,2.0
2023-11-21,-3.0,-1.0,-0.4586,0.2275,0.0362,0.1914,148.0,-3.0
2023-11-22,3.0,1.0,0.2771,0.227,0.0405,0.1865,145.0,-3.0
2023-11-24,5.0,5.0,-0.0867,0.0,-0.0231,0.0231,142.0,-3.0
2023-11-27,-11.0,-8.0,0.0559,0.0,-0.078,0.078,148.0,6.0
2023-11-28,-9.0,-5.0,-0.2071,0.0,0.1692,-0.1692,151.0,3.0
2023-11-29,-7.0,-7.0,-0.1121,0.678,0.1244,0.5536,147.0,-4.0
2023-11-30,9.0,10.0,0.0841,0.225,0.1302,0.0948,138.0,-9.0
2023-12-01,-17.0,-15.0,0.0364,0.0,-0.1576,0.1576,148.0,10.0
2023-12-04,9.0,6.0,0.0532,0.3365,0.2834,0.0531,141.0,-7.0
2023-12-05,-9.0,-10.0,0.028,0.0,-0.1171,0.1171,144.0,3.0
2023-12-06,-2.0,-6.0,0.1902,0.3354,0.175,0.1604,143.0,-1.0
2023-12-07,-1.0,2.0,-0.0908,0.4454,0.0839,0.3615,141.0,-2.0
2023-12-08,13.0,9.0,0.1816,0.0,-0.0043,0.0043,135.0,-6.0
2023-12-11,1.0,0.0,0.1674,0.0,-0.1764,0.1764,139.0,4.0
2023-12-12,-2.0,-3.0,-0.0139,0.0,0.0015,-0.0015,138.0,-1.0
2023-12-13,-23.0,-16.0,-0.0418,0.0,0.0535,-0.0535,153.0,15.0
2023-12-14,-10.0,-12.0,-0.8921,0.885,0.3369,0.548,140.0,-13.0
2023-12-15,1.0,-1.0,0.1279,0.4396,0.2025,0.2371,137.0,-3.0
2023-12-18,3.0,4.0,0.1656,0.1096,0.0116,0.098,136.0,-1.0
2023-12-19,0.0,-2.0,-0.014,0.0,-0.0535,0.0535,137.0,1.0
2023-12-20,-8.0,-7.0,0.0953,0.0,0.029,-0.029,139.0,2.0
2023-12-21,1.0,3.0,0.0364,0.2188,0.1374,0.0814,138.0,-1.0
2023-12-22,0.0,1.0,-0.0925,0.0,-0.0289,0.0289,137.0,-1.0
2023-12-26,2.0,-1.0,0.1639,0.0,-0.0014,0.0014,137.0,0.0
2023-12-27,-11.0,-10.0,-0.0378,0.0,0.0044,-0.0044,143.0,6.0
2023-12-28,5.0,5.0,-0.4773,0.1092,0.1895,-0.0802,137.0,-6.0
2023-12-29,1.0,4.0,-0.0929,0.2181,-0.078,0.2961,136.0,-1.0
2024-01-02,9.0,7.0,0.5996,0.0,-0.039,0.039,133.0,-3.0
2024-01-03,-3.0,-4.0,0.0994,0.0049,-0.1272,0.1321,138.0,5.0
2024-01-04,7.0,8.0,0.1286,0.0,0.0709,-0.0709,132.0,-6.0
2024-01-05,5.0,6.0,-0.1944,-0.1098,-0.1229,0.013,135.0,3.0
2024-01-08,-5.0,-4.0,0.1259,-0.22,-0.0882,-0.1319,139.0,4.0
2024-01-09,0.0,1.0,0.1885,0.0,0.0854,-0.0854,138.0,-1.0
2024-01-10,2.0,2.0,0.0502,0.0,-0.0014,0.0014,135.0,-3.0
2024-01-11,-9.0,-6.0,-0.0572,0.0,-0.026,0.026,139.0,4.0
2024-01-12,-6.0,-2.0,-0.007,0.0,0.1345,-0.1345,140.0,1.0
2024-01-16,11.0,11.0,0.2912,0.0,0.0723,-0.0723,133.0,-7.0
2024-01-17,7.0,3.0,0.1196,0.0,-0.1821,0.1821,131.0,-2.0
2024-01-18,2.0,4.0,0.0014,0.0,-0.0723,0.0723,131.0,0.0
2024-01-19,4.0,1.0,-0.0417,-0.2205,-0.0462,-0.1743,131.0,0.0
2024-01-22,-5.0,-4.0,-0.0153,0.0,-0.0303,0.0303,134.0,3.0
2024-01-23,3.0,3.0,-0.2785,0.0,0.0854,-0.0854,133.0,-1.0
2024-01-24,0.0,4.0,-0.1954,0.0,-0.0433,0.0433,128.0,-5.0
2024-01-25,-5.0,-4.0,0.1536,0.0,-0.0318,0.0318,134.0,6.0
2024-01-26,3.0,1.0,0.1018,0.0,0.0854,-0.0854,129.0,-5.0
2024-01-29,-7.0,-7.0,0.0488,0.0,-0.0231,0.0231,134.0,5.0
2024-01-30,3.0,-2.0,-0.0599,0.0,0.1302,-0.1302,131.0,-3.0
2024-01-31,-9.0,-7.0,-0.1143,0.0,0.0073,-0.0073,138.0,7.0
2024-02-01,-11.0,-12.0,0.1756,0.2205,0.1446,0.0759,138.0,0.0
2024-02-02,19.0,16.0,0.1684,0.22,0.2097,0.0103,126.0,-12.0
2024-02-05,14.0,14.0,0.0862,0.0,-0.2906,0.2906,126.0,0.0
2024-02-06,-10.0,-8.0,-0.1029,0.0,-0.2342,0.2342,131.0,5.0
2024-02-07,3.0,0.0,0.0487,-0.7722,0.162,-0.9342,127.0,-4.0
2024-02-08,6.0,6.0,0.0306,0.1107,-0.013,0.1236,124.0,-3.0
2024-02-09,2.0,2.0,-0.05,0.0,-0.0954,0.0954,125.0,1.0
2024-02-12,-1.0,0.0,-0.0014,0.0,-0.026,0.026,125.0,0.0
2024-02-13,18.0,14.0,0.0,0.0,0.016,-0.016,115.0,-10.0
2024-02-14,-6.0,-4.0,0.0,0.0,-0.2631,0.2631,123.0,8.0
2024-02-15,-3.0,-3.0,0.0,0.0,0.0926,-0.0926,121.0,-2.0
2024-02-16,7.0,6.0,0.0,0.0,0.0608,-0.0608,119.0,-2.0
2024-02-20,-4.0,-3.0,-0.032,0.0,-0.1026,0.1026,121.0,2.0
2024-02-21,5.0,5.0,-0.0195,0.0,0.068,-0.068,117.0,-4.0
2024-02-22,3.0,1.0,0.0737,0.0,-0.078,0.078,117.0,0.0
2024-02-23,-5.0,-7.0,0.0361,0.0,-0.0231,0.0231,121.0,4.0
2024-02-26,1.0,2.0,0.0028,0.0,0.1157,-0.1157,117.0,-4.0
2024-02-27,3.0,3.0,0.0069,0.0,-0.0187,0.0187,117.0,0.0
2024-02-28,-6.0,-4.0,-0.0014,0.0,-0.0433,0.0433,120.0,3.0
2024-02-29,0.0,-2.0,0.0014,0.0,0.0926,-0.0926,120.0,0.0
2024-03-01,-9.0,-6.0,-0.0236,0.0,0.029,-0.029,124.0,4.0
2024-03-04,4.0,3.0,0.0375,0.221,0.1345,0.0865,119.0,-5.0
2024-03-05,-8.0,-9.0,-0.0306,0.0,-0.0506,0.0506,123.0,4.0
2024-03-06,-1.0,-2.0,0.0167,0.0,0.1576,-0.1576,124.0,1.0
2024-03-07,-5.0,-2.0,-0.0723,0.2205,0.0362,0.1843,124.0,0.0
2024-03-08,-1.0,0.0,-0.0974,0.1101,0.0651,0.045,123.0,-1.0
2024-03-11,2.0,1.0,-0.0487,0.11,0.016,0.094,120.0,-3.0
2024-03-12,7.0,6.0,-0.0223,0.0,-0.0159,0.0159,117.0,-3.0
2024-03-13,4.0,3.0,0.0988,0.0,-0.1026,0.1026,116.0,-1.0
2024-03-14,10.0,10.0,0.0793,0.0,-0.0506,0.0506,112.0,-4.0
2024-03-15,4.0,2.0,0.0292,0.0,-0.1648,0.1648,112.0,0.0
2024-03-18,3.0,3.0,0.0389,0.0,-0.0404,0.0404,113.0,1.0
2024-03-19,-5.0,-4.0,0.0139,0.0,-0.0433,0.0433,114.0,1.0
2024-03-20,-6.0,-3.0,0.0014,0.0,0.0854,-0.0854,115.0,1.0
2024-03-21,1.0,0.0,0.0014,0.0,0.0825,-0.0825,113.0,-2.0
2024-03-22,-6.0,-5.0,0.4103,0.0,0.0015,-0.0015,115.0,2.0
2024-03-25,3.0,3.0,-0.259,0.6572,0.1027,0.5545,113.0,-2.0
2024-03-26,-1.0,-1.0,0.1026,-0.1092,-0.0433,-0.0659,114.0,1.0
2024-03-27,-4.0,-4.0,0.1302,0.0,0.0261,-0.0261,115.0,1.0
2024-03-28,3.0,0.0,-0.0111,0.0,0.0781,-0.0781,114.0,-1.0
2024-04-01,13.0,13.0,0.0636,0.0,-0.013,0.013,109.0,-5.0
2024-04-02,1.0,3.0,0.0166,-0.1093,-0.2168,0.1075,110.0,1.0
2024-04-03,-1.0,0.0,0.0138,-0.3286,-0.0289,-0.2997,111.0,1.0
2024-04-04,-4.0,-5.0,0.0124,0.0,0.016,-0.016,112.0,1.0
2024-04-05,8.0,8.0,0.0,0.0,0.0882,-0.0882,109.0,-3.0
2024-04-08,5.0,3.0,-0.047,0.0,-0.1301,0.1301,108.0,-1.0
2024-04-09,-6.0,-6.0,0.0152,-0.1107,-0.0578,-0.0529,109.0,1.0
2024-04-10,24.0,19.0,0.0346,0.0,0.1128,-0.1128,103.0,-6.0
2024-04-11,0.0,1.0,0.0442,-0.4439,-0.3571,-0.0868,105.0,2.0
2024-04-12,-7.0,-6.0,0.0014,-0.1113,-0.0014,-0.1099,107.0,2.0
2024-04-15,11.0,13.0,0.0111,0.0,0.1201,-0.1201,106.0,-1.0
2024-04-16,4.0,4.0,0.0014,-0.1114,-0.2024,0.091,106.0,0.0
2024-04-17,-7.0,-8.0,0.0083,-0.2232,-0.0607,-0.1625,109.0,3.0
2024-04-18,6.0,5.0,-0.0097,0.0,0.1403,-0.1403,106.0,-3.0
2024-04-19,-2.0,-2.0,0.029,0.0,-0.0853,0.0853,107.0,1.0
2024-04-22,0.0,0.0,0.0,0.0,0.0434,-0.0434,108.0,1.0
2024-04-23,-3.0,-1.0,0.058,0.0,0.0087,-0.0087,108.0,0.0
2024-04-24,1.0,4.0,0.0207,0.0,0.0405,-0.0405,108.0,0.0
2024-04-25,6.0,5.0,0.0,0.0,-0.039,0.039,106.0,-2.0
2024-04-26,-2.0,-3.0,0.0055,0.0,-0.0853,0.0853,107.0,1.0
2024-04-29,-3.0,-4.0,-0.2017,0.0,0.0535,-0.0535,107.0,0.0
2024-04-30,7.0,6.0,0.1147,0.0,0.0709,-0.0709,106.0,-1.0
2024-05-01,-8.0,-6.0,0.0055,0.0,-0.1026,0.1026,109.0,3.0
2024-05-02,-7.0,-5.0,0.0,0.0,0.1273,-0.1273,110.0,1.0
2024-05-03,-9.0,-8.0,0.0,0.0,0.1099,-0.1099,110.0,0.0
2024-05-06,0.0,-1.0,-0.4624,0.1117,0.1548,-0.0431,108.0,-2.0
2024-05-07,0.0,-2.0,0.1581,0.223,0.0188,0.2041,108.0,0.0
2024-05-08,2.0,1.0,0.0,0.1113,0.029,0.0823,107.0,-1.0
2024-05-09,-3.0,-3.0,0.018,0.0,-0.0159,0.0159,108.0,1.0
2024-05-10,5.0,5.0,0.0858,0.0,0.0608,-0.0608,106.0,-2.0
2024-05-13,-2.0,-2.0,0.0899,0.0,-0.078,0.078,106.0,0.0
2024-05-14,-4.0,-3.0,0.0138,0.0,0.0434,-0.0434,107.0,1.0
2024-05-15,-11.0,-9.0,-0.2007,0.0,0.068,-0.068,109.0,2.0
2024-05-16,5.0,2.0,-0.0125,0.6652,0.1793,0.4858,105.0,-4.0
2024-05-17,4.0,4.0,0.072,0.0,-0.0477,0.0477,103.0,-2.0
2024-05-20,2.0,2.0,0.1536,0.0,-0.0607,0.0607,102.0,-1.0
2024-05-21,-3.0,-3.0,0.0442,0.0,-0.026,0.026,104.0,2.0
2024-05-22,4.0,2.0,0.0401,0.0,0.0608,-0.0608,102.0,-2.0
2024-05-23,5.0,4.0,0.0221,0.0,-0.0404,0.0404,100.0,-2.0
2024-05-24,1.0,-1.0,0.0055,0.0,-0.0679,0.0679,101.0,1.0
2024-05-28,3.0,8.0,0.0359,0.0,0.0116,-0.0116,98.0,-3.0
2024-05-29,7.0,7.0,0.0593,0.0,-0.0939,0.0939,98.0,0.0
2024-05-30,-6.0,-6.0,-0.0014,0.0,-0.1127,0.1127,100.0,2.0
2024-05-31,-5.0,-4.0,-0.1146,0.0,0.1128,-0.1128,104.0,4.0
2024-06-03,-10.0,-10.0,0.0138,0.0,0.0854,-0.0854,103.0,-1.0
2024-06-04,-7.0,-8.0,-0.0373,0.1104,0.1822,-0.0718,105.0,2.0
2024-06-05,-4.0,-4.0,0.1132,0.3306,0.1403,0.1903,107.0,2.0
2024-06-06,-2.0,-1.0,-0.0331,0.11,0.0781,0.0318,106.0,-1.0
2024-06-07,17.0,15.0,0.0207,0.1098,0.0333,0.0765,98.0,-8.0
2024-06-10,2.0,4.0,0.0124,0.0,-0.266,0.266,101.0,3.0
2024-06-11,-7.0,-8.0,0.0952,-0.5504,-0.0462,-0.5041,104.0,3.0
2024-06-12,-9.0,-8.0,0.0,0.0,0.1403,-0.1403,102.0,-2.0
2024-06-13,-8.0,-7.0,-0.0345,0.2205,0.1548,0.0657,107.0,5.0
2024-06-14,-2.0,-4.0,0.0524,0.22,0.1374,0.0826,108.0,1.0
2024-06-17,8.0,8.0,0.0055,0.2195,0.0637,0.1559,106.0,-2.0
2024-06-18,-6.0,-6.0,-0.0248,0.0,-0.1301,0.1301,109.0,3.0
2024-06-20,2.0,3.0,0.0841,0.0,0.1128,-0.1128,107.0,-2.0
2024-06-21,0.0,0.0,0.0069,0.0,-0.0361,0.0361,106.0,-1.0
2024-06-24,1.0,0.0,-0.0317,0.0,0.0087,-0.0087,108.0,2.0
2024-06-25,-2.0,-2.0,0.0592,0.0,0.0015,-0.0015,108.0,0.0
2024-06-26,7.0,9.0,0.0509,0.0,0.0434,-0.0434,106.0,-2.0
2024-06-27,-3.0,-3.0,0.0303,0.0,-0.133,0.133,107.0,1.0
2024-06-28,4.0,7.0,-0.022,0.0,0.0608,-0.0608,104.0,-3.0
2024-07-01,11.0,12.0,0.0151,0.0,-0.091,0.091,102.0,-2.0
2024-07-02,-5.0,-5.0,0.0399,0.0,-0.1923,0.1923,104.0,2.0
2024-07-03,-6.0,-7.0,-0.0179,0.02,0.0955,-0.0755,106.0,2.0
2024-07-05,-11.0,-8.0,-0.0261,0.0,0.1229,-0.1229,107.0,1.0
2024-07-08,1.0,0.0,0.0041,0.0553,0.1692,-0.114,106.0,-1.0
2024-07-09,1.0,2.0,0.0578,0.2207,0.0015,0.2193,106.0,0.0
2024-07-10,0.0,-2.0,0.0454,0.0,-0.0187,0.0187,105.0,-1.0
2024-07-11,-11.0,-8.0,-0.2546,0.0,0.029,-0.029,107.0,2.0
2024-07-12,-3.0,-2.0,-0.1075,0.4401,0.1692,0.2708,108.0,1.0
2024-07-15,3.0,5.0,0.1337,0.1097,0.0507,0.0591,106.0,-2.0
2024-07-16,-4.0,-6.0,0.128,0.0,-0.0636,0.0636,108.0,2.0
2024-07-17,-2.0,-1.0,-0.1074,0.5467,0.0984,0.4484,109.0,1.0
2024-07-18,4.0,4.0,-0.0096,0.0,0.0333,-0.0333,107.0,-2.0
2024-07-19,5.0,5.0,0.1308,0.0,-0.0607,0.0607,105.0,-2.0
2024-07-22,1.0,1.0,0.0564,0.0,-0.078,0.078,105.0,0.0
2024-07-23,-2.0,-1.0,0.0165,0.0,-0.0086,0.0086,105.0,0.0
2024-07-24,-3.0,3.0,-0.1734,0.0,0.0333,-0.0333,106.0,1.0
2024-07-25,1.0,-1.0,-0.4305,0.0,0.0001,-0.0001,105.0,-1.0
2024-07-26,-7.0,-7.0,0.2652,0.0,0.0116,-0.0116,108.0,3.0
2024-07-29,-1.0,-3.0,0.1309,0.0,0.1302,-0.1302,108.0,0.0
2024-07-30,-2.0,-2.0,-0.1185,0.0,0.0463,-0.0463,109.0,1.0
2024-07-31,-6.0,-6.0,-0.4395,0.109,0.0434,0.0656,114.0,5.0
2024-08-01,-13.0,-10.0,0.3429,0.3263,0.1128,0.2134,115.0,1.0
2024-08-02,-22.0,-19.0,-1.1677,1.4016,0.2039,1.1977,124.0,9.0
2024-08-05,0.0,-2.0,-0.4199,0.0,0.3601,-0.3601,126.0,2.0
2024-08-06,11.0,12.0,0.3682,0.0,0.029,-0.029,122.0,-4.0
2024-08-07,6.0,6.0,0.2749,0.0,-0.1923,0.1923,120.0,-2.0
2024-08-08,4.0,3.0,-0.0181,0.0,-0.0954,0.0954,116.0,-4.0
2024-08-09,-3.0,-5.0,-0.1213,-0.1071,-0.0506,-0.0566,118.0,2.0
2024-08-12,-5.0,-4.0,0.1172,0.0,0.081,-0.081,120.0,2.0
2024-08-13,-7.0,-5.0,-0.2596,0.0,0.0854,-0.0854,120.0,0.0
2024-08-14,-1.0,-2.0,-0.2463,0.0,0.1099,-0.1099,118.0,-2.0
2024-08-15,12.0,9.0,0.4919,0.0,0.0362,-0.0362,112.0,-6.0
2024-08-16,-2.0,-3.0,-0.1255,0.0,-0.1691,0.1691,114.0,2.0
2024-08-19,-2.0,-3.0,-0.351,0.0,0.0535,-0.0535,113.0,-1.0
2024-08-20,-5.0,-4.0,-0.1023,0.0,0.0535,-0.0535,115.0,2.0
2024-08-21,-6.0,-3.0,0.0336,0.0,0.0854,-0.0854,115.0,0.0
2024-08-22,8.0,7.0,0.1345,0.1071,0.0825,0.0247,112.0,-3.0
2024-08-23,-7.0,-5.0,-0.2747,0.0,-0.12,0.12,114.0,2.0
2024-08-26,1.0,1.0,-0.0449,0.0,0.1099,-0.1099,111.0,-3.0
2024-08-27,0.0,1.0,0.0449,0.0,-0.0086,0.0086,113.0,2.0
2024-08-28,-3.0,1.0,0.0014,0.0,-0.0014,0.0014,112.0,-1.0
2024-08-29,3.0,3.0,-0.3839,0.0,0.0203,-0.0203,111.0,-1.0
2024-08-30,5.0,4.0,-0.1015,0.0,-0.0433,0.0433,108.0,-3.0
2024-09-03,-6.0,-7.0,0.4349,0.0,-0.0679,0.0679,114.0,6.0
2024-09-04,-9.0,-7.0,-0.1265,0.0,0.1229,-0.1229,118.0,4.0
2024-09-05,-2.0,-4.0,-0.2788,0.0,0.1446,-0.1446,117.0,-1.0
2024-09-06,-4.0,-1.0,-0.0635,0.0,0.0637,-0.0637,118.0,1.0
2024-09-09,-1.0,-2.0,0.3619,0.2139,0.0478,0.1661,119.0,1.0
2024-09-10,-6.0,-5.0,0.1012,1.0627,0.0362,1.0265,122.0,3.0
2024-09-11,2.0,0.0,-0.0183,0.0,0.1027,-0.1027,120.0,-2.0
2024-09-12,2.0,3.0,-0.0267,0.0,-0.0057,0.0057,119.0,-1.0
2024-09-13,-4.0,-2.0,-0.342,0.0,-0.0361,0.0361,119.0,0.0
2024-09-16,-2.0,-3.0,0.0395,0.0,0.0579,-0.0579,119.0,0.0
2024-09-17,3.0,2.0,0.0,0.2112,0.0535,0.1577,116.0,-3.0
2024-09-18,3.0,5.0,-0.206,0.0,-0.0332,0.0332,114.0,-2.0
2024-09-19,2.0,3.0,-0.1937,0.0,-0.0636,0.0636,114.0,0.0
2024-09-20,-1.0,0.0,-0.2408,0.0,-0.0361,0.0361,113.0,-1.0
2024-09-23,3.0,2.0,0.0043,0.0,0.016,-0.016,113.0,0.0
2024-09-24,-4.0,-1.0,-0.2698,0.0,-0.0332,0.0332,115.0,2.0
2024-09-25,5.0,5.0,-0.0043,0.0,0.0478,-0.0478,112.0,-3.0
2024-09-26,3.0,0.0,-0.2977,0.0,-0.078,0.078,110.0,-2.0
2024-09-27,-5.0,-4.0,0.0071,0.0,-0.013,0.013,113.0,3.0
2024-09-30,8.0,6.0,0.0927,0.0,0.0854,-0.0854,110.0,-3.0
2024-10-01,-7.0,-7.0,-0.0014,0.0,-0.1098,0.1098,112.0,2.0
2024-10-02,4.0,5.0,0.0,0.0,0.1302,-0.1302,111.0,-1.0
2024-10-03,7.0,6.0,0.0,-0.1355,-0.0708,-0.0647,108.0,-3.0
2024-10-04,19.0,13.0,0.0,0.6369,-0.1026,0.7395,100.0,-8.0
2024-10-07,5.0,5.0,0.0,-0.318,-0.2602,-0.0577,103.0,3.0
2024-10-08,0.0,1.0,0.5967,-0.319,-0.078,-0.2409,104.0,1.0
2024-10-09,5.0,2.0,0.3154,0.0,-0.0014,0.0014,101.0,-3.0
2024-10-10,0.0,3.0,-0.0339,0.0,-0.0477,0.0477,104.0,3.0
2024-10-11,-3.0,-1.0,-0.1796,0.0,-0.0216,0.0216,104.0,0.0
2024-10-15,-2.0,-5.0,0.7402,-0.1065,0.0405,-0.1471,104.0,0.0
2024-10-16,-2.0,-1.0,0.0,0.0,0.0738,-0.0738,104.0,0.0
2024-10-17,6.0,7.0,0.0337,0.0,0.0333,-0.0333,101.0,-3.0
2024-10-18,-2.0,-1.0,-0.2826,0.0,-0.1055,0.1055,103.0,2.0
2024-10-21,10.0,11.0,0.2447,0.0,0.0333,-0.0333,99.0,-4.0
2024-10-22,2.0,1.0,0.0576,-0.4274,-0.1749,-0.2525,101.0,2.0
2024-10-23,5.0,4.0,0.0309,-0.1071,-0.0159,-0.0913,101.0,0.0
2024-10-24,-2.0,-3.0,-0.0871,-0.1073,-0.0679,-0.0393,101.0,0.0
2024-10-25,4.0,4.0,0.0126,0.0,0.0535,-0.0535,99.0,-2.0
2024-10-28,4.0,3.0,0.0772,0.0,-0.0607,0.0607,100.0,1.0
2024-10-29,0.0,0.0,0.0659,-0.2148,-0.0506,-0.1643,101.0,1.0
2024-10-30,3.0,1.0,-0.101,0.0,0.0087,-0.0087,97.0,-4.0
2024-10-31,1.0,-1.0,-0.0716,0.0,-0.0231,0.0231,99.0,2.0
2024-11-01,7.0,9.0,0.0506,0.0,0.0116,-0.0116,96.0,-3.0
2024-11-04,-5.0,-6.0,-0.308,-0.1076,-0.133,0.0254,100.0,4.0
2024-11-05,-1.0,-5.0,0.0732,0.0,0.1056,-0.1056,100.0,0.0
2024-11-06,11.0,16.0,1.0292,0.0,0.0666,-0.0666,96.0,-4.0
2024-11-07,-10.0,-11.0,-0.5168,-0.2155,-0.2327,0.0172,98.0,2.0
2024-11-08,3.0,-1.0,0.521,0.0,0.1924,-0.1924,95.0,-3.0
2024-11-12,12.0,13.0,0.7425,0.0,-0.0028,0.0028,91.0,-4.0
2024-11-13,-2.0,1.0,-0.1038,0.0,-0.2096,0.2096,93.0,2.0
2024-11-14,2.0,-1.0,0.0374,-0.1079,0.0131,-0.121,92.0,-1.0
2024-11-15,-2.0,0.0,0.0221,0.0,0.0044,-0.0044,94.0,2.0
2024-11-18,-2.0,-1.0,0.1051,0.0,0.0232,-0.0232,96.0,2.0
2024-11-19,-3.0,-3.0,0.0387,0.0,0.0333,-0.0333,96.0,0.0
2024-11-20,3.0,2.0,0.0925,0.0,0.0608,-0.0608,95.0,-1.0
2024-11-21,2.0,2.0,-0.1257,0.0,-0.0332,0.0332,95.0,0.0
2024-11-22,0.0,-2.0,0.1201,0.0,-0.026,0.026,96.0,1.0
2024-11-25,-13.0,-14.0,-0.0828,0.0,0.029,-0.029,101.0,5.0
2024-11-26,0.0,3.0,0.1725,0.0,0.2444,-0.2444,100.0,-1.0
2024-11-27,-6.0,-5.0,-0.0855,0.0,-0.0216,0.0216,100.0,0.0
2024-11-29,-6.0,-7.0,-0.0483,0.0,0.1027,-0.1027,102.0,2.0
2024-12-02,3.0,1.0,0.401,0.2157,0.1229,0.0928,102.0,0.0
2024-12-03,3.0,4.0,0.1978,0.0,-0.0231,0.0231,99.0,-3.0
2024-12-04,-4.0,-4.0,-0.3107,0.0,-0.0535,0.0535,102.0,3.0
2024-12-05,0.0,-2.0,-0.1019,0.0,0.0781,-0.0781,101.0,-1.0
2024-12-06,-4.0,-2.0,0.1955,0.0,0.029,-0.029,103.0,2.0
2024-12-09,4.0,5.0,-0.1321,0.1077,0.0579,0.0498,100.0,-3.0
2024-12-10,2.0,2.0,-0.1433,0.0,-0.0708,0.0708,100.0,0.0
2024-12-11,4.0,4.0,0.1447,0.0,-0.026,0.026,98.0,-2.0
2024-12-12,5.0,6.0,0.1101,0.0,-0.0607,0.0607,97.0,-1.0
2024-12-13,7.0,8.0,0.0976,0.0,-0.0882,0.0882,95.0,-2.0
2024-12-16,0.0,-1.0,0.1099,0.0,-0.1229,0.1229,97.0,2.0
2024-12-17,1.0,1.0,0.0137,0.0,0.0188,-0.0188,98.0,1.0
2024-12-18,14.0,10.0,0.0247,0.0,-0.0086,0.0086,92.0,-6.0
2024-12-19,3.0,7.0,0.1385,-0.3234,-0.1937,-0.1297,97.0,5.0
2024-12-20,-6.0,-5.0,-0.0164,-0.3245,-0.0838,-0.2407,98.0,1.0
2024-12-23,7.0,7.0,0.0329,0.0,0.1027,-0.1027,97.0,-1.0
2024-12-24,-1.0,0.0,-0.0425,-0.1084,-0.1127,0.0043,99.0,2.0
2024-12-26,-1.0,-1.0,0.048,0.0,0.016,-0.016,99.0,0.0
2024-12-27,3.0,4.0,-0.0014,0.1084,0.0261,0.0823,97.0,-2.0
2024-12-30,-8.0,-7.0,0.0178,0.0,-0.0535,0.0535,102.0,5.0
2024-12-31,1.0,3.0,0.0,0.0,0.1374,-0.1374,100.0,-2.0
2025-01-02,0.0,-1.0,0.0014,0.0,-0.0289,0.0289,100.0,0.0
2025-01-03,3.0,3.0,0.2805,0.0233,0.0188,0.0045,98.0,-2.0
2025-01-06,1.0,2.0,0.0328,0.0,-0.0433,0.0433,99.0,1.0
2025-01-07,4.0,5.0,0.056,0.0,-0.0187,0.0187,98.0,-1.0
2025-01-08,-1.0,0.0,0.071,0.0,-0.0708,0.0708,99.0,1.0
2025-01-09,1.0,1.0,0.0068,0.0,0.016,-0.016,99.0,0.0
2025-01-10,13.0,9.0,0.0068,0.0,-0.0086,0.0086,95.0,-4.0
2025-01-13,2.0,2.0,-0.0095,-0.2735,-0.1764,-0.0971,96.0,1.0
2025-01-14,-2.0,-1.0,-0.0109,-0.1096,-0.026,-0.0836,96.0,0.0
2025-01-15,-14.0,-12.0,-0.0095,0.0,0.0333,-0.0333,100.0,4.0
2025-01-16,-6.0,-5.0,0.0164,0.0,0.2314,-0.2314,100.0,0.0
2025-01-17,3.0,0.0,-0.0914,0.0,0.1027,-0.1027,98.0,-2.0
2025-01-21,-2.0,-4.0,-0.7358,0.0,-0.013,0.013,98.0,0.0
2025-01-22,3.0,3.0,0.022,0.1096,0.0637,0.0459,96.0,-2.0
2025-01-23,2.0,5.0,0.2088,0.0,-0.0433,0.0433,96.0,0.0
2025-01-24,-2.0,-2.0,-0.6056,0.0,-0.0563,0.0563,95.0,-1.0
2025-01-27,-11.0,-10.0,0.0924,0.0,0.0434,-0.0434,98.0,3.0
2025-01-28,1.0,2.0,-0.1173,0.2188,0.1895,0.0294,98.0,0.0
2025-01-29,2.0,0.0,0.0,0.0,-0.0187,0.0187,96.0,-2.0
2025-01-30,-4.0,-3.0,0.0,0.0,-0.0057,0.0057,97.0,1.0
2025-01-31,5.0,6.0,0.0,0.0,0.068,-0.068,98.0,1.0
2025-02-03,-1.0,-4.0,0.0,0.1092,-0.0882,0.1974,99.0,1.0
2025-02-04,-4.0,-2.0,0.0,0.0,0.0564,-0.0564,99.0,0.0
2025-02-05,-7.0,-9.0,0.4106,0.1091,0.0579,0.0512,100.0,1.0
2025-02-06,4.0,2.0,0.2239,0.4353,0.1504,0.2848,98.0,-2.0
2025-02-07,6.0,4.0,0.0823,0.0,-0.0404,0.0404,96.0,-2.0
2025-02-10,0.0,2.0,0.1397,0.0,-0.0751,0.0751,96.0,0.0
2025-02-11,3.0,3.0,0.037,0.0,-0.0115,0.0115,95.0,-1.0
2025-02-12,11.0,8.0,0.0219,0.0,-0.0433,0.0433,91.0,-4.0
2025-02-13,-9.0,-10.0,-0.274,0.0,-0.1518,0.1518,94.0,3.0
2025-02-14,-6.0,-5.0,-0.4924,0.0,0.175,-0.175,94.0,0.0
2025-02-18,7.0,8.0,0.3523,0.0,0.1027,-0.1027,90.0,-4.0
2025-02-19,-3.0,-2.0,0.0646,0.0,-0.1229,0.1229,92.0,2.0
2025-02-20,-3.0,-3.0,-0.3824,0.0,0.0507,-0.0507,92.0,0.0
2025-02-21,-8.0,-8.0,-0.0745,0.0,0.0608,-0.0608,95.0,3.0
2025-02-24,-3.0,-2.0,-0.0345,0.0,0.1475,-0.1475,96.0,1.0
2025-02-25,-11.0,-10.0,0.0497,0.1085,0.0507,0.0579,98.0,2.0
2025-02-26,-6.0,-5.0,0.1144,0.4329,0.1895,0.2434,99.0,1.0
2025-02-27,3.0,4.0,0.3548,0.2158,0.1027,0.113,97.0,-2.0
2025-02-28,-6.0,-5.0,-0.0343,0.0,-0.0535,0.0535,101.0,4.0
2025-03-03,-6.0,-8.0,0.0206,0.1077,0.1027,0.005,101.0,0.0
2025-03-04,4.0,6.0,-0.2639,0.3224,0.1331,0.1893,98.0,-3.0
2025-03-05,7.0,6.0,-0.1998,0.0,-0.0809,0.0809,94.0,-4.0
2025-03-06,-2.0,1.0,-0.0524,0.0,-0.1026,0.1026,96.0,2.0
2025-03-07,3.0,3.0,-0.1768,0.0,0.0131,-0.0131,94.0,-2.0
2025-03-10,-11.0,-10.0,0.3464,0.0,-0.0433,0.0433,99.0,5.0
2025-03-11,5.0,6.0,-0.4321,0.0,0.1895,-0.1895,97.0,-2.0
2025-03-12,6.0,4.0,0.13,0.0,-0.0882,0.0882,97.0,0.0
2025-03-13,-7.0,-5.0,0.0925,0.0,-0.0751,0.0751,100.0,3.0
2025-03-14,7.0,4.0,-0.0856,0.0,0.1099,-0.1099,97.0,-3.0
2025-03-17,2.0,0.0,-0.0691,0.0,-0.0824,0.0824,97.0,0.0
2025-03-18,-4.0,-2.0,-0.0747,0.0,-0.0057,0.0057,98.0,1.0
2025-03-19,-4.0,-4.0,0.0374,0.0,0.0579,-0.0579,100.0,2.0
2025-03-20,-2.0,-1.0,0.2445,0.0,0.0781,-0.0781,98.0,-2.0
2025-03-21,-1.0,1.0,0.0124,0.0,0.0333,-0.0333,98.0,0.0
2025-03-24,9.0,9.0,0.0621,0.6417,0.0058,0.6359,94.0,-4.0
2025-03-25,-2.0,-3.0,0.0524,-0.3203,-0.1474,-0.1729,97.0,3.0
2025-03-26,1.0,4.0,0.146,0.0,0.0535,-0.0535,96.0,-1.0
2025-03-27,1.0,3.0,-0.0413,0.0,-0.039,0.039,98.0,2.0
2025-03-28,-11.0,-11.0,-0.0234,0.0,-0.0289,0.0289,102.0,4.0
2025-03-31,-2.0,-4.0,-0.084,0.0,0.1996,-0.1996,104.0,2.0
2025-04-01,-5.0,-6.0,0.179,0.0227,0.0637,-0.041,105.0,1.0
2025-04-02,4.0,3.0,-0.0303,0.0,0.1056,-0.1056,104.0,-1.0
2025-04-03,-20.0,-14.0,0.1897,0.0,-0.0506,0.0506,114.0,10.0
2025-04-04,-3.0,-5.0,-0.0137,0.0,0.295,-0.295,116.0,2.0
2025-04-07,10.0,14.0,0.3811,0.0,0.081,-0.081,119.0,3.0
2025-04-08,6.0,11.0,0.4192,0.0,-0.2053,0.2053,120.0,1.0
2025-04-09,18.0,8.0,0.1511,-0.4864,-0.146,-0.3404,127.0,7.0
2025-04-10,-2.0,6.0,-0.4896,-1.859,-0.2024,-1.6566,119.0,-8.0
2025-04-11,11.0,8.0,-0.3081,0.7696,-0.0375,0.8072,119.0,0.0
2025-04-14,-13.0,-10.0,0.2794,0.0,-0.1518,0.1518,123.0,4.0
2025-04-15,-4.0,-3.0,0.0424,0.0,0.2039,-0.2039,121.0,-2.0
2025-04-16,-7.0,-6.0,-0.1327,0.1095,0.068,0.0415,124.0,3.0
2025-04-17,4.0,5.0,-0.0863,0.2186,0.1201,0.0985,120.0,-4.0
2025-04-21,2.0,8.0,-0.1042,0.0,-0.0708,0.0708,118.0,-2.0
2025-04-22,1.0,-1.0,0.2794,0.0,-0.0867,0.0867,118.0,0.0
2025-04-23,2.0,-1.0,-0.3535,0.0,0.0116,-0.0116,114.0,-4.0
2025-04-24,-9.0,-8.0,0.0261,0.0,0.0044,-0.0044,117.0,3.0
2025-04-25,-3.0,-3.0,-0.0206,0.327,0.1548,0.1722,116.0,-1.0
2025-04-28,-7.0,-6.0,0.107,0.4343,0.0608,0.3735,117.0,1.0
2025-04-29,-4.0,-4.0,-0.3461,0.2164,0.1201,0.0964,118.0,1.0
2025-04-30,-5.0,-2.0,0.022,0.216,0.0781,0.1379,121.0,3.0
2025-05-01,9.0,8.0,0.0,0.0,0.0651,-0.0651,116.0,-5.0
2025-05-02,11.0,8.0,0.0,0.0,-0.1373,0.1373,113.0,-3.0
2025-05-05,3.0,3.0,0.0,0.0,-0.1518,0.1518,114.0,1.0
2025-05-06,-5.0,-6.0,-0.7483,0.0,-0.0433,0.0433,116.0,2.0
2025-05-07,-3.0,-4.0,0.1191,0.0,0.1056,-0.1056,116.0,0.0
2025-05-08,13.0,11.0,0.1245,0.0,0.0709,-0.0709,109.0,-7.0
2025-05-09,0.0,0.0,0.0332,0.0,-0.1966,0.1966,111.0,2.0
2025-05-12,9.0,8.0,-0.4793,0.0,0.0087,-0.0087,104.0,-7.0
2025-05-13,3.0,4.0,0.0541,0.0,-0.1373,0.1373,103.0,-1.0
2025-05-14,5.0,4.0,0.0319,0.0,-0.0535,0.0535,100.0,-3.0
2025-05-15,-10.0,-8.0,-0.018,-0.216,-0.0679,-0.1481,105.0,5.0
2025-05-16,-1.0,-2.0,0.0319,0.0,0.162,-0.162,103.0,-2.0
2025-05-19,1.0,3.0,0.0749,0.0,0.0362,-0.0362,105.0,2.0
2025-05-20,0.0,2.0,0.0693,0.0,-0.0289,0.0289,103.0,-2.0
2025-05-21,8.0,10.0,-0.2427,0.0,-0.0115,0.0115,100.0,-3.0
2025-05-22,-4.0,-4.0,0.025,0.0,-0.1503,0.1503,103.0,3.0
2025-05-23,-3.0,-3.0,-0.3323,0.0,0.0781,-0.0781,103.0,0.0
2025-05-27,-4.0,-8.0,0.2115,0.0,0.0608,-0.0608,103.0,0.0
2025-05-28,1.0,4.0,-0.0125,0.0,0.1186,-0.1186,101.0,-2.0
2025-05-29,-5.0,-4.0,-0.1196,0.0,-0.039,0.039,103.0,2.0
2025-05-30,-4.0,-2.0,0.1891,0.0,0.0854,-0.0854,104.0,1.0
2025-06-02,5.0,5.0,-0.0222,0.1081,0.0579,0.0502,102.0,-2.0
2025-06-03,3.0,0.0,-0.1432,0.0,-0.078,0.078,100.0,-2.0
2025-06-04,-11.0,-9.0,-0.039,0.0,-0.013,0.013,103.0,3.0
2025-06-05,6.0,3.0,-0.1309,1.2876,0.1793,1.1082,99.0,-4.0
2025-06-06,14.0,11.0,0.1894,0.0,-0.065,0.065,94.0,-5.0
2025-06-09,-4.0,-2.0,-0.1169,-0.2134,-0.2038,-0.0096,96.0,2.0
2025-06-10,-1.0,-2.0,0.0947,0.0,0.0579,-0.0579,96.0,0.0
2025-06-11,-6.0,-6.0,0.0807,0.1068,0.0362,0.0706,98.0,2.0
2025-06-12,-5.0,-5.0,-0.2812,0.0,0.1128,-0.1128,99.0,1.0
2025-06-13,5.0,5.0,0.117,0.0,0.0955,-0.0955,97.0,-2.0
2025-06-16,2.0,5.0,-0.0279,0.0,-0.078,0.078,96.0,-1.0
2025-06-17,-5.0,-7.0,0.0766,0.0,-0.0563,0.0563,99.0,3.0
2025-06-18,-1.0,-1.0,0.0598,0.0,0.1157,-0.1157,99.0,0.0
2025-06-20,-2.0,0.0,-0.1434,0.0,0.0261,-0.0261,99.0,0.0
2025-06-23,-5.0,-4.0,0.007,0.0,0.0232,-0.0232,101.0,2.0
2025-06-24,-5.0,-4.0,-0.1073,0.0,0.0854,-0.0854,101.0,0.0
2025-06-25,-3.0,-1.0,0.0711,0.0,0.0854,-0.0854,100.0,-1.0
2025-06-26,-4.0,-3.0,-0.1241,0.0,0.0405,-0.0405,102.0,2.0
2025-06-27,4.0,3.0,0.0642,0.0,0.068,-0.068,99.0,-3.0
2025-06-30,-4.0,-5.0,-0.1186,0.0,-0.0506,0.0506,102.0,3.0
2025-07-01,5.0,2.0,0.0154,0.0,0.0882,-0.0882,97.0,-5.0
2025-07-02,3.0,4.0,0.0028,0.0154,-0.0477,0.0631,96.0,-1.0
2025-07-03,7.0,5.0,0.0488,0.0,-0.0535,0.0535,92.0,-4.0
2025-07-07,2.0,5.0,0.0837,1.2296,-0.0925,1.3221,91.0,-1.0
2025-07-08,3.0,2.0,-0.0084,-0.2128,-0.0563,-0.1564,92.0,1.0
2025-07-09,-7.0,-8.0,0.0864,-0.1066,-0.0332,-0.0733,94.0,2.0
2025-07-10,1.0,1.0,-0.0724,0.0,0.1403,-0.1403,93.0,-1.0
2025-07-11,6.0,8.0,-0.0934,0.0,-0.0086,0.0086,90.0,-3.0
2025-07-14,-1.0,0.0,-0.0153,0.0,-0.1156,0.1156,91.0,1.0
2025-07-15,7.0,7.0,0.0823,0.0,0.016,-0.016,87.0,-4.0
2025-07-16,-6.0,-4.0,0.0864,0.0,-0.1127,0.1127,90.0,3.0
2025-07-17,2.0,1.0,0.0571,0.0,0.0926,-0.0926,88.0,-2.0
2025-07-18,-5.0,-3.0,-0.078,0.0,-0.0159,0.0159,89.0,1.0
2025-07-21,-5.0,-6.0,-0.0223,0.0,0.0752,-0.0752,89.0,0.0
2025-07-22,-3.0,-3.0,-0.0167,0.0,0.1056,-0.1056,91.0,2.0
2025-07-23,6.0,5.0,-0.2079,-0.9641,0.0608,-1.0249,87.0,-4.0
2025-07-24,4.0,3.0,-0.081,0.0,-0.0853,0.0853,86.0,-1.0
2025-07-25,-3.0,-3.0,0.1927,0.0,-0.0506,0.0506,87.0,1.0
2025-07-28,1.0,2.0,0.138,0.0,0.0608,-0.0608,86.0,-1.0
2025-07-29,-6.0,-8.0,-0.0125,0.0,-0.0187,0.0187,88.0,2.0
2025-07-30,6.0,4.0,0.2296,0.3224,0.1331,0.1893,85.0,-3.0
2025-07-31,0.0,-1.0,0.0945,0.0,-0.0751,0.0751,87.0,2.0
2025-08-01,-19.0,-14.0,0.1582,0.0,0.0188,-0.0188,95.0,8.0
2025-08-04,-2.0,-1.0,-0.467,0.3214,0.2878,0.0336,94.0,-1.0
2025-08-05,2.0,0.0,0.0766,0.2137,0.0333,0.1804,92.0,-2.0
2025-08-06,0.0,0.0,-0.0181,0.0,-0.0057,0.0057,92.0,0.0
2025-08-07,2.0,1.0,-0.0223,0.1067,0.0087,0.0979,90.0,-2.0
2025-08-08,5.0,4.0,0.0459,0.0,-0.0159,0.0159,88.0,-2.0
2025-08-11,-1.0,0.0,0.0626,0.0,-0.0679,0.0679,88.0,0.0
2025-08-12,0.0,2.0,-0.1378,0.0,0.016,-0.016,87.0,-1.0
2025-08-13,-6.0,-5.0,-0.0571,0.213,-0.0115,0.2245,87.0,0.0
2025-08-14,5.0,5.0,0.0711,0.3186,0.1027,0.2159,83.0,-4.0
2025-08-15,3.0,4.0,0.0306,0.0,-0.078,0.078,82.0,-1.0
2025-08-18,1.0,1.0,0.0418,0.0,-0.0535,0.0535,81.0,-1.0
2025-08-19,-4.0,-4.0,-0.039,0.0,-0.0086,0.0086,83.0,2.0
2025-08-20,-1.0,-1.0,-0.0864,0.0,0.0781,-0.0781,84.0,1.0
2025-08-21,5.0,4.0,0.0502,0.0,0.0261,-0.0261,82.0,-2.0
2025-08-22,-10.0,-7.0,-0.198,0.0,-0.0679,0.0679,86.0,4.0
2025-08-25,4.0,2.0,-0.197,0.106,0.1519,-0.0459,83.0,-3.0
2025-08-26,-5.0,-2.0,0.014,0.0,-0.0404,0.0404,86.0,3.0
2025-08-27,-6.0,-2.0,0.0224,0.0,0.0651,-0.0651,87.0,1.0
2025-08-28,0.0,-2.0,-0.322,0.2116,0.0723,0.1393,87.0,0.0
2025-08-29,-1.0,1.0,-0.0028,0.0,0.029,-0.029,87.0,0.0
2025-09-02,6.0,5.0,0.1205,0.0,0.0058,-0.0058,87.0,0.0
2025-09-03,-5.0,-6.0,0.035,0.0,-0.0853,0.0853,88.0,1.0
2025-09-04,-4.0,-5.0,-0.0014,0.0,0.1056,-0.1056,89.0,1.0
2025-09-05,-6.0,-7.0,-0.1275,0.0,0.0882,-0.0882,90.0,1.0
2025-09-08,-2.0,-5.0,-0.0421,0.5272,0.1229,0.4042,91.0,1.0
2025-09-09,4.0,3.0,-0.1179,0.2101,0.0738,0.1363,89.0,-2.0
2025-09-10,-2.0,-4.0,-0.0028,0.0,-0.0506,0.0506,90.0,1.0
2025-09-11,0.0,-3.0,-0.0323,0.0,0.0637,-0.0637,88.0,-2.0
2025-09-12,4.0,5.0,0.0814,0.1049,0.0391,0.0658,86.0,-2.0
2025-09-15,-2.0,-1.0,-0.0786,0.0,-0.0708,0.0708,87.0,1.0
2025-09-16,-2.0,-1.0,-0.0618,0.1048,0.0333,0.0715,87.0,0.0
2025-09-17,3.0,2.0,-0.1533,0.1047,0.0333,0.0713,85.0,-2.0
2025-09-18,5.0,5.0,0.1294,0.0,-0.0332,0.0332,82.0,-3.0
2025-09-19,1.0,3.0,0.0239,0.0,-0.078,0.078,83.0,1.0
2025-09-22,3.0,1.0,-0.0028,0.0,-0.0289,0.0289,81.0,-2.0
2025-09-23,-3.0,-3.0,-0.0337,0.0,-0.0231,0.0231,83.0,2.0
2025-09-24,2.0,4.0,0.2794,0.0,0.0608,-0.0608,81.0,-2.0
2025-09-25,5.0,2.0,0.0322,0.0,-0.0462,0.0462,80.0,-1.0
2025-09-26,1.0,2.0,-0.014,0.0,-0.0477,0.0477,80.0,0.0
2025-09-29,-2.0,-5.0,-0.188,0.0,-0.0187,0.0187,81.0,1.0
2025-09-30,0.0,1.0,-0.0056,0.0,0.0738,-0.0738,82.0,1.0
2025-10-01,-6.0,-4.0,0.014,0.0,-0.0014,0.0014,84.0,2.0
2025-10-02,-1.0,-2.0,0.0,-0.0156,0.0926,-0.1082,84.0,0.0
2025-10-03,5.0,3.0,0.0,0.0,0.0362,-0.0362,82.0,-2.0
2025-10-06,3.0,5.0,0.0,0.0,-0.0578,0.0578,81.0,-1.0
2025-10-07,-4.0,-4.0,0.0,0.0,-0.0636,0.0636,83.0,2.0
2025-10-08,1.0,-1.0,0.0,0.0,0.0781,-0.0781,82.0,-1.0
2025-10-09,2.0,1.0,0.1053,0.0,0.0116,-0.0116,83.0,1.0
2025-10-10,-9.0,-9.0,0.0912,0.1582,-0.0159,0.174,89.0,6.0
2025-10-14,-5.0,-2.0,0.0617,0.2105,0.1649,0.0456,91.0,2.0
2025-10-15,3.0,2.0,-0.1711,0.2101,0.0651,0.145,87.0,-4.0
2025-10-16,-8.0,-6.0,-0.0449,0.0,-0.0332,0.0332,91.0,4.0
2025-10-17,4.0,3.0,0.0477,0.2096,0.1273,0.0824,88.0,-3.0
2025-10-20,-1.0,-2.0,-0.0969,0.0,-0.0506,0.0506,89.0,1.0
2025-10-21,-2.0,-2.0,0.0323,0.0,0.0362,-0.0362,88.0,-1.0
2025-10-22,0.0,-1.0,0.0547,0.1047,0.0434,0.0612,88.0,0.0
2025-10-23,5.0,4.0,-0.0505,0.0,0.0188,-0.0188,86.0,-2.0
2025-10-24,0.0,1.0,-0.014,0.0,-0.0679,0.0679,86.0,0.0
2025-10-27,0.0,-1.0,-0.1532,0.0,-0.0014,0.0014,85.0,-1.0
2025-10-28,-1.0,-2.0,-0.1605,0.1046,0.0188,0.0857,85.0,0.0
2025-10-29,10.0,9.0,-0.0113,0.0,0.0362,-0.0362,79.0,-6.0
2025-10-30,2.0,3.0,0.1647,0.0,-0.1547,0.1547,80.0,1.0
2025-10-31,-1.0,0.0,0.1012,0.0,-0.0361,0.0361,83.0,3.0
2025-11-03,1.0,2.0,0.0744,0.0,0.016,-0.016,83.0,0.0
2025-11-04,-3.0,-3.0,0.1024,0.0,-0.0187,0.0187,84.0,1.0
2025-11-05,7.0,7.0,-0.0491,0.0,0.0608,-0.0608,82.0,-2.0
2025-11-06,-7.0,-6.0,-0.0913,-0.2092,-0.1127,-0.0965,86.0,4.0
2025-11-07,-2.0,0.0,0.0337,0.0,0.1201,-0.1201,86.0,0.0
2025-11-10,5.0,2.0,-0.0365,-0.2096,0.0232,-0.2328,86.0,0.0
2025-11-12,-4.0,-5.0,-0.1026,0.3143,-0.0477,0.362,87.0,1.0
2025-11-13,3.0,3.0,-0.2393,0.0,0.0882,-0.0882,85.0,-2.0
2025-11-14,3.0,3.0,0.0592,0.0,-0.0433,0.0433,84.0,-1.0
2025-11-17,-2.0,-1.0,0.1168,0.0,-0.0433,0.0433,85.0,1.0
2025-11-18,-2.0,-1.0,-0.0014,0.0,0.0333,-0.0333,87.0,2.0
2025-11-19,1.0,1.0,0.045,-0.1047,0.0333,-0.138,86.0,-1.0
2025-11-20,-3.0,-3.0,-0.0113,0.0,-0.0086,0.0086,88.0,2.0
2025-11-21,-6.0,-4.0,-0.045,0.0,0.0608,-0.0608,90.0,2.0
2025-11-24,-1.0,-2.0,-0.0647,0.0,0.0926,-0.0926,90.0,0.0
2025-11-25,-6.0,-3.0,-0.2467,0.0,0.0362,-0.0362,92.0,2.0
2025-11-26,1.0,-1.0,-0.1229,0.2092,0.0825,0.1267,92.0,0.0
2025-11-28,3.0,2.0,-0.0099,0.1044,0.0116,0.0928,90.0,-2.0
2025-12-01,8.0,7.0,-0.0481,0.0,-0.0332,0.0332,87.0,-3.0
2025-12-02,-1.0,0.0,-0.024,0.0,-0.12,0.12,89.0,2.0
2025-12-03,-4.0,-3.0,-0.0906,0.0,0.016,-0.016,90.0,1.0
2025-12-04,6.0,5.0,0.1104,0.0,0.068,-0.068,87.0,-3.0
2025-12-05,4.0,3.0,-0.0255,0.0,-0.0853,0.0853,86.0,-1.0
2025-12-08,3.0,3.0,0.0198,0.0,-0.0506,0.0506,85.0,-1.0
2025-12-09,3.0,1.0,-0.109,-0.1044,-0.0433,-0.0611,84.0,-1.0
2025-12-10,-6.0,-5.0,0.0099,0.0,-0.0231,0.0231,87.0,3.0
2025-12-11,0.0,1.0,-0.0864,0.0,0.1027,-0.1027,86.0,-1.0
2025-12-12,3.0,5.0,-0.0439,0.1044,-0.0014,0.1058,85.0,-1.0
2025-12-15,-2.0,-1.0,-0.1106,0.0,-0.0636,0.0636,85.0,0.0
2025-12-16,-4.0,-3.0,-0.0752,0.0,0.0333,-0.0333,87.0,2.0
2025-12-17,1.0,1.0,0.0199,0.0,0.068,-0.068,87.0,0.0
2025-12-18,-4.0,-4.0,-0.0383,0.0,-0.0086,0.0086,89.0,2.0
2025-12-19,4.0,4.0,0.0071,0.0,0.0781,-0.0781,87.0,-2.0
2025-12-22,1.0,1.0,-0.0597,0.0,-0.0607,0.0607,86.0,-1.0
2025-12-23,1.0,1.0,-0.1237,0.0,-0.0086,0.0086,86.0,0.0
2025-12-24,-2.0,-3.0,-0.1966,0.0,-0.0086,0.0086,87.0,1.0
2025-12-26,-2.0,-1.0,-0.1127,0.0,0.0535,-0.0535,88.0,1.0
2025-12-29,-1.0,-2.0,-0.01,0.0,0.0333,-0.0333,89.0,1.0
2025-12-30,1.0,2.0,-0.1357,0.0,0.0362,-0.0362,88.0,-1.0
2025-12-31,5.0,4.0,-0.0429,0.0,-0.0187,0.0187,86.0,-2.0
2026-01-02,1.0,1.0,-0.0772,0.0,-0.0679,0.0679,87.0,1.0
2026-01-05,-3.0,-2.0,0.0043,-0.0158,-0.0086,-0.0072,87.0,0.0
2026-01-06,1.0,1.0,-0.0658,0.4728,0.0507,0.4222,87.0,0.0
2026-01-07,-2.0,-3.0,0.1874,-0.1049,-0.0086,-0.0962,88.0,1.0
2026-01-08,4.0,4.0,-0.186,0.0,0.0535,-0.0535,86.0,-2.0
2026-01-09,1.0,-1.0,-0.0903,0.0,-0.0607,0.0607,86.0,0.0
2026-01-12,2.0,1.0,-0.0588,-0.105,0.0116,-0.1166,86.0,0.0
2026-01-13,-2.0,-1.0,0.0631,0.0,-0.0159,0.0159,87.0,1.0
2026-01-14,-3.0,-3.0,-0.0645,0.0,0.0333,-0.0333,87.0,0.0
2026-01-15,5.0,2.0,-0.1004,0.0,0.0608,-0.0608,85.0,-2.0
2026-01-16,5.0,7.0,0.0301,0.0,-0.0477,0.0477,82.0,-3.0
2026-01-20,4.0,6.0,-0.1177,-0.1051,-0.0983,-0.0068,83.0,1.0
2026-01-21,-3.0,-4.0,0.0546,-0.1052,-0.0809,-0.0243,83.0,0.0
2026-01-22,2.0,0.0,0.0904,0.0,0.0709,-0.0709,82.0,-1.0
2026-01-23,-1.0,-2.0,-0.099,0.0,-0.0057,0.0057,83.0,1.0
2026-01-26,-2.0,-2.0,-0.1279,0.0,0.0362,-0.0362,83.0,0.0
2026-01-27,-1.0,2.0,0.0043,0.0,0.0434,-0.0434,82.0,-1.0
2026-01-28,2.0,2.0,-0.1194,0.0,-0.0043,0.0043,82.0,0.0
2026-01-29,-3.0,-2.0,0.0259,0.0,-0.026,0.026,83.0,1.0
2026-01-30,-1.0,2.0,0.0432,0.0,0.0507,-0.0507,83.0,0.0
2026-02-02,4.0,3.0,-0.0676,0.0,-0.0043,0.0043,82.0,-1.0
2026-02-03,0.0,-1.0,-0.1239,0.0,-0.0506,0.0506,83.0,1.0
2026-02-04,0.0,1.0,0.0548,0.0,0.0188,-0.0188,83.0,0.0
2026-02-05,-9.0,-8.0,-0.0533,0.3153,-0.0014,0.3167,87.0,4.0
2026-02-06,2.0,1.0,0.0144,0.5233,0.1548,0.3685,86.0,-1.0
2026-02-09,-1.0,0.0,-0.2713,-0.1044,-0.0159,-0.0886,86.0,0.0
2026-02-10,-5.0,-6.0,-0.1359,0.0,0.016,-0.016,87.0,1.0
2026-02-11,5.0,2.0,0.0275,0.0,0.1056,-0.1056,85.0,-2.0
2026-02-12,-8.0,-9.0,-0.1665,0.0,-0.0477,0.0477,89.0,4.0
2026-02-13,-6.0,-5.0,0.1014,0.0,0.1576,-0.1576,90.0,1.0
2026-02-17,2.0,1.0,-0.071,0.0,0.1027,-0.1027,88.0,-2.0
2026-02-18,3.0,4.0,0.0,0.0,-0.0159,0.0159,87.0,-1.0
2026-02-19,-1.0,-1.0,0.0,0.0,-0.0535,0.0535,88.0,1.0
2026-02-20,0.0,0.0,0.0,0.2088,0.0261,0.1827,87.0,-1.0
2026-02-23,-6.0,-5.0,0.0,0.0,0.0087,-0.0087,89.0,2.0
2026-02-24,2.0,1.0,-0.2916,0.1042,0.1027,0.0015,88.0,-1.0
2026-02-25,0.0,1.0,-0.2007,0.1041,-0.0159,0.12,88.0,0.0
2026-02-26,-4.0,-3.0,-0.4128,0.0,-0.0014,0.0014,89.0,1.0
2026-02-27,-6.0,-5.0,0.2482,0.0,0.068,-0.068,91.0,2.0
2026-03-02,11.0,8.0,0.3523,0.2079,0.1027,0.1052,88.0,-3.0
2026-03-03,1.0,1.0,0.254,0.0,-0.1518,0.1518,91.0,3.0
2026-03-04,4.0,3.0,-0.0391,-0.2079,-0.0086,-0.1993,90.0,-1.0
2026-03-05,5.0,4.0,-0.0827,-0.3127,-0.0506,-0.2621,88.0,-2.0
2026-03-06,0.0,2.0,0.0769,0.0,-0.0679,0.0679,90.0,2.0
2026-03-09,-1.0,-3.0,0.1463,0.0,-0.0115,0.0115,95.0,5.0
2026-03-10,2.0,3.0,-0.4353,0.0,0.0463,-0.0463,90.0,-5.0
2026-03-11,6.0,6.0,-0.1615,-0.1044,-0.0361,-0.0683,88.0,-2.0
2026-03-12,9.0,6.0,0.0495,-0.314,-0.0954,-0.2186,87.0,-1.0
2026-03-13,-1.0,1.0,0.3952,-0.2099,-0.1171,-0.0928,90.0,3.0
2026-03-16,-7.0,-5.0,-0.0087,0.0,0.0058,-0.0058,94.0,4.0
2026-03-17,-1.0,-3.0,-0.1335,0.0,0.1099,-0.1099,95.0,1.0
2026-03-18,8.0,6.0,-0.1991,0.0,0.0463,-0.0463,91.0,-4.0
2026-03-19,1.0,-1.0,0.395,0.0,-0.1098,0.1098,95.0,4.0
2026-03-20,13.0,14.0,-0.2046,0.0,0.0116,-0.0116,92.0,-3.0
2026-03-23,-6.0,-5.0,-0.0726,-0.738,-0.227,-0.511,99.0,7.0
2026-03-24,8.0,5.0,0.1612,0.0,0.1027,-0.1027,96.0,-3.0
2026-03-25,-7.0,-6.0,0.1349,0.0,-0.0997,0.0997,97.0,1.0
2026-03-26,12.0,9.0,0.139,0.0,0.1201,-0.1201,93.0,-4.0
2026-03-27,-2.0,2.0,0.013,-0.2119,-0.1691,-0.0427,98.0,5.0
2026-03-30,-9.0,-9.0,0.0043,0.0,0.0029,-0.0029,103.0,5.0
2026-03-31,-5.0,-5.0,-0.2013,0.2119,0.1649,0.047,102.0,-1.0
2026-04-01,5.0,3.0,-0.3776,0.5636,0.0955,0.4681,98.0,-4.0
2026-04-02,-3.0,-2.0,0.1977,0.0,-0.0578,0.0578,101.0,3.0
2026-04-03,5.0,4.0,-0.0465,0.0,0.0507,-0.0507,98.0,-3.0
2026-04-06,-1.0,-1.0,-0.0669,0.0,-0.0679,0.0679,99.0,1.0
2026-04-07,-3.0,-1.0,-0.3073,0.0,0.0261,-0.0261,100.0,1.0
2026-04-08,-3.0,-4.0,-0.4092,0.0,0.0405,-0.0405,95.0,-5.0
2026-04-09,-1.0,0.0,0.0395,0.0,0.0709,-0.0709,94.0,-1.0
2026-04-10,3.0,2.0,-0.0527,0.1061,0.016,0.0902,92.0,-2.0
2026-04-13,-2.0,-1.0,0.0366,0.0,-0.0332,0.0332,93.0,1.0
2026-04-14,-5.0,-4.0,-0.214,0.106,0.0333,0.0727,91.0,-2.0
2026-04-15,3.0,3.0,0.0337,0.2116,0.0854,0.1263,89.0,-2.0
2026-04-16,1.0,3.0,0.0411,0.0,-0.0433,0.0433,88.0,-1.0
2026-04-17,-7.0,-6.0,-0.0557,0.0,-0.0289,0.0289,89.0,1.0
2026-04-20,2.0,0.0,0.0029,0.1057,0.1201,-0.0144,88.0,-1.0
2026-04-21,5.0,4.0,0.0528,0.1055,-0.0057,0.1113,84.0,-4.0
2026-04-22,0.0,0.0,0.0982,0.0,-0.0679,0.0679,85.0,1.0
2026-04-23,5.0,4.0,-0.022,0.0,0.0087,-0.0087,84.0,-1.0
2026-04-24,-4.0,-3.0,0.1449,0.0,-0.0679,0.0679,87.0,3.0
2026-04-27,2.0,4.0,-0.1918,0.0,0.068,-0.068,85.0,-2.0
2026-04-28,3.0,1.0,0.2138,0.0,-0.0462,0.0462,84.0,-1.0
2026-04-29,8.0,6.0,0.0015,0.0,-0.0231,0.0231,81.0,-3.0
2026-04-30,-3.0,-2.0,-0.1493,-0.2112,-0.1098,-0.1014,84.0,3.0
2026-05-01,0.0,-1.0,0.0044,0.0,0.0507,-0.0507,83.0,-1.0
2026-05-04,6.0,6.0,0.0351,0.0,0.0188,-0.0188,81.0,-2.0
2026-05-05,0.0,-2.0,-0.0351,-0.2116,-0.0954,-0.1163,83.0,2.0
2026-05-06,-9.0,-7.0,-0.2434,0.3173,0.029,0.2883,83.0,0.0
2026-05-07,5.0,5.0,-0.141,0.1055,0.1446,-0.0391,80.0,-3.0
2026-05-08,-2.0,-3.0,-0.0132,0.0,-0.078,0.078,82.0,2.0
2026-05-11,5.0,4.0,-0.0839,0.0,0.0535,-0.0535,80.0,-2.0
2026-05-12,5.0,4.0,-0.0412,0.0,-0.0679,0.0679,80.0,0.0
2026-05-13,0.0,0.0,-0.0177,0.0,-0.0679,0.0679,81.0,1.0
2026-05-14,1.0,1.0,-0.084,-0.1055,0.0087,-0.1143,79.0,-2.0
2026-05-15,13.0,12.0,0.3546,0.0,-0.0086,0.0086,77.0,-2.0
2026-05-18,1.0,2.0,-0.1352,-0.3173,-0.2067,-0.1106,79.0,2.0
2026-05-19,5.0,6.0,0.213,-0.2121,-0.0187,-0.1933,78.0,-1.0
2026-05-20,-10.0,-10.0,-0.2057,-0.2125,-0.0882,-0.1244,82.0,4.0
2026-05-21,3.0,0.0,0.0294,0.0,0.1822,-0.1822,81.0,-1.0
2026-05-22,2.0,-1.0,-0.1177,0.0,-0.013,0.013,80.0,-1.0
2026-05-26,-8.0,-6.0,-0.1252,0.1063,0.0044,0.1019,80.0,0.0
2026-05-27,-2.0,-2.0,-0.1062,0.2123,0.1273,0.085,79.0,-1.0
2026-05-28,-2.0,-3.0,0.0118,0.106,0.0434,0.0626,80.0,1.0
2026-05-29,-2.0,0.0,-0.1978,0.1059,0.0535,0.0523,80.0,0.0
2026-06-01,5.0,2.0,-0.0177,0.1058,0.0232,0.0826,79.0,-1.0
2026-06-02,-1.0,-1.0,-0.0414,0.1057,-0.0477,0.1533,78.0,-1.0
2026-06-03,4.0,3.0,0.1035,0.0,0.0261,-0.0261,78.0,0.0
2026-06-04,-3.0,-2.0,0.0635,0.0,-0.0506,0.0506,79.0,1.0
2026-06-05,11.0,8.0,-0.1182,0.0,0.0507,-0.0507,76.0,-3.0
2026-06-08,0.0,1.0,0.2613,-0.1057,-0.1518,0.0461,77.0,1.0
2026-06-09,-3.0,-3.0,-0.1623,-0.1058,-0.0014,-0.1044,79.0,2.0
2026-06-10,1.0,2.0,0.034,0.0,0.0608,-0.0608,79.0,0.0
2026-06-11,-9.0,-10.0,0.0162,0.0,-0.0187,0.0187,83.0,4.0
2026-06-12,3.0,3.0,-0.192,0.2114,0.175,0.0364,79.0,-4.0
2026-06-15,-3.0,-1.0,-0.0828,0.0,-0.0433,0.0433,78.0,-1.0
2026-06-16,-2.0,-4.0,-0.0118,0.0,0.0405,-0.0405,79.0,1.0
2026-06-17,11.0,6.0,0.0222,0.0,0.0637,-0.0637,74.0,-5.0
2026-06-18,-4.0,-3.0,0.1612,0.0,-0.1315,0.1315,77.0,3.0
2026-06-22,6.0,5.0,0.0871,0.0,0.068,-0.068,76.0,-1.0
2026-06-23,-2.0,-1.0,0.2285,0.0,-0.0853,0.0853,78.0,2.0
2026-06-24,-10.0,-9.0,0.3029,0.0,0.0333,-0.0333,82.0,4.0
2026-06-25,-2.0,-1.0,-0.1911,0.0,0.1721,-0.1721,82.0,0.0
2026-06-26,-3.0,-2.0,0.0059,0.0,0.0333,-0.0333,84.0,2.0
2026-06-29,2.0,0.0,-0.0647,0.0,0.0507,-0.0507,83.0,-1.0
2026-06-30,5.0,6.0,-0.1252,0.0,-0.0057,0.0057,81.0,-2.0
2026-07-01,5.0,4.0,0.134,0.0,-0.0882,0.0882,81.0,0.0
2026-07-02,-1.0,1.0,-0.0825,0.5617,-0.0679,0.6296,82.0,1.0
2026-07-06,-2.0,-1.0,0.106,-0.6376,0.0058,-0.6435,82.0,0.0
2026-07-07,6.0,7.0,-0.0353,0.0,0.0333,-0.0333,79.0,-3.0
2026-07-08,4.0,1.0,0.1339,-0.1067,-0.1055,-0.0012,79.0,0.0
2026-07-09,-4.0,-2.0,-0.153,-0.2137,-0.0303,-0.1834,80.0,1.0
2026-07-10,3.0,2.0,-0.2285,0.0,0.0579,-0.0579,79.0,-1.0
2026-07-13,7.0,6.0,0.0428,0.0,-0.0332,0.0332,77.0,-2.0
2026-07-14,-6.0,-4.0,-0.1402,-0.107,-0.1026,-0.0044,80.0,3.0
2026-07-15,-5.0,-3.0,-0.0266,0.0,0.0926,-0.0926,82.0,2.0
2026-07-16,2.0,2.0,0.065,0.0,0.0752,-0.0752,82.0,0.0
2026-07-17,0.0,-2.0,0.0502,0.0,-0.026,0.026,82.0,0.0
2026-07-20,5.0,5.0,-0.1359,0.0,0.029,-0.029,81.0,-1.0
2026-07-21,4.0,3.0,-0.0177,0.0,-0.078,0.078,80.0,-1.0
2026-07-22,4.0,4.0,0.1019,0.0,-0.0506,0.0506,79.0,-1.0
2026-07-23,5.0,4.0,-0.0354,-0.1071,-0.0607,-0.0464,80.0,1.0
2026-07-24,-3.0,-2.0,0.0266,-0.2146,-0.0679,-0.1467,82.0,2.0
2026-07-27,-3.0,-4.0,-0.0916,0.0,0.0507,-0.0507,82.0,0.0
2026-07-28,-5.0,-4.0,0.0783,0.0,0.0709,-0.0709,85.0,3.0
2026-07-29,2.0,6.0,-0.0724,0.0,0.0854,-0.0854,84.0,-1.0
2026-07-30,1.0,1.0,-0.1642,0.0,-0.0665,0.0665,85.0,1.0
2026-07-31,7.0,7.0,-0.0607,0.0,-0.0086,0.0086,84.0,-1.0
2026-08-03,-5.0,-5.0,0.08,-0.1075,-0.1127,0.0053,84.0,0.0
2026-08-04,-7.0,-7.0,-0.0459,0.0,0.0955,-0.0955,85.0,1.0
2026-08-05,0.0,0.0,-0.0726,0.1075,0.1302,-0.0227,84.0,-1.0
2026-08-06,7.0,6.0,0.0074,0.0,0.0087,-0.0087,81.0,-3.0
2026-08-07,-5.0,-4.0,-0.0207,0.0,-0.1026,0.1026,82.0,1.0
2026-08-10,6.0,7.0,-0.0326,0.0,0.0854,-0.0854,80.0,-2.0
2026-08-11,-2.0,-2.0,-0.003,0.0,-0.1055,0.1055,82.0,2.0
2026-08-12,-1.0,-2.0,-0.0252,0.0,0.0434,-0.0434,82.0,0.0
2026-08-13,-6.0,-5.0,-0.0074,0.0,0.0362,-0.0362,83.0,1.0
2026-08-14,4.0,5.0,-0.0237,0.0,0.1027,-0.1027,81.0,-2.0
2026-08-17,2.0,4.0,-0.0193,0.0,-0.0708,0.0708,81.0,0.0
2026-08-18,-1.0,-1.0,0.046,0.0,-0.0462,0.0462,83.0,2.0
2026-08-19,-2.0,-6.0,-0.2004,0.0,0.0261,-0.0261,84.0,1.0
2026-08-20,4.0,4.0,-0.1041,0.0,0.0839,-0.0839,83.0,-1.0
2026-08-21,4.0,5.0,-0.0223,0.0,-0.0607,0.0607,81.0,-2.0
2026-08-24,-2.0,-4.0,0.0134,0.0,-0.0708,0.0708,82.0,1.0
2026-08-25,-6.0,-6.0,-0.0238,0.0,0.0637,-0.0637,84.0,2.0
2026-08-26,2.0,2.0,0.0327,0.2146,0.1128,0.1018,82.0,-2.0
2026-08-27,1.0,1.0,-0.0402,0.0,-0.026,0.026,82.0,0.0
2026-08-28,10.0,6.0,0.0922,-0.1072,-0.0086,-0.0986,78.0,-4.0
2026-08-31,1.0,2.0,,0.0,-0.1243,0.1243,80.0,2.0
2026-09-01,6.0,4.0,,-0.1074,-0.0187,-0.0886,79.0,-1.0
2026-09-02,-1.0,0.0,,-0.2151,-0.0751,-0.1399,81.0,2.0
2026-09-03,-2.0,-2.0,,0.0,0.016,-0.016,81.0,0.0
2026-09-04,2.0,1.0,,0.0,0.0434,-0.0434,,
