model,caliber,conf,date,ret,var,exceed_ratio,is_doubtful,doubtful_series,near_ghost,near_event,co_3141_pct
HS250,主,95,2022-08-05,-0.7185,0.598965,1.1995692569682703,False,,False,2022-08-05 7月非农强劲 加息预期升温,0.1383
M1,主,95,2022-08-05,-0.7185,0.516809,1.390262166487039,False,,False,2022-08-05 7月非农强劲 加息预期升温,0.1383
M1d,主,95,2022-08-05,-0.7185,0.516812,1.3902540962671144,False,,False,2022-08-05 7月非农强劲 加息预期升温,0.1383
M1e,主,95,2022-08-05,-0.7185,0.547144,1.3131826356498473,False,,False,2022-08-05 7月非农强劲 加息预期升温,0.1383
M1g,主,95,2022-08-05,-0.7185,0.656998,1.093610635039985,False,,False,2022-08-05 7月非农强劲 加息预期升温,0.1383
M1g-t,主,95,2022-08-05,-0.7185,0.651922,1.102125714425959,False,,False,2022-08-05 7月非农强劲 加息预期升温,0.1383
M1,主,95,2022-08-29,-0.5373,0.526205,1.0210849383795289,False,,False,,-0.2789
M1d,主,95,2022-08-29,-0.5373,0.52621,1.0210752361224606,False,,False,,-0.2789
M1e,主,95,2022-08-29,-0.5373,0.498426,1.0779935236123317,False,,False,,-0.2789
M1,主,95,2022-09-06,-0.5368,0.530423,1.0120224801714859,False,,False,2022-09-06 人民币贬向6.9 美元指数走强,0.0
M1d,主,95,2022-09-06,-0.5368,0.530428,1.0120129404933376,False,,False,2022-09-06 人民币贬向6.9 美元指数走强,0.0
M1e,主,95,2022-09-06,-0.5368,0.516478,1.0393472713261747,False,,False,2022-09-06 人民币贬向6.9 美元指数走强,0.0
HS250,主,95,2022-09-22,-0.7129,0.60532,1.1777241789466728,False,,True,2022-09-22 FOMC鹰派点阵图 收益率上行；2022-09-26 英国迷你预算危机 全球利率上行；2022-09-28 英央行紧急购债 全球收益率回落,-0.4273
M1,主,95,2022-09-22,-0.7129,0.53299,1.337548546877052,False,,True,2022-09-22 FOMC鹰派点阵图 收益率上行；2022-09-26 英国迷你预算危机 全球利率上行；2022-09-28 英央行紧急购债 全球收益率回落,-0.4273
M1d,主,95,2022-09-22,-0.7129,0.532995,1.3375359993996192,False,,True,2022-09-22 FOMC鹰派点阵图 收益率上行；2022-09-26 英国迷你预算危机 全球利率上行；2022-09-28 英央行紧急购债 全球收益率回落,-0.4273
M1e,主,95,2022-09-22,-0.7129,0.440397,1.6187667036787263,False,,True,2022-09-22 FOMC鹰派点阵图 收益率上行；2022-09-26 英国迷你预算危机 全球利率上行；2022-09-28 英央行紧急购债 全球收益率回落,-0.4273
M1g,主,95,2022-09-22,-0.7129,0.467658,1.5244045862574787,False,,True,2022-09-22 FOMC鹰派点阵图 收益率上行；2022-09-26 英国迷你预算危机 全球利率上行；2022-09-28 英央行紧急购债 全球收益率回落,-0.4273
M1g-t,主,95,2022-09-22,-0.7129,0.455309,1.5657498533962648,False,,True,2022-09-22 FOMC鹰派点阵图 收益率上行；2022-09-26 英国迷你预算危机 全球利率上行；2022-09-28 英央行紧急购债 全球收益率回落,-0.4273
HS250,主,95,2022-09-26,-0.9128,0.60875,1.499466119096509,False,,True,2022-09-22 FOMC鹰派点阵图 收益率上行；2022-09-26 英国迷你预算危机 全球利率上行；2022-09-28 英央行紧急购债 全球收益率回落,-0.7905
M1,主,95,2022-09-26,-0.9128,0.536634,1.7009731027105994,False,,True,2022-09-22 FOMC鹰派点阵图 收益率上行；2022-09-26 英国迷你预算危机 全球利率上行；2022-09-28 英央行紧急购债 全球收益率回落,-0.7905
M1d,主,95,2022-09-26,-0.9128,0.536639,1.7009572543180798,False,,True,2022-09-22 FOMC鹰派点阵图 收益率上行；2022-09-26 英国迷你预算危机 全球利率上行；2022-09-28 英央行紧急购债 全球收益率回落,-0.7905
M1e,主,95,2022-09-26,-0.9128,0.504872,1.807983013516297,False,,True,2022-09-22 FOMC鹰派点阵图 收益率上行；2022-09-26 英国迷你预算危机 全球利率上行；2022-09-28 英央行紧急购债 全球收益率回落,-0.7905
M1g,主,95,2022-09-26,-0.9128,0.53241,1.7144681730245486,False,,True,2022-09-22 FOMC鹰派点阵图 收益率上行；2022-09-26 英国迷你预算危机 全球利率上行；2022-09-28 英央行紧急购债 全球收益率回落,-0.7905
M1g-t,主,95,2022-09-26,-0.9128,0.521534,1.7502214620715042,False,,True,2022-09-22 FOMC鹰派点阵图 收益率上行；2022-09-26 英国迷你预算危机 全球利率上行；2022-09-28 英央行紧急购债 全球收益率回落,-0.7905
M1e,主,95,2023-02-06,-0.4987,0.497011,1.0033983151278343,False,,False,,-0.7008
HS250,主,95,2023-02-21,-0.6756,0.55368,1.2201993931512787,False,,False,,0.1434
M1,主,95,2023-02-21,-0.6756,0.60439,1.1178212743427258,False,,False,,0.1434
M1d,主,95,2023-02-21,-0.6756,0.604394,1.1178138763786536,False,,False,,0.1434
M1e,主,95,2023-02-21,-0.6756,0.442931,1.5252940074187626,False,,False,,0.1434
M1g,主,95,2023-02-21,-0.6756,0.497331,1.3584514136460424,False,,False,,0.1434
M1g-t,主,95,2023-02-21,-0.6756,0.477858,1.413809123212335,False,,False,,0.1434
HS250,主,95,2023-03-14,-0.562,0.545805,1.0296717692216086,False,,False,2023-03-10 硅谷银行SVB被接管 避险；2023-03-13 SVB传染 瑞信危机发酵；2023-03-14 美联储新工具BTFP 银行风险缓解 投资级债涨；2023-03-17 瑞信危机蔓延 美债收益率续降,0.6413
HS250,主,95,2023-03-27,-0.6471,0.538015,1.2027545700398687,False,,False,2023-03-23 美联储加息25bp接近尾声 美元走弱,0.0699
M1,主,95,2023-03-27,-0.6471,0.600109,1.0783041080870308,False,,False,2023-03-23 美联储加息25bp接近尾声 美元走弱,0.0699
M1d,主,95,2023-03-27,-0.6471,0.600112,1.07829871757272,False,,False,2023-03-23 美联储加息25bp接近尾声 美元走弱,0.0699
M1e,主,95,2023-06-29,-0.506,0.371586,1.3617305280607988,False,,False,2023-06-26 人民币续贬(中美利差/经济预期),0.0712
M1g,主,95,2023-06-29,-0.506,0.410446,1.2328052898554256,False,,False,2023-06-26 人民币续贬(中美利差/经济预期),0.0712
M1g-t,主,95,2023-06-29,-0.506,0.402922,1.2558261896843559,False,,False,2023-06-26 人民币续贬(中美利差/经济预期),0.0712
M1e,主,95,2023-07-06,-0.4107,0.396327,1.0362655080274623,False,,False,,-1.0058
FHS-E,主,95,2023-08-03,-0.4794,0.401364,1.1944270039166442,False,,False,,-0.7945
FHS-G,主,95,2023-08-03,-0.4794,0.411283,1.1656207526204583,False,,False,,-0.7945
M1e,主,95,2023-08-03,-0.4794,0.431758,1.110344220605061,False,,False,,-0.7945
M1g,主,95,2023-08-03,-0.4794,0.45995,1.0422872051309924,False,,False,,-0.7945
M1g-t,主,95,2023-08-03,-0.4794,0.458557,1.0454534550775585,False,,False,,-0.7945
FHS-E,主,95,2023-08-21,-0.4678,0.405095,1.1547908515286538,False,,False,,0.3641
FHS-G,主,95,2023-08-21,-0.4678,0.411358,1.1372089518132624,False,,False,,0.3641
M1e,主,95,2023-08-21,-0.4678,0.435772,1.07349714988572,False,,False,,0.3641
M1g,主,95,2023-08-21,-0.4678,0.460034,1.0168813609428868,False,,False,,0.3641
M1g-t,主,95,2023-08-21,-0.4678,0.456523,1.024701931775617,False,,False,,0.3641
FHS-E,主,95,2023-09-05,-0.5318,0.408905,1.3005465817243616,False,,False,2023-09-11 央行维稳+美元回落 人民币急升,0.0
FHS-G,主,95,2023-09-05,-0.5318,0.424998,1.251300006117676,False,,False,2023-09-11 央行维稳+美元回落 人民币急升,0.0
HS250,主,95,2023-09-05,-0.5318,0.47418,1.1215150364840358,False,,False,2023-09-11 央行维稳+美元回落 人民币急升,0.0
M1e,主,95,2023-09-05,-0.5318,0.446143,1.1919944950385863,False,,False,2023-09-11 央行维稳+美元回落 人民币急升,0.0
M1g,主,95,2023-09-05,-0.5318,0.475289,1.1188981861562124,False,,False,2023-09-11 央行维稳+美元回落 人民币急升,0.0
M1g-t,主,95,2023-09-05,-0.5318,0.473645,1.1227818302737285,False,,False,2023-09-11 央行维稳+美元回落 人民币急升,0.0
FHS-E,主,95,2023-09-21,-0.4331,0.33355,1.2984560035976613,False,,False,,-0.3625
FHS-G,主,95,2023-09-21,-0.4331,0.365595,1.1846442101232237,False,,False,,-0.3625
M1e,主,95,2023-09-21,-0.4331,0.363926,1.1900771035869928,False,,False,,-0.3625
M1g,主,95,2023-09-21,-0.4331,0.408856,1.0592971608585908,False,,False,,-0.3625
M1g-t,主,95,2023-09-21,-0.4331,0.396801,1.0914791041353222,False,,False,,-0.3625
FHS-E,主,95,2023-10-03,-0.8393,0.317782,2.6411187543662007,False,,True,2023-10-04 美债长端急升(10Y创多年新高) 全球利差走阔,-0.1461
FHS-G,主,95,2023-10-03,-0.8393,0.349347,2.4024823456334246,False,,True,2023-10-04 美债长端急升(10Y创多年新高) 全球利差走阔,-0.1461
HS250,主,95,2023-10-03,-0.8393,0.44454,1.888019075898682,False,,True,2023-10-04 美债长端急升(10Y创多年新高) 全球利差走阔,-0.1461
HS500,主,95,2023-10-03,-0.8393,0.533855,1.5721497410345509,False,,True,2023-10-04 美债长端急升(10Y创多年新高) 全球利差走阔,-0.1461
M1,主,95,2023-10-03,-0.8393,0.521114,1.6105880862920592,False,,True,2023-10-04 美债长端急升(10Y创多年新高) 全球利差走阔,-0.1461
M1d,主,95,2023-10-03,-0.8393,0.521112,1.6105942676430403,False,,True,2023-10-04 美债长端急升(10Y创多年新高) 全球利差走阔,-0.1461
M1e,主,95,2023-10-03,-0.8393,0.353717,2.372800854920742,False,,True,2023-10-04 美债长端急升(10Y创多年新高) 全球利差走阔,-0.1461
M1g,主,95,2023-10-03,-0.8393,0.395055,2.1245143081343105,False,,True,2023-10-04 美债长端急升(10Y创多年新高) 全球利差走阔,-0.1461
M1g-t,主,95,2023-10-03,-0.8393,0.387292,2.167098726542247,False,,True,2023-10-04 美债长端急升(10Y创多年新高) 全球利差走阔,-0.1461
FHS-E,主,95,2023-10-12,-0.4677,0.462602,1.0110202722858959,False,,False,,0.3705
FHS-G,主,95,2023-10-12,-0.4677,0.451555,1.0357542270598266,False,,False,,0.3705
HS250,主,95,2023-10-12,-0.4677,0.44454,1.052098798758267,False,,False,,0.3705
FHS-E,主,95,2023-11-09,-0.5037,0.467293,1.0779104330687599,False,,False,2023-11-06 风险偏好修复 利差收窄；2023-11-14 美国10月CPI低于预期(3.2%)；2023-11-15 CPI后信用大涨 利差大幅收窄,0.8055
FHS-G,主,95,2023-11-09,-0.5037,0.470378,1.070840898171258,False,,False,2023-11-06 风险偏好修复 利差收窄；2023-11-14 美国10月CPI低于预期(3.2%)；2023-11-15 CPI后信用大涨 利差大幅收窄,0.8055
HS250,主,95,2023-11-09,-0.5037,0.430085,1.1711638397061046,False,,False,2023-11-06 风险偏好修复 利差收窄；2023-11-14 美国10月CPI低于预期(3.2%)；2023-11-15 CPI后信用大涨 利差大幅收窄,0.8055
FHS-E,主,95,2024-01-04,-0.4459,0.441226,1.0105932107355415,False,,False,2024-01-02 年初购汇需求与美元偏强 人民币走弱,0.0
HS250,主,95,2024-01-04,-0.4459,0.44069,1.0118223694660646,False,,False,2024-01-02 年初购汇需求与美元偏强 人民币走弱,0.0
FHS-E,主,95,2024-02-02,-0.5422,0.395983,1.3692507001563199,True,dOAS_bp,False,2024-02-07 中国股市流动性风险+美债收益率上行,0.0
FHS-G,主,95,2024-02-02,-0.5422,0.426051,1.2726175974237826,True,dOAS_bp,False,2024-02-07 中国股市流动性风险+美债收益率上行,0.0
HS250,主,95,2024-02-02,-0.5422,0.44645,1.2144697054541382,True,dOAS_bp,False,2024-02-07 中国股市流动性风险+美债收益率上行,0.0
HS500,主,95,2024-02-02,-0.5422,0.53237,1.0184646016867969,True,dOAS_bp,False,2024-02-07 中国股市流动性风险+美债收益率上行,0.0
M1,主,95,2024-02-02,-0.5422,0.500039,1.084315423396975,True,dOAS_bp,False,2024-02-07 中国股市流动性风险+美债收益率上行,0.0
M1d,主,95,2024-02-02,-0.5422,0.500038,1.0843175918630186,True,dOAS_bp,False,2024-02-07 中国股市流动性风险+美债收益率上行,0.0
M1e,主,95,2024-02-02,-0.5422,0.436617,1.241820634560725,True,dOAS_bp,False,2024-02-07 中国股市流动性风险+美债收益率上行,0.0
M1g,主,95,2024-02-02,-0.5422,0.481794,1.1253772359141043,True,dOAS_bp,False,2024-02-07 中国股市流动性风险+美债收益率上行,0.0
M1g-t,主,95,2024-02-02,-0.5422,0.473552,1.1449640166233066,True,dOAS_bp,False,2024-02-07 中国股市流动性风险+美债收益率上行,0.0
FHS-E,主,95,2024-02-05,-0.5562,0.432601,1.2857113136585445,False,,False,2024-02-07 中国股市流动性风险+美债收益率上行,-0.2813
FHS-G,主,95,2024-02-05,-0.5562,0.452913,1.2280504202793914,False,,False,2024-02-07 中国股市流动性风险+美债收益率上行,-0.2813
HS250,主,95,2024-02-05,-0.5562,0.45834,1.2135096216782302,False,,False,2024-02-07 中国股市流动性风险+美债收益率上行,-0.2813
HS500,主,95,2024-02-05,-0.5562,0.533855,1.041855934663907,False,,False,2024-02-07 中国股市流动性风险+美债收益率上行,-0.2813
M1,主,95,2024-02-05,-0.5562,0.50185,1.1082992926173159,False,,False,2024-02-07 中国股市流动性风险+美债收益率上行,-0.2813
M1d,主,95,2024-02-05,-0.5562,0.501849,1.1083015010491204,False,,False,2024-02-07 中国股市流动性风险+美债收益率上行,-0.2813
M1e,主,95,2024-02-05,-0.5562,0.476363,1.1675969796142858,False,,False,2024-02-07 中国股市流动性风险+美债收益率上行,-0.2813
M1g,主,95,2024-02-05,-0.5562,0.50211,1.1077253988169924,False,,False,2024-02-07 中国股市流动性风险+美债收益率上行,-0.2813
M1g-t,主,95,2024-02-05,-0.5562,0.498967,1.1147029763491374,False,,False,2024-02-07 中国股市流动性风险+美债收益率上行,-0.2813
FHS-E,主,95,2024-03-14,-0.352,0.297105,1.1847663284024166,False,,False,,0.0
FHS-G,主,95,2024-03-14,-0.352,0.345172,1.0197814422954352,False,,False,,0.0
M1e,主,95,2024-03-14,-0.352,0.330258,1.0658333787523693,False,,False,,0.0
FHS-E,主,95,2024-04-02,-0.4443,0.258025,1.7219261699447728,False,,False,,-0.6322
FHS-G,主,95,2024-04-02,-0.4443,0.304033,1.461354524015485,False,,False,,-0.6322
HS250,主,95,2024-04-02,-0.4443,0.41906,1.0602300386579486,False,,False,,-0.6322
M1e,主,95,2024-04-02,-0.4443,0.284126,1.5637428464836023,False,,False,,-0.6322
M1g,主,95,2024-04-02,-0.4443,0.34788,1.277164539496378,False,,False,,-0.6322
M1g-t,主,95,2024-04-02,-0.4443,0.339116,1.310171150874627,False,,False,,-0.6322
FHS-E,主,95,2024-04-10,-0.656,0.284871,2.302796704473253,False,,False,2024-04-10 美国3月CPI超预期 收益率急升,-0.4963
FHS-G,主,95,2024-04-10,-0.656,0.322334,2.035156080339027,False,,False,2024-04-10 美国3月CPI超预期 收益率急升,-0.4963
HS250,主,95,2024-04-10,-0.656,0.42986,1.5260782580375005,False,,False,2024-04-10 美国3月CPI超预期 收益率急升,-0.4963
HS500,主,95,2024-04-10,-0.656,0.491575,1.3344860906270661,False,,False,2024-04-10 美国3月CPI超预期 收益率急升,-0.4963
M1,主,95,2024-04-10,-0.656,0.446282,1.4699226049896703,False,,False,2024-04-10 美国3月CPI超预期 收益率急升,-0.4963
M1d,主,95,2024-04-10,-0.656,0.446282,1.4699226049896703,False,,False,2024-04-10 美国3月CPI超预期 收益率急升,-0.4963
M1e,主,95,2024-04-10,-0.656,0.306926,2.1373230029388193,False,,False,2024-04-10 美国3月CPI超预期 收益率急升,-0.4963
M1g,主,95,2024-04-10,-0.656,0.363103,1.80664990374632,False,,False,2024-04-10 美国3月CPI超预期 收益率急升,-0.4963
M1g-t,主,95,2024-04-10,-0.656,0.359452,1.825000278201262,False,,False,2024-04-10 美国3月CPI超预期 收益率急升,-0.4963
FHS-E,主,95,2024-06-07,-0.564,0.364805,1.5460314414550238,True,dOAS_bp,False,,0.8398
FHS-G,主,95,2024-06-07,-0.564,0.37759,1.4936836250960035,True,dOAS_bp,False,,0.8398
HS250,主,95,2024-06-07,-0.564,0.43926,1.2839775986887036,True,dOAS_bp,False,,0.8398
HS500,主,95,2024-06-07,-0.564,0.480365,1.1741071893247843,True,dOAS_bp,False,,0.8398
M1,主,95,2024-06-07,-0.564,0.439965,1.2819201527394224,True,dOAS_bp,False,,0.8398
M1d,主,95,2024-06-07,-0.564,0.439964,1.281923066432708,True,dOAS_bp,False,,0.8398
M1e,主,95,2024-06-07,-0.564,0.384441,1.467065167346875,True,dOAS_bp,False,,0.8398
M1g,主,95,2024-06-07,-0.564,0.417311,1.3515100248974985,True,dOAS_bp,False,,0.8398
M1g-t,主,95,2024-06-07,-0.564,0.420182,1.3422754901447467,True,dOAS_bp,False,,0.8398
FHS-G,主,95,2024-08-06,-0.4138,0.41317,1.001524796088777,False,,False,2024-08-02 7月非农大幅走弱+日元套息平仓,0.0687
HS250,主,95,2024-08-06,-0.4138,0.40772,1.0149121946433826,False,,False,2024-08-02 7月非农大幅走弱+日元套息平仓,0.0687
FHS-E,主,95,2024-10-03,-0.3028,0.244217,1.239880925570292,False,,False,2024-10-04 9月非农强劲 收益率上行；2024-10-08 中国政策刺激后汇率波动 人民币回调,0.273
FHS-G,主,95,2024-10-03,-0.3028,0.27377,1.1060379150381707,False,,False,2024-10-04 9月非农强劲 收益率上行；2024-10-08 中国政策刺激后汇率波动 人民币回调,0.273
M1e,主,95,2024-10-03,-0.3028,0.294015,1.0298794279203443,False,,False,2024-10-04 9月非农强劲 收益率上行；2024-10-08 中国政策刺激后汇率波动 人民币回调,0.273
FHS-E,主,95,2024-10-04,-0.4747,0.262895,1.8056638581943363,False,,False,2024-10-04 9月非农强劲 收益率上行；2024-10-08 中国政策刺激后汇率波动 人民币回调,0.6116
FHS-G,主,95,2024-10-04,-0.4747,0.292847,1.6209829706297143,False,,False,2024-10-04 9月非农强劲 收益率上行；2024-10-08 中国政策刺激后汇率波动 人民币回调,0.6116
HS250,主,95,2024-10-04,-0.4747,0.35596,1.3335768063827396,False,,False,2024-10-04 9月非农强劲 收益率上行；2024-10-08 中国政策刺激后汇率波动 人民币回调,0.6116
HS500,主,95,2024-10-04,-0.4747,0.425925,1.1145154663379704,False,,False,2024-10-04 9月非农强劲 收益率上行；2024-10-08 中国政策刺激后汇率波动 人民币回调,0.6116
M1,主,95,2024-10-04,-0.4747,0.414845,1.1442828044209283,False,,False,2024-10-04 9月非农强劲 收益率上行；2024-10-08 中国政策刺激后汇率波动 人民币回调,0.6116
M1d,主,95,2024-10-04,-0.4747,0.414846,1.1442800460893923,False,,False,2024-10-04 9月非农强劲 收益率上行；2024-10-08 中国政策刺激后汇率波动 人民币回调,0.6116
M1e,主,95,2024-10-04,-0.4747,0.310069,1.530949562839239,False,,False,2024-10-04 9月非农强劲 收益率上行；2024-10-08 中国政策刺激后汇率波动 人民币回调,0.6116
M1g,主,95,2024-10-04,-0.4747,0.366694,1.2945398615739554,False,,False,2024-10-04 9月非农强劲 收益率上行；2024-10-08 中国政策刺激后汇率波动 人民币回调,0.6116
M1g-t,主,95,2024-10-04,-0.4747,0.361677,1.312497062295916,False,,False,2024-10-04 9月非农强劲 收益率上行；2024-10-08 中国政策刺激后汇率波动 人民币回调,0.6116
FHS-E,主,95,2024-10-17,-0.2731,0.270913,1.0080727023066445,False,,False,,0.8242
FHS-E,主,95,2024-10-21,-0.3654,0.273265,1.3371635591824786,False,,False,,0.1376
FHS-G,主,95,2024-10-21,-0.3654,0.28704,1.2729933110367893,False,,False,,0.1376
HS250,主,95,2024-10-21,-0.3654,0.338075,1.0808252606670117,False,,False,,0.1376
M1e,主,95,2024-10-21,-0.3654,0.324683,1.1254053954164525,False,,False,,0.1376
FHS-E,主,95,2024-11-01,-0.4436,0.251836,1.7614638097809685,False,,False,2024-11-06 特朗普胜选 美债收益率上行 美元大涨,0.0696
FHS-G,主,95,2024-11-01,-0.4436,0.28317,1.5665501288978354,False,,False,2024-11-06 特朗普胜选 美债收益率上行 美元大涨,0.0696
HS250,主,95,2024-11-01,-0.4436,0.345835,1.2826926135295733,False,,False,2024-11-06 特朗普胜选 美债收益率上行 美元大涨,0.0696
HS500,主,95,2024-11-01,-0.4436,0.40576,1.0932570977917981,False,,False,2024-11-06 特朗普胜选 美债收益率上行 美元大涨,0.0696
M1,主,95,2024-11-01,-0.4436,0.398111,1.1142621027803803,False,,False,2024-11-06 特朗普胜选 美债收益率上行 美元大涨,0.0696
M1d,主,95,2024-11-01,-0.4436,0.39811,1.114264901660345,False,,False,2024-11-06 特朗普胜选 美债收益率上行 美元大涨,0.0696
M1e,主,95,2024-11-01,-0.4436,0.297027,1.4934669238823408,False,,False,2024-11-06 特朗普胜选 美债收益率上行 美元大涨,0.0696
M1g,主,95,2024-11-01,-0.4436,0.354578,1.2510646458607133,False,,False,2024-11-06 特朗普胜选 美债收益率上行 美元大涨,0.0696
M1g-t,主,95,2024-11-01,-0.4436,0.350879,1.2642534890945312,False,,False,2024-11-06 特朗普胜选 美债收益率上行 美元大涨,0.0696
FHS-E,主,95,2024-11-06,-0.5307,0.299052,1.7746077605232533,False,,False,2024-11-06 特朗普胜选 美债收益率上行 美元大涨,0.4859
FHS-G,主,95,2024-11-06,-0.5307,0.317473,1.6716382180531886,False,,False,2024-11-06 特朗普胜选 美债收益率上行 美元大涨,0.4859
HS250,主,95,2024-11-06,-0.5307,0.35596,1.490897853691426,False,,False,2024-11-06 特朗普胜选 美债收益率上行 美元大涨,0.4859
HS500,主,95,2024-11-06,-0.5307,0.410855,1.291696583952976,False,,False,2024-11-06 特朗普胜选 美债收益率上行 美元大涨,0.4859
HS750,主,95,2024-11-06,-0.5307,0.504635,1.0516511934368404,False,,False,2024-11-06 特朗普胜选 美债收益率上行 美元大涨,0.4859
M1,主,95,2024-11-06,-0.5307,0.39636,1.338934302149561,False,,False,2024-11-06 特朗普胜选 美债收益率上行 美元大涨,0.4859
M1d,主,95,2024-11-06,-0.5307,0.39636,1.338934302149561,False,,False,2024-11-06 特朗普胜选 美债收益率上行 美元大涨,0.4859
M1e,主,95,2024-11-06,-0.5307,0.343479,1.5450726245272637,False,,False,2024-11-06 特朗普胜选 美债收益率上行 美元大涨,0.4859
M1g,主,95,2024-11-06,-0.5307,0.382231,1.3884274169285065,False,,False,2024-11-06 特朗普胜选 美债收益率上行 美元大涨,0.4859
M1g-t,主,95,2024-11-06,-0.5307,0.383232,1.3848008517034067,False,,False,2024-11-06 特朗普胜选 美债收益率上行 美元大涨,0.4859
FHS-E,主,95,2024-11-12,-0.4431,0.372056,1.1909497495000751,False,,False,2024-11-06 特朗普胜选 美债收益率上行 美元大涨,0.831
FHS-G,主,95,2024-11-12,-0.4431,0.361731,1.2249433971652968,False,,False,2024-11-06 特朗普胜选 美债收益率上行 美元大涨,0.831
HS250,主,95,2024-11-12,-0.4431,0.35596,1.244802786829981,False,,False,2024-11-06 特朗普胜选 美债收益率上行 美元大涨,0.831
HS500,主,95,2024-11-12,-0.4431,0.414405,1.0692438556484598,False,,False,2024-11-06 特朗普胜选 美债收益率上行 美元大涨,0.831
M1,主,95,2024-11-12,-0.4431,0.398831,1.1109968884063677,False,,False,2024-11-06 特朗普胜选 美债收益率上行 美元大涨,0.831
M1d,主,95,2024-11-12,-0.4431,0.39883,1.1109996740465862,False,,False,2024-11-06 特朗普胜选 美债收益率上行 美元大涨,0.831
M1e,主,95,2024-11-12,-0.4431,0.427326,1.036913269962511,False,,False,2024-11-06 特朗普胜选 美债收益率上行 美元大涨,0.831
M1g,主,95,2024-11-12,-0.4431,0.435517,1.0174114902518157,False,,False,2024-11-06 特朗普胜选 美债收益率上行 美元大涨,0.831
FHS-E,主,95,2024-12-18,-0.4002,0.303483,1.3186900089955615,False,,False,,-0.6949
FHS-G,主,95,2024-12-18,-0.4002,0.327475,1.222078021222994,False,,False,,-0.6949
HS250,主,95,2024-12-18,-0.4002,0.3592,1.114142538975501,False,,False,,-0.6949
M1,主,95,2024-12-18,-0.4002,0.374162,1.0695901775166907,False,,False,,-0.6949
M1d,主,95,2024-12-18,-0.4002,0.37416,1.0695958948043618,False,,False,,-0.6949
M1e,主,95,2024-12-18,-0.4002,0.337677,1.1851562291775868,False,,False,,-0.6949
M1g,主,95,2024-12-18,-0.4002,0.385746,1.03747025244591,False,,False,,-0.6949
M1g-t,主,95,2024-12-18,-0.4002,0.382772,1.0455310210778217,False,,False,,-0.6949
FHS-E,主,95,2025-02-12,-0.3044,0.252868,1.2037901197462708,False,,False,,-0.7668
FHS-G,主,95,2025-02-12,-0.3044,0.27589,1.1033382869984414,False,,False,,-0.7668
M1e,主,95,2025-02-12,-0.3044,0.290433,1.0480902652246817,False,,False,,-0.7668
FHS-E,主,95,2025-03-24,-0.3426,0.274949,1.2460492673186665,True,ETF_ret_pct,False,,-0.3454
FHS-G,主,95,2025-03-24,-0.3426,0.286207,1.197035711914803,True,ETF_ret_pct,False,,-0.3454
HS250,主,95,2025-03-24,-0.3426,0.30836,1.1110390452717602,True,ETF_ret_pct,False,,-0.3454
M1e,主,95,2025-03-24,-0.3426,0.315795,1.084881014582245,True,ETF_ret_pct,False,,-0.3454
FHS-E,主,95,2025-04-07,-1.1491,0.299101,3.84184606537591,False,,True,"2025-04-02 美国""解放日""对等关税(中国累计约54%) 历史级risk-off；2025-04-08 美中关税加码至104% 人民币中间价破7.20 美债市场承压；2025-04-09 90天关税暂缓(不含中国) 美股+9.5%；2025-04-10 中国反制84%至125% 亚洲IG信用risk-off；2025-04-11 隔夜美股再跌后亚洲风险偏好修复",-0.8287
FHS-G,主,95,2025-04-07,-1.1491,0.297453,3.8631313182250637,False,,True,"2025-04-02 美国""解放日""对等关税(中国累计约54%) 历史级risk-off；2025-04-08 美中关税加码至104% 人民币中间价破7.20 美债市场承压；2025-04-09 90天关税暂缓(不含中国) 美股+9.5%；2025-04-10 中国反制84%至125% 亚洲IG信用risk-off；2025-04-11 隔夜美股再跌后亚洲风险偏好修复",-0.8287
HS250,主,95,2025-04-07,-1.1491,0.30836,3.726488519911791,False,,True,"2025-04-02 美国""解放日""对等关税(中国累计约54%) 历史级risk-off；2025-04-08 美中关税加码至104% 人民币中间价破7.20 美债市场承压；2025-04-09 90天关税暂缓(不含中国) 美股+9.5%；2025-04-10 中国反制84%至125% 亚洲IG信用risk-off；2025-04-11 隔夜美股再跌后亚洲风险偏好修复",-0.8287
HS500,主,95,2025-04-07,-1.1491,0.37741,3.0446993985321003,False,,True,"2025-04-02 美国""解放日""对等关税(中国累计约54%) 历史级risk-off；2025-04-08 美中关税加码至104% 人民币中间价破7.20 美债市场承压；2025-04-09 90天关税暂缓(不含中国) 美股+9.5%；2025-04-10 中国反制84%至125% 亚洲IG信用risk-off；2025-04-11 隔夜美股再跌后亚洲风险偏好修复",-0.8287
HS750,主,95,2025-04-07,-1.1491,0.45709,2.513946925113216,False,,True,"2025-04-02 美国""解放日""对等关税(中国累计约54%) 历史级risk-off；2025-04-08 美中关税加码至104% 人民币中间价破7.20 美债市场承压；2025-04-09 90天关税暂缓(不含中国) 美股+9.5%；2025-04-10 中国反制84%至125% 亚洲IG信用risk-off；2025-04-11 隔夜美股再跌后亚洲风险偏好修复",-0.8287
M1,主,95,2025-04-07,-1.1491,0.365586,3.1431728786113253,False,,True,"2025-04-02 美国""解放日""对等关税(中国累计约54%) 历史级risk-off；2025-04-08 美中关税加码至104% 人民币中间价破7.20 美债市场承压；2025-04-09 90天关税暂缓(不含中国) 美股+9.5%；2025-04-10 中国反制84%至125% 亚洲IG信用risk-off；2025-04-11 隔夜美股再跌后亚洲风险偏好修复",-0.8287
M1d,主,95,2025-04-07,-1.1491,0.365582,3.143207269504516,False,,True,"2025-04-02 美国""解放日""对等关税(中国累计约54%) 历史级risk-off；2025-04-08 美中关税加码至104% 人民币中间价破7.20 美债市场承压；2025-04-09 90天关税暂缓(不含中国) 美股+9.5%；2025-04-10 中国反制84%至125% 亚洲IG信用risk-off；2025-04-11 隔夜美股再跌后亚洲风险偏好修复",-0.8287
M1e,主,95,2025-04-07,-1.1491,0.343535,3.344928464348611,False,,True,"2025-04-02 美国""解放日""对等关税(中国累计约54%) 历史级risk-off；2025-04-08 美中关税加码至104% 人民币中间价破7.20 美债市场承压；2025-04-09 90天关税暂缓(不含中国) 美股+9.5%；2025-04-10 中国反制84%至125% 亚洲IG信用risk-off；2025-04-11 隔夜美股再跌后亚洲风险偏好修复",-0.8287
M1g,主,95,2025-04-07,-1.1491,0.372464,3.0851303750161088,False,,True,"2025-04-02 美国""解放日""对等关税(中国累计约54%) 历史级risk-off；2025-04-08 美中关税加码至104% 人民币中间价破7.20 美债市场承压；2025-04-09 90天关税暂缓(不含中国) 美股+9.5%；2025-04-10 中国反制84%至125% 亚洲IG信用risk-off；2025-04-11 隔夜美股再跌后亚洲风险偏好修复",-0.8287
M1g-t,主,95,2025-04-07,-1.1491,0.375016,3.0641359302003113,False,,True,"2025-04-02 美国""解放日""对等关税(中国累计约54%) 历史级risk-off；2025-04-08 美中关税加码至104% 人民币中间价破7.20 美债市场承压；2025-04-09 90天关税暂缓(不含中国) 美股+9.5%；2025-04-10 中国反制84%至125% 亚洲IG信用risk-off；2025-04-11 隔夜美股再跌后亚洲风险偏好修复",-0.8287
FHS-E,主,95,2025-04-09,-0.5725,0.511447,1.1193730728697207,False,,True,2025-04-08 美中关税加码至104% 人民币中间价破7.20 美债市场承压；2025-04-09 90天关税暂缓(不含中国) 美股+9.5%；2025-04-10 中国反制84%至125% 亚洲IG信用risk-off；2025-04-11 隔夜美股再跌后亚洲风险偏好修复,0.4196
FHS-G,主,95,2025-04-09,-0.5725,0.426205,1.3432503138161214,False,,True,2025-04-08 美中关税加码至104% 人民币中间价破7.20 美债市场承压；2025-04-09 90天关税暂缓(不含中国) 美股+9.5%；2025-04-10 中国反制84%至125% 亚洲IG信用risk-off；2025-04-11 隔夜美股再跌后亚洲风险偏好修复,0.4196
HS250,主,95,2025-04-09,-0.5725,0.32183,1.7788894758102103,False,,True,2025-04-08 美中关税加码至104% 人民币中间价破7.20 美债市场承压；2025-04-09 90天关税暂缓(不含中国) 美股+9.5%；2025-04-10 中国反制84%至125% 亚洲IG信用risk-off；2025-04-11 隔夜美股再跌后亚洲风险偏好修复,0.4196
HS500,主,95,2025-04-09,-0.5725,0.391365,1.4628288170889068,False,,True,2025-04-08 美中关税加码至104% 人民币中间价破7.20 美债市场承压；2025-04-09 90天关税暂缓(不含中国) 美股+9.5%；2025-04-10 中国反制84%至125% 亚洲IG信用risk-off；2025-04-11 隔夜美股再跌后亚洲风险偏好修复,0.4196
HS750,主,95,2025-04-09,-0.5725,0.45709,1.2524885689907896,False,,True,2025-04-08 美中关税加码至104% 人民币中间价破7.20 美债市场承压；2025-04-09 90天关税暂缓(不含中国) 美股+9.5%；2025-04-10 中国反制84%至125% 亚洲IG信用risk-off；2025-04-11 隔夜美股再跌后亚洲风险偏好修复,0.4196
M1,主,95,2025-04-09,-0.5725,0.385422,1.4853848508907121,False,,True,2025-04-08 美中关税加码至104% 人民币中间价破7.20 美债市场承压；2025-04-09 90天关税暂缓(不含中国) 美股+9.5%；2025-04-10 中国反制84%至125% 亚洲IG信用risk-off；2025-04-11 隔夜美股再跌后亚洲风险偏好修复,0.4196
M1d,主,95,2025-04-09,-0.5725,0.385418,1.4854002667234016,False,,True,2025-04-08 美中关税加码至104% 人民币中间价破7.20 美债市场承压；2025-04-09 90天关税暂缓(不含中国) 美股+9.5%；2025-04-10 中国反制84%至125% 亚洲IG信用risk-off；2025-04-11 隔夜美股再跌后亚洲风险偏好修复,0.4196
M1e,主,95,2025-04-09,-0.5725,0.559191,1.0238004545852848,False,,True,2025-04-08 美中关税加码至104% 人民币中间价破7.20 美债市场承压；2025-04-09 90天关税暂缓(不含中国) 美股+9.5%；2025-04-10 中国反制84%至125% 亚洲IG信用risk-off；2025-04-11 隔夜美股再跌后亚洲风险偏好修复,0.4196
M1g,主,95,2025-04-09,-0.5725,0.513141,1.1156777571856469,False,,True,2025-04-08 美中关税加码至104% 人民币中间价破7.20 美债市场承压；2025-04-09 90天关税暂缓(不含中国) 美股+9.5%；2025-04-10 中国反制84%至125% 亚洲IG信用risk-off；2025-04-11 隔夜美股再跌后亚洲风险偏好修复,0.4196
M1g-t,主,95,2025-04-09,-0.5725,0.530567,1.0790343161184166,False,,True,2025-04-08 美中关税加码至104% 人民币中间价破7.20 美债市场承压；2025-04-09 90天关税暂缓(不含中国) 美股+9.5%；2025-04-10 中国反制84%至125% 亚洲IG信用risk-off；2025-04-11 隔夜美股再跌后亚洲风险偏好修复,0.4196
HS250,主,95,2025-04-11,-0.3616,0.32183,1.1235745579964578,False,,True,2025-04-08 美中关税加码至104% 人民币中间价破7.20 美债市场承压；2025-04-09 90天关税暂缓(不含中国) 美股+9.5%；2025-04-10 中国反制84%至125% 亚洲IG信用risk-off；2025-04-11 隔夜美股再跌后亚洲风险偏好修复,0.6372
FHS-E,主,95,2025-05-02,-0.6138,0.440304,1.3940368472691596,False,,False,2025-05-07 中国央行宽松(降准50bp加7天逆回购降10bp),0.4164
FHS-G,主,95,2025-05-02,-0.6138,0.399627,1.5359322568294935,False,,False,2025-05-07 中国央行宽松(降准50bp加7天逆回购降10bp),0.4164
HS250,主,95,2025-05-02,-0.6138,0.326285,1.881177498199427,False,,False,2025-05-07 中国央行宽松(降准50bp加7天逆回购降10bp),0.4164
HS500,主,95,2025-05-02,-0.6138,0.391365,1.5683569046797745,False,,False,2025-05-07 中国央行宽松(降准50bp加7天逆回购降10bp),0.4164
HS750,主,95,2025-05-02,-0.6138,0.452595,1.3561793656580385,False,,False,2025-05-07 中国央行宽松(降准50bp加7天逆回购降10bp),0.4164
M1,主,95,2025-05-02,-0.6138,0.387213,1.58517405149104,False,,False,2025-05-07 中国央行宽松(降准50bp加7天逆回购降10bp),0.4164
M1d,主,95,2025-05-02,-0.6138,0.387209,1.5851904268754082,False,,False,2025-05-07 中国央行宽松(降准50bp加7天逆回购降10bp),0.4164
M1e,主,95,2025-05-02,-0.6138,0.481407,1.2750126192597948,False,,False,2025-05-07 中国央行宽松(降准50bp加7天逆回购降10bp),0.4164
M1g,主,95,2025-05-02,-0.6138,0.481142,1.275714861724813,False,,False,2025-05-07 中国央行宽松(降准50bp加7天逆回购降10bp),0.4164
M1g-t,主,95,2025-05-02,-0.6138,0.484349,1.267268023677142,False,,False,2025-05-07 中国央行宽松(降准50bp加7天逆回购降10bp),0.4164
HS250,主,95,2025-05-08,-0.3457,0.340665,1.0147799157530126,False,,False,2025-05-07 中国央行宽松(降准50bp加7天逆回购降10bp)；2025-05-12 美中日内瓦停火(美145%降至30% 中125%降至10%),0.4893
HS250,主,95,2025-05-21,-0.3737,0.344305,1.085374885639186,False,,False,,0.1381
FHS-E,主,95,2025-10-30,-0.4125,0.188456,2.1888398352931184,False,,False,2025-10-30 特朗普-习近平会晤达成一年战术休战,-0.605
FHS-G,主,95,2025-10-30,-0.4125,0.213614,1.931053208123063,False,,False,2025-10-30 特朗普-习近平会晤达成一年战术休战,-0.605
HS250,主,95,2025-10-30,-0.4125,0.297245,1.3877441168060018,False,,False,2025-10-30 特朗普-习近平会晤达成一年战术休战,-0.605
HS500,主,95,2025-10-30,-0.4125,0.338515,1.2185575233002968,False,,False,2025-10-30 特朗普-习近平会晤达成一年战术休战,-0.605
HS750,主,95,2025-10-30,-0.4125,0.37127,1.1110512564979664,False,,False,2025-10-30 特朗普-习近平会晤达成一年战术休战,-0.605
M1,主,95,2025-10-30,-0.4125,0.353726,1.1661568558714936,False,,False,2025-10-30 特朗普-习近平会晤达成一年战术休战,-0.605
M1d,主,95,2025-10-30,-0.4125,0.353722,1.1661700431412239,False,,False,2025-10-30 特朗普-习近平会晤达成一年战术休战,-0.605
M1e,主,95,2025-10-30,-0.4125,0.234112,1.7619771733187535,False,,False,2025-10-30 特朗普-习近平会晤达成一年战术休战,-0.605
M1g,主,95,2025-10-30,-0.4125,0.287738,1.4335958406606009,False,,False,2025-10-30 特朗普-习近平会晤达成一年战术休战,-0.605
M1g-t,主,95,2025-10-30,-0.4125,0.281527,1.4652235842388117,False,,False,2025-10-30 特朗普-习近平会晤达成一年战术休战,-0.605
FHS-E,主,95,2025-11-05,-0.262,0.20665,1.2678441809823373,False,,False,2025-10-30 特朗普-习近平会晤达成一年战术休战,0.0
FHS-G,主,95,2025-11-05,-0.262,0.226764,1.1553862165070294,False,,False,2025-10-30 特朗普-习近平会晤达成一年战术休战,0.0
M1e,主,95,2025-11-05,-0.262,0.256715,1.020587032312097,False,,False,2025-10-30 特朗普-习近平会晤达成一年战术休战,0.0
FHS-E,主,95,2025-12-01,-0.2662,0.182947,1.4550662213646575,False,,False,,0.0
FHS-G,主,95,2025-12-01,-0.2662,0.202156,1.3168048437840083,False,,False,,0.0
M1e,主,95,2025-12-01,-0.2662,0.237867,1.1191127815123578,False,,False,,0.0
FHS-E,主,95,2025-12-31,-0.1565,0.147523,1.0608515282362752,False,,False,,0.0
FHS-E,主,95,2026-01-20,-0.2056,0.136101,1.5106428314266611,False,,False,2026-01-23 人民币中间价创2023年来最强(6.9929) USDCNY破7,-0.0675
FHS-G,主,95,2026-01-20,-0.2056,0.149632,1.374037639007699,False,,False,2026-01-23 人民币中间价创2023年来最强(6.9929) USDCNY破7,-0.0675
M1e,主,95,2026-01-20,-0.2056,0.176958,1.161857615931464,False,,False,2026-01-23 人民币中间价创2023年来最强(6.9929) USDCNY破7,-0.0675
FHS-E,主,95,2026-03-02,-0.4005,0.171568,2.3343513941993845,False,,False,2026-02-28 美以空袭伊朗 海湾战争爆发；2026-03-02 开战首个交易日 布油大涨13% 全球risk-off,-0.2653
FHS-G,主,95,2026-03-02,-0.4005,0.164711,2.4315315916969724,False,,False,2026-02-28 美以空袭伊朗 海湾战争爆发；2026-03-02 开战首个交易日 布油大涨13% 全球risk-off,-0.2653
HS250,主,95,2026-03-02,-0.4005,0.25741,1.5558836098053688,False,,False,2026-02-28 美以空袭伊朗 海湾战争爆发；2026-03-02 开战首个交易日 布油大涨13% 全球risk-off,-0.2653
HS500,主,95,2026-03-02,-0.4005,0.289215,1.384782946942586,False,,False,2026-02-28 美以空袭伊朗 海湾战争爆发；2026-03-02 开战首个交易日 布油大涨13% 全球risk-off,-0.2653
HS750,主,95,2026-03-02,-0.4005,0.36193,1.106567568314315,False,,False,2026-02-28 美以空袭伊朗 海湾战争爆发；2026-03-02 开战首个交易日 布油大涨13% 全球risk-off,-0.2653
M1,主,95,2026-03-02,-0.4005,0.317254,1.2623954307904708,False,,False,2026-02-28 美以空袭伊朗 海湾战争爆发；2026-03-02 开战首个交易日 布油大涨13% 全球risk-off,-0.2653
M1d,主,95,2026-03-02,-0.4005,0.317252,1.2624033891039301,False,,False,2026-02-28 美以空袭伊朗 海湾战争爆发；2026-03-02 开战首个交易日 布油大涨13% 全球risk-off,-0.2653
M1e,主,95,2026-03-02,-0.4005,0.223074,1.795368353102558,False,,False,2026-02-28 美以空袭伊朗 海湾战争爆发；2026-03-02 开战首个交易日 布油大涨13% 全球risk-off,-0.2653
M1g,主,95,2026-03-02,-0.4005,0.243356,1.6457371094199447,False,,False,2026-02-28 美以空袭伊朗 海湾战争爆发；2026-03-02 开战首个交易日 布油大涨13% 全球risk-off,-0.2653
M1g-t,主,95,2026-03-02,-0.4005,0.241199,1.6604546453343505,False,,False,2026-02-28 美以空袭伊朗 海湾战争爆发；2026-03-02 开战首个交易日 布油大涨13% 全球risk-off,-0.2653
FHS-E,主,95,2026-03-04,-0.2142,0.212438,1.0082941846562292,False,,False,2026-02-28 美以空袭伊朗 海湾战争爆发；2026-03-02 开战首个交易日 布油大涨13% 全球risk-off,-0.1999
FHS-G,主,95,2026-03-04,-0.2142,0.19742,1.0849964542599533,False,,False,2026-02-28 美以空袭伊朗 海湾战争爆发；2026-03-02 开战首个交易日 布油大涨13% 全球risk-off,-0.1999
FHS-E,主,95,2026-03-11,-0.215,0.192667,1.11591502436847,False,,False,,0.0
FHS-G,主,95,2026-03-11,-0.215,0.18789,1.1442865506413327,False,,False,,0.0
FHS-E,主,95,2026-03-12,-0.2576,0.203935,1.2631475715301443,False,,False,2026-03-18 FOMC按兵不动(3.50-3.75%) 点阵图仍显示1次降息,-0.2676
FHS-G,主,95,2026-03-12,-0.2576,0.203104,1.2683157397195526,False,,False,2026-03-18 FOMC按兵不动(3.50-3.75%) 点阵图仍显示1次降息,-0.2676
HS250,主,95,2026-03-12,-0.2576,0.25741,1.00073812206208,False,,False,2026-03-18 FOMC按兵不动(3.50-3.75%) 点阵图仍显示1次降息,-0.2676
M1e,主,95,2026-03-12,-0.2576,0.251607,1.0238188921611877,False,,False,2026-03-18 FOMC按兵不动(3.50-3.75%) 点阵图仍显示1次降息,-0.2676
FHS-E,主,95,2026-03-20,-0.4965,0.219174,2.265323441649101,False,,False,2026-03-18 FOMC按兵不动(3.50-3.75%) 点阵图仍显示1次降息；2026-03-23 海湾战争risk-off(霍尔木兹48小时通牒) 10Y创8个月高位,0.0
FHS-G,主,95,2026-03-20,-0.4965,0.222745,2.229006262766841,False,,False,2026-03-18 FOMC按兵不动(3.50-3.75%) 点阵图仍显示1次降息；2026-03-23 海湾战争risk-off(霍尔木兹48小时通牒) 10Y创8个月高位,0.0
HS250,主,95,2026-03-20,-0.4965,0.26002,1.9094685024228908,False,,False,2026-03-18 FOMC按兵不动(3.50-3.75%) 点阵图仍显示1次降息；2026-03-23 海湾战争risk-off(霍尔木兹48小时通牒) 10Y创8个月高位,0.0
HS500,主,95,2026-03-20,-0.4965,0.289215,1.7167159379700223,False,,False,2026-03-18 FOMC按兵不动(3.50-3.75%) 点阵图仍显示1次降息；2026-03-23 海湾战争risk-off(霍尔木兹48小时通牒) 10Y创8个月高位,0.0
HS750,主,95,2026-03-20,-0.4965,0.3592,1.3822383073496658,False,,False,2026-03-18 FOMC按兵不动(3.50-3.75%) 点阵图仍显示1次降息；2026-03-23 海湾战争risk-off(霍尔木兹48小时通牒) 10Y创8个月高位,0.0
M1,主,95,2026-03-20,-0.4965,0.316788,1.5672942156899883,False,,False,2026-03-18 FOMC按兵不动(3.50-3.75%) 点阵图仍显示1次降息；2026-03-23 海湾战争risk-off(霍尔木兹48小时通牒) 10Y创8个月高位,0.0
M1d,主,95,2026-03-20,-0.4965,0.316786,1.567304110661456,False,,False,2026-03-18 FOMC按兵不动(3.50-3.75%) 点阵图仍显示1次降息；2026-03-23 海湾战争risk-off(霍尔木兹48小时通牒) 10Y创8个月高位,0.0
M1e,主,95,2026-03-20,-0.4965,0.263402,1.8849515189710022,False,,False,2026-03-18 FOMC按兵不动(3.50-3.75%) 点阵图仍显示1次降息；2026-03-23 海湾战争risk-off(霍尔木兹48小时通牒) 10Y创8个月高位,0.0
M1g,主,95,2026-03-20,-0.4965,0.286468,1.7331778767611041,False,,False,2026-03-18 FOMC按兵不动(3.50-3.75%) 点阵图仍显示1次降息；2026-03-23 海湾战争risk-off(霍尔木兹48小时通牒) 10Y创8个月高位,0.0
M1g-t,主,95,2026-03-20,-0.4965,0.287028,1.7297963961704084,False,,False,2026-03-18 FOMC按兵不动(3.50-3.75%) 点阵图仍显示1次降息；2026-03-23 海湾战争risk-off(霍尔木兹48小时通牒) 10Y创8个月高位,0.0
FHS-E,主,95,2026-03-26,-0.4076,0.278705,1.4624782476094798,False,,False,2026-03-23 海湾战争risk-off(霍尔木兹48小时通牒) 10Y创8个月高位,-0.0675
FHS-G,主,95,2026-03-26,-0.4076,0.266949,1.5268834121873467,False,,False,2026-03-23 海湾战争risk-off(霍尔木兹48小时通牒) 10Y创8个月高位,-0.0675
HS250,主,95,2026-03-26,-0.4076,0.26002,1.567571725251904,False,,False,2026-03-23 海湾战争risk-off(霍尔木兹48小时通牒) 10Y创8个月高位,-0.0675
HS500,主,95,2026-03-26,-0.4076,0.30288,1.3457474907554148,False,,False,2026-03-23 海湾战争risk-off(霍尔木兹48小时通牒) 10Y创8个月高位,-0.0675
HS750,主,95,2026-03-26,-0.4076,0.3592,1.1347438752783965,False,,False,2026-03-23 海湾战争risk-off(霍尔木兹48小时通牒) 10Y创8个月高位,-0.0675
M1,主,95,2026-03-26,-0.4076,0.32082,1.2704943582070944,False,,False,2026-03-23 海湾战争risk-off(霍尔木兹48小时通牒) 10Y创8个月高位,-0.0675
M1d,主,95,2026-03-26,-0.4076,0.320819,1.270498318366431,False,,False,2026-03-23 海湾战争risk-off(霍尔木兹48小时通牒) 10Y创8个月高位,-0.0675
M1e,主,95,2026-03-26,-0.4076,0.334946,1.2169125769527027,False,,False,2026-03-23 海湾战争risk-off(霍尔木兹48小时通牒) 10Y创8个月高位,-0.0675
M1g,主,95,2026-03-26,-0.4076,0.343317,1.1872409464139557,False,,False,2026-03-23 海湾战争risk-off(霍尔木兹48小时通牒) 10Y创8个月高位,-0.0675
M1g-t,主,95,2026-03-26,-0.4076,0.346474,1.1764230505030682,False,,False,2026-03-23 海湾战争risk-off(霍尔木兹48小时通牒) 10Y创8个月高位,-0.0675
FHS-E,主,95,2026-04-29,-0.2649,0.224568,1.1795981618039972,False,,False,,-0.0673
FHS-G,主,95,2026-04-29,-0.2649,0.23058,1.1488420504813948,False,,False,,-0.0673
HS250,主,95,2026-04-29,-0.2649,0.245205,1.0803205481128035,False,,False,,-0.0673
FHS-E,主,95,2026-05-15,-0.4358,0.217961,1.999440266836728,False,,False,2026-05-19 美债长端抛售峰值 10Y约4.68% 30Y约5.2%,-0.2706
FHS-G,主,95,2026-05-15,-0.4358,0.225886,1.9292917666433511,False,,False,2026-05-19 美债长端抛售峰值 10Y约4.68% 30Y约5.2%,-0.2706
HS250,主,95,2026-05-15,-0.4358,0.22065,1.9750736460457738,False,,False,2026-05-19 美债长端抛售峰值 10Y约4.68% 30Y约5.2%,-0.2706
HS500,主,95,2026-05-15,-0.4358,0.27387,1.5912659290904445,False,,False,2026-05-19 美债长端抛售峰值 10Y约4.68% 30Y约5.2%,-0.2706
HS750,主,95,2026-05-15,-0.4358,0.35596,1.2242948645915273,False,,False,2026-05-19 美债长端抛售峰值 10Y约4.68% 30Y约5.2%,-0.2706
M1,主,95,2026-05-15,-0.4358,0.271791,1.603437935766821,False,,False,2026-05-19 美债长端抛售峰值 10Y约4.68% 30Y约5.2%,-0.2706
M1d,主,95,2026-05-15,-0.4358,0.271791,1.603437935766821,False,,False,2026-05-19 美债长端抛售峰值 10Y约4.68% 30Y约5.2%,-0.2706
M1e,主,95,2026-05-15,-0.4358,0.267294,1.6304144500063602,False,,False,2026-05-19 美债长端抛售峰值 10Y约4.68% 30Y约5.2%,-0.2706
M1g,主,95,2026-05-15,-0.4358,0.298734,1.45882289930172,False,,False,2026-05-19 美债长端抛售峰值 10Y约4.68% 30Y约5.2%,-0.2706
M1g-t,主,95,2026-05-15,-0.4358,0.296383,1.4703947257433794,False,,False,2026-05-19 美债长端抛售峰值 10Y约4.68% 30Y约5.2%,-0.2706
FHS-E,主,95,2026-06-05,-0.2913,0.224213,1.2992110180944014,False,,False,,0.0675
FHS-G,主,95,2026-06-05,-0.2913,0.229919,1.2669679321848129,False,,False,,0.0675
HS250,主,95,2026-06-05,-0.2913,0.215385,1.3524618706038025,False,,False,,0.0675
HS500,主,95,2026-06-05,-0.2913,0.289215,1.0072091696488772,False,,False,,0.0675
M1,主,95,2026-06-05,-0.2913,0.266532,1.09292692809869,False,,False,,0.0675
M1d,主,95,2026-06-05,-0.2913,0.266531,1.0929310286608311,False,,False,,0.0675
M1e,主,95,2026-06-05,-0.2913,0.274961,1.0594229727124937,False,,False,,0.0675
HS250,主,95,2026-06-08,-0.2283,0.22065,1.0346702923181508,False,,False,,-0.1351
FHS-E,主,95,2026-06-17,-0.3277,0.246302,1.330480467068883,False,,False,,0.0672
FHS-G,主,95,2026-06-17,-0.3277,0.243143,1.3477665406777082,False,,False,,0.0672
HS250,主,95,2026-06-17,-0.3277,0.215385,1.521461568818627,False,,False,,0.0672
HS500,主,95,2026-06-17,-0.3277,0.28864,1.1353242793791574,False,,False,,0.0672
M1,主,95,2026-06-17,-0.3277,0.266046,1.2317418792238937,False,,False,,0.0672
M1d,主,95,2026-06-17,-0.3277,0.266044,1.2317511389093534,False,,False,,0.0672
M1e,主,95,2026-06-17,-0.3277,0.302051,1.0849161234361084,False,,False,,0.0672
M1g,主,95,2026-06-17,-0.3277,0.321557,1.019103922477197,False,,False,,0.0672
M1g-t,主,95,2026-06-17,-0.3277,0.320588,1.0221842364654947,False,,False,,0.0672
HS250,主,95,2026-06-30,-0.2427,0.22263,1.0901495755289046,False,,False,,-0.3357
FHS-E,主,95,2026-07-07,-0.3203,0.249375,1.2844110275689222,False,,False,,0.0
FHS-G,主,95,2026-07-07,-0.3203,0.247577,1.2937389175892753,False,,False,,0.0
HS250,主,95,2026-07-07,-0.3203,0.23622,1.3559393785454237,False,,False,,0.0
HS500,主,95,2026-07-07,-0.3203,0.27387,1.1695329901047942,False,,False,,0.0
M1,主,95,2026-07-07,-0.3203,0.268117,1.1946277184960297,False,,False,,0.0
M1d,主,95,2026-07-07,-0.3203,0.268112,1.1946499970161721,False,,False,,0.0
M1e,主,95,2026-07-07,-0.3203,0.291881,1.097365022046656,False,,False,,0.0
M1g,主,95,2026-07-07,-0.3203,0.316164,1.0130818182968333,False,,False,,0.0
M1g-t,主,95,2026-07-07,-0.3203,0.31478,1.0175360569286485,False,,False,,0.0
FHS-E,主,95,2026-07-29,-0.2793,0.245553,1.1374326520140254,False,,False,,0.0
FHS-G,主,95,2026-07-29,-0.2793,0.247362,1.129114415310355,False,,False,,0.0
HS250,主,95,2026-07-29,-0.2793,0.23622,1.1823723647447293,False,,False,,0.0
M1,主,95,2026-07-29,-0.2793,0.26897,1.038405770160241,False,,False,,0.0
M1d,主,95,2026-07-29,-0.2793,0.268964,1.0384289347273241,False,,False,,0.0
M1e,主,95,2026-07-29,-0.2793,0.26514,1.0534057479067662,False,,False,,0.0
HS250,主,95,2026-08-28,-0.252,0.250895,1.00440423284641,False,,False,,0.0
M1e,主,99,2022-09-22,-0.7129,0.622832,1.1446104246409945,False,,True,2022-09-22 FOMC鹰派点阵图 收益率上行；2022-09-26 英国迷你预算危机 全球利率上行；2022-09-28 英央行紧急购债 全球收益率回落,-0.4273
M1g,主,99,2022-09-22,-0.7129,0.661385,1.0778895801991275,False,,True,2022-09-22 FOMC鹰派点阵图 收益率上行；2022-09-26 英国迷你预算危机 全球利率上行；2022-09-28 英央行紧急购债 全球收益率回落,-0.4273
M1g-t,主,99,2022-09-22,-0.7129,0.643921,1.1071233893598749,False,,True,2022-09-22 FOMC鹰派点阵图 收益率上行；2022-09-26 英国迷你预算危机 全球利率上行；2022-09-28 英央行紧急购债 全球收益率回落,-0.4273
HS250,主,99,2022-09-26,-0.9128,0.874407,1.0439074710060645,False,,True,2022-09-22 FOMC鹰派点阵图 收益率上行；2022-09-26 英国迷你预算危机 全球利率上行；2022-09-28 英央行紧急购债 全球收益率回落,-0.7905
M1,主,99,2022-09-26,-0.9128,0.758934,1.2027396321682782,False,,True,2022-09-22 FOMC鹰派点阵图 收益率上行；2022-09-26 英国迷你预算危机 全球利率上行；2022-09-28 英央行紧急购债 全球收益率回落,-0.7905
M1d,主,99,2022-09-26,-0.9128,0.758941,1.2027285388455755,False,,True,2022-09-22 FOMC鹰派点阵图 收益率上行；2022-09-26 英国迷你预算危机 全球利率上行；2022-09-28 英央行紧急购债 全球收益率回落,-0.7905
M1e,主,99,2022-09-26,-0.9128,0.714015,1.278404515311303,False,,True,2022-09-22 FOMC鹰派点阵图 收益率上行；2022-09-26 英国迷你预算危机 全球利率上行；2022-09-28 英央行紧急购债 全球收益率回落,-0.7905
M1g,主,99,2022-09-26,-0.9128,0.752961,1.2122805829252776,False,,True,2022-09-22 FOMC鹰派点阵图 收益率上行；2022-09-26 英国迷你预算危机 全球利率上行；2022-09-28 英央行紧急购债 全球收益率回落,-0.7905
M1g-t,主,99,2022-09-26,-0.9128,0.737579,1.2375623492534358,False,,True,2022-09-22 FOMC鹰派点阵图 收益率上行；2022-09-26 英国迷你预算危机 全球利率上行；2022-09-28 英央行紧急购债 全球收益率回落,-0.7905
M1e,主,99,2023-02-21,-0.6756,0.626416,1.078516512988174,False,,False,,0.1434
FHS-E,主,99,2023-10-03,-0.8393,0.421297,1.992181287785102,False,,True,2023-10-04 美债长端急升(10Y创多年新高) 全球利差走阔,-0.1461
FHS-G,主,99,2023-10-03,-0.8393,0.430488,1.949647841519392,False,,True,2023-10-04 美债长端急升(10Y创多年新高) 全球利差走阔,-0.1461
HS250,主,99,2023-10-03,-0.8393,0.558717,1.5021916283198828,False,,True,2023-10-04 美债长端急升(10Y创多年新高) 全球利差走阔,-0.1461
HS500,主,99,2023-10-03,-0.8393,0.712956,1.1772114969226712,False,,True,2023-10-04 美债长端急升(10Y创多年新高) 全球利差走阔,-0.1461
M1,主,99,2023-10-03,-0.8393,0.736985,1.138829148490132,False,,True,2023-10-04 美债长端急升(10Y创多年新高) 全球利差走阔,-0.1461
M1d,主,99,2023-10-03,-0.8393,0.736983,1.13883223900687,False,,True,2023-10-04 美债长端急升(10Y创多年新高) 全球利差走阔,-0.1461
M1e,主,99,2023-10-03,-0.8393,0.500245,1.677777888834471,False,,True,2023-10-04 美债长端急升(10Y创多年新高) 全球利差走阔,-0.1461
M1g,主,99,2023-10-03,-0.8393,0.558706,1.5022212039963774,False,,True,2023-10-04 美债长端急升(10Y创多年新高) 全球利差走阔,-0.1461
M1g-t,主,99,2023-10-03,-0.8393,0.547728,1.5323299155785355,False,,True,2023-10-04 美债长端急升(10Y创多年新高) 全球利差走阔,-0.1461
FHS-E,主,99,2024-04-02,-0.4443,0.345898,1.2844827087754194,False,,False,,-0.6322
FHS-G,主,99,2024-04-02,-0.4443,0.390392,1.138086846041927,False,,False,,-0.6322
M1e,主,99,2024-04-02,-0.4443,0.401826,1.1057024682325185,False,,False,,-0.6322
FHS-E,主,99,2024-04-10,-0.656,0.399918,1.6403362689351317,False,,False,2024-04-10 美国3月CPI超预期 收益率急升,-0.4963
FHS-G,主,99,2024-04-10,-0.656,0.428522,1.530843223918492,False,,False,2024-04-10 美国3月CPI超预期 收益率急升,-0.4963
HS250,主,99,2024-04-10,-0.656,0.537104,1.2213649498048795,False,,False,2024-04-10 美国3月CPI超预期 收益率急升,-0.4963
M1,主,99,2024-04-10,-0.656,0.631155,1.0393643399798782,False,,False,2024-04-10 美国3月CPI超预期 收益率急升,-0.4963
M1d,主,99,2024-04-10,-0.656,0.631154,1.0393659867480838,False,,False,2024-04-10 美国3月CPI超预期 收益率急升,-0.4963
M1e,主,99,2024-04-10,-0.656,0.43407,1.5112769829750963,False,,False,2024-04-10 美国3月CPI超预期 收益率急升,-0.4963
M1g,主,99,2024-04-10,-0.656,0.513518,1.2774625232221655,False,,False,2024-04-10 美国3月CPI超预期 收益率急升,-0.4963
M1g-t,主,99,2024-04-10,-0.656,0.508354,1.2904393395153773,False,,False,2024-04-10 美国3月CPI超预期 收益率急升,-0.4963
FHS-E,主,99,2024-06-07,-0.564,0.563112,1.0015769509440395,True,dOAS_bp,False,,0.8398
FHS-G,主,99,2024-06-07,-0.564,0.523905,1.0765310504767085,True,dOAS_bp,False,,0.8398
HS250,主,99,2024-06-07,-0.564,0.54934,1.0266865693377505,True,dOAS_bp,False,,0.8398
M1e,主,99,2024-06-07,-0.564,0.543696,1.037344398340249,True,dOAS_bp,False,,0.8398
FHS-E,主,99,2024-10-04,-0.4747,0.420671,1.128435285531924,False,,False,2024-10-04 9月非农强劲 收益率上行；2024-10-08 中国政策刺激后汇率波动 人民币回调,0.6116
FHS-G,主,99,2024-10-04,-0.4747,0.441056,1.0762805630124066,False,,False,2024-10-04 9月非农强劲 收益率上行；2024-10-08 中国政策刺激后汇率波动 人民币回调,0.6116
M1e,主,99,2024-10-04,-0.4747,0.438516,1.0825146630909703,False,,False,2024-10-04 9月非农强劲 收益率上行；2024-10-08 中国政策刺激后汇率波动 人民币回调,0.6116
M1e,主,99,2024-11-01,-0.4436,0.42007,1.0560144737781798,False,,False,2024-11-06 特朗普胜选 美债收益率上行 美元大涨,0.0696
FHS-E,主,99,2024-11-06,-0.5307,0.519539,1.0214825066068187,False,,False,2024-11-06 特朗普胜选 美债收益率上行 美元大涨,0.4859
FHS-G,主,99,2024-11-06,-0.5307,0.491558,1.0796284466939812,False,,False,2024-11-06 特朗普胜选 美债收益率上行 美元大涨,0.4859
M1e,主,99,2024-11-06,-0.5307,0.485765,1.092503576832419,False,,False,2024-11-06 特朗普胜选 美债收益率上行 美元大涨,0.4859
FHS-E,主,99,2025-04-07,-1.1491,0.519623,2.2114109652575045,False,,True,"2025-04-02 美国""解放日""对等关税(中国累计约54%) 历史级risk-off；2025-04-08 美中关税加码至104% 人民币中间价破7.20 美债市场承压；2025-04-09 90天关税暂缓(不含中国) 美股+9.5%；2025-04-10 中国反制84%至125% 亚洲IG信用risk-off；2025-04-11 隔夜美股再跌后亚洲风险偏好修复",-0.8287
FHS-G,主,99,2025-04-07,-1.1491,0.49299,2.330878922493357,False,,True,"2025-04-02 美国""解放日""对等关税(中国累计约54%) 历史级risk-off；2025-04-08 美中关税加码至104% 人民币中间价破7.20 美债市场承压；2025-04-09 90天关税暂缓(不含中国) 美股+9.5%；2025-04-10 中国反制84%至125% 亚洲IG信用risk-off；2025-04-11 隔夜美股再跌后亚洲风险偏好修复",-0.8287
HS250,主,99,2025-04-07,-1.1491,0.50326,2.283312800540476,False,,True,"2025-04-02 美国""解放日""对等关税(中国累计约54%) 历史级risk-off；2025-04-08 美中关税加码至104% 人民币中间价破7.20 美债市场承压；2025-04-09 90天关税暂缓(不含中国) 美股+9.5%；2025-04-10 中国反制84%至125% 亚洲IG信用risk-off；2025-04-11 隔夜美股再跌后亚洲风险偏好修复",-0.8287
HS500,主,99,2025-04-07,-1.1491,0.531904,2.160352244013957,False,,True,"2025-04-02 美国""解放日""对等关税(中国累计约54%) 历史级risk-off；2025-04-08 美中关税加码至104% 人民币中间价破7.20 美债市场承压；2025-04-09 90天关税暂缓(不含中国) 美股+9.5%；2025-04-10 中国反制84%至125% 亚洲IG信用risk-off；2025-04-11 隔夜美股再跌后亚洲风险偏好修复",-0.8287
HS750,主,99,2025-04-07,-1.1491,0.66467,1.72882783937894,False,,True,"2025-04-02 美国""解放日""对等关税(中国累计约54%) 历史级risk-off；2025-04-08 美中关税加码至104% 人民币中间价破7.20 美债市场承压；2025-04-09 90天关税暂缓(不含中国) 美股+9.5%；2025-04-10 中国反制84%至125% 亚洲IG信用risk-off；2025-04-11 隔夜美股再跌后亚洲风险偏好修复",-0.8287
M1,主,99,2025-04-07,-1.1491,0.517029,2.222505894253514,False,,True,"2025-04-02 美国""解放日""对等关税(中国累计约54%) 历史级risk-off；2025-04-08 美中关税加码至104% 人民币中间价破7.20 美债市场承压；2025-04-09 90天关税暂缓(不含中国) 美股+9.5%；2025-04-10 中国反制84%至125% 亚洲IG信用risk-off；2025-04-11 隔夜美股再跌后亚洲风险偏好修复",-0.8287
M1d,主,99,2025-04-07,-1.1491,0.517025,2.222523088825492,False,,True,"2025-04-02 美国""解放日""对等关税(中国累计约54%) 历史级risk-off；2025-04-08 美中关税加码至104% 人民币中间价破7.20 美债市场承压；2025-04-09 90天关税暂缓(不含中国) 美股+9.5%；2025-04-10 中国反制84%至125% 亚洲IG信用risk-off；2025-04-11 隔夜美股再跌后亚洲风险偏好修复",-0.8287
M1e,主,99,2025-04-07,-1.1491,0.485844,2.3651624801376574,False,,True,"2025-04-02 美国""解放日""对等关税(中国累计约54%) 历史级risk-off；2025-04-08 美中关税加码至104% 人民币中间价破7.20 美债市场承压；2025-04-09 90天关税暂缓(不含中国) 美股+9.5%；2025-04-10 中国反制84%至125% 亚洲IG信用risk-off；2025-04-11 隔夜美股再跌后亚洲风险偏好修复",-0.8287
M1g,主,99,2025-04-07,-1.1491,0.526757,2.1814612810081306,False,,True,"2025-04-02 美国""解放日""对等关税(中国累计约54%) 历史级risk-off；2025-04-08 美中关税加码至104% 人民币中间价破7.20 美债市场承压；2025-04-09 90天关税暂缓(不含中国) 美股+9.5%；2025-04-10 中国反制84%至125% 亚洲IG信用risk-off；2025-04-11 隔夜美股再跌后亚洲风险偏好修复",-0.8287
M1g-t,主,99,2025-04-07,-1.1491,0.530366,2.1666170154195403,False,,True,"2025-04-02 美国""解放日""对等关税(中国累计约54%) 历史级risk-off；2025-04-08 美中关税加码至104% 人民币中间价破7.20 美债市场承压；2025-04-09 90天关税暂缓(不含中国) 美股+9.5%；2025-04-10 中国反制84%至125% 亚洲IG信用risk-off；2025-04-11 隔夜美股再跌后亚洲风险偏好修复",-0.8287
HS250,主,99,2025-04-09,-0.5725,0.547683,1.045312708263722,False,,True,2025-04-08 美中关税加码至104% 人民币中间价破7.20 美债市场承压；2025-04-09 90天关税暂缓(不含中国) 美股+9.5%；2025-04-10 中国反制84%至125% 亚洲IG信用risk-off；2025-04-11 隔夜美股再跌后亚洲风险偏好修复,0.4196
HS500,主,99,2025-04-09,-0.5725,0.54234,1.055610871409079,False,,True,2025-04-08 美中关税加码至104% 人民币中间价破7.20 美债市场承压；2025-04-09 90天关税暂缓(不含中国) 美股+9.5%；2025-04-10 中国反制84%至125% 亚洲IG信用risk-off；2025-04-11 隔夜美股再跌后亚洲风险偏好修复,0.4196
M1,主,99,2025-04-09,-0.5725,0.545083,1.05029876183994,False,,True,2025-04-08 美中关税加码至104% 人民币中间价破7.20 美债市场承压；2025-04-09 90天关税暂缓(不含中国) 美股+9.5%；2025-04-10 中国反制84%至125% 亚洲IG信用risk-off；2025-04-11 隔夜美股再跌后亚洲风险偏好修复,0.4196
M1d,主,99,2025-04-09,-0.5725,0.545077,1.0503103231286588,False,,True,2025-04-08 美中关税加码至104% 人民币中间价破7.20 美债市场承压；2025-04-09 90天关税暂缓(不含中国) 美股+9.5%；2025-04-10 中国反制84%至125% 亚洲IG信用risk-off；2025-04-11 隔夜美股再跌后亚洲风险偏好修复,0.4196
HS250,主,99,2025-05-02,-0.6138,0.547683,1.1207212931568078,False,,False,2025-05-07 中国央行宽松(降准50bp加7天逆回购降10bp),0.4164
HS500,主,99,2025-05-02,-0.6138,0.556278,1.103405131966391,False,,False,2025-05-07 中国央行宽松(降准50bp加7天逆回购降10bp),0.4164
M1,主,99,2025-05-02,-0.6138,0.547616,1.1208584117337697,False,,False,2025-05-07 中国央行宽松(降准50bp加7天逆回购降10bp),0.4164
M1d,主,99,2025-05-02,-0.6138,0.547611,1.120868645808795,False,,False,2025-05-07 中国央行宽松(降准50bp加7天逆回购降10bp),0.4164
FHS-E,主,99,2025-10-30,-0.4125,0.324579,1.2708770438013548,False,,False,2025-10-30 特朗普-习近平会晤达成一年战术休战,-0.605
FHS-G,主,99,2025-10-30,-0.4125,0.363595,1.1345040498356687,False,,False,2025-10-30 特朗普-习近平会晤达成一年战术休战,-0.605
M1e,主,99,2025-10-30,-0.4125,0.331093,1.2458735159003662,False,,False,2025-10-30 特朗普-习近平会晤达成一年战术休战,-0.605
M1g,主,99,2025-10-30,-0.4125,0.406933,1.013680384731639,False,,False,2025-10-30 特朗普-习近平会晤达成一年战术休战,-0.605
M1g-t,主,99,2025-10-30,-0.4125,0.39815,1.0360416928293357,False,,False,2025-10-30 特朗普-习近平会晤达成一年战术休战,-0.605
FHS-E,主,99,2026-03-02,-0.4005,0.272052,1.4721450310969961,False,,False,2026-02-28 美以空袭伊朗 海湾战争爆发；2026-03-02 开战首个交易日 布油大涨13% 全球risk-off,-0.2653
FHS-G,主,99,2026-03-02,-0.4005,0.291369,1.3745456791903052,False,,False,2026-02-28 美以空袭伊朗 海湾战争爆发；2026-03-02 开战首个交易日 布油大涨13% 全球risk-off,-0.2653
M1e,主,99,2026-03-02,-0.4005,0.315482,1.2694860562567756,False,,False,2026-02-28 美以空袭伊朗 海湾战争爆发；2026-03-02 开战首个交易日 布油大涨13% 全球risk-off,-0.2653
M1g,主,99,2026-03-02,-0.4005,0.344167,1.16367926035907,False,,False,2026-02-28 美以空袭伊朗 海湾战争爆发；2026-03-02 开战首个交易日 布油大涨13% 全球risk-off,-0.2653
M1g-t,主,99,2026-03-02,-0.4005,0.341116,1.1740874072163137,False,,False,2026-02-28 美以空袭伊朗 海湾战争爆发；2026-03-02 开战首个交易日 布油大涨13% 全球risk-off,-0.2653
FHS-E,主,99,2026-03-20,-0.4965,0.401259,1.2373554238035782,False,,False,2026-03-18 FOMC按兵不动(3.50-3.75%) 点阵图仍显示1次降息；2026-03-23 海湾战争risk-off(霍尔木兹48小时通牒) 10Y创8个月高位,0.0
FHS-G,主,99,2026-03-20,-0.4965,0.388517,1.2779363579972047,False,,False,2026-03-18 FOMC按兵不动(3.50-3.75%) 点阵图仍显示1次降息；2026-03-23 海湾战争risk-off(霍尔木兹48小时通牒) 10Y创8个月高位,0.0
HS250,主,99,2026-03-20,-0.4965,0.4941,1.0048573163327261,False,,False,2026-03-18 FOMC按兵不动(3.50-3.75%) 点阵图仍显示1次降息；2026-03-23 海湾战争risk-off(霍尔木兹48小时通牒) 10Y创8个月高位,0.0
M1,主,99,2026-03-20,-0.4965,0.448017,1.1082168756989133,False,,False,2026-03-18 FOMC按兵不动(3.50-3.75%) 点阵图仍显示1次降息；2026-03-23 海湾战争risk-off(霍尔木兹48小时通牒) 10Y创8个月高位,0.0
M1d,主,99,2026-03-20,-0.4965,0.448015,1.1082218229300358,False,,False,2026-03-18 FOMC按兵不动(3.50-3.75%) 点阵图仍显示1次降息；2026-03-23 海湾战争risk-off(霍尔木兹48小时通牒) 10Y创8个月高位,0.0
M1e,主,99,2026-03-20,-0.4965,0.372517,1.3328250791239058,False,,False,2026-03-18 FOMC按兵不动(3.50-3.75%) 点阵图仍显示1次降息；2026-03-23 海湾战争risk-off(霍尔木兹48小时通牒) 10Y创8个月高位,0.0
M1g,主,99,2026-03-20,-0.4965,0.405137,1.2255113702278488,False,,False,2026-03-18 FOMC按兵不动(3.50-3.75%) 点阵图仍显示1次降息；2026-03-23 海湾战争risk-off(霍尔木兹48小时通牒) 10Y创8个月高位,0.0
M1g-t,主,99,2026-03-20,-0.4965,0.405929,1.2231202993626964,False,,False,2026-03-18 FOMC按兵不动(3.50-3.75%) 点阵图仍显示1次降息；2026-03-23 海湾战争risk-off(霍尔木兹48小时通牒) 10Y创8个月高位,0.0
FHS-E,主,99,2026-05-15,-0.4358,0.399577,1.0906533659344757,False,,False,2026-05-19 美债长端抛售峰值 10Y约4.68% 30Y约5.2%,-0.2706
FHS-G,主,99,2026-05-15,-0.4358,0.392202,1.1111621052416867,False,,False,2026-05-19 美债长端抛售峰值 10Y约4.68% 30Y约5.2%,-0.2706
HS250,主,99,2026-05-15,-0.4358,0.404121,1.078389888177056,False,,False,2026-05-19 美债长端抛售峰值 10Y约4.68% 30Y约5.2%,-0.2706
M1,主,99,2026-05-15,-0.4358,0.38438,1.1337738696082003,False,,False,2026-05-19 美债长端抛售峰值 10Y约4.68% 30Y约5.2%,-0.2706
M1d,主,99,2026-05-15,-0.4358,0.38438,1.1337738696082003,False,,False,2026-05-19 美债长端抛售峰值 10Y约4.68% 30Y约5.2%,-0.2706
M1e,主,99,2026-05-15,-0.4358,0.378021,1.1528460059097247,False,,False,2026-05-19 美债长端抛售峰值 10Y约4.68% 30Y约5.2%,-0.2706
M1g,主,99,2026-05-15,-0.4358,0.422484,1.0315183533577603,False,,False,2026-05-19 美债长端抛售峰值 10Y约4.68% 30Y约5.2%,-0.2706
M1g-t,主,99,2026-05-15,-0.4358,0.419159,1.039700924947335,False,,False,2026-05-19 美债长端抛售峰值 10Y约4.68% 30Y约5.2%,-0.2706
HS250,次,95,2022-09-26,-0.7474,0.66331,1.1267733035835432,False,,True,2022-09-22 FOMC鹰派点阵图 收益率上行；2022-09-26 英国迷你预算危机 全球利率上行；2022-09-28 英央行紧急购债 全球收益率回落,-0.7905
M1,次,95,2022-09-26,-0.7474,0.648051,1.1533042924090848,False,,True,2022-09-22 FOMC鹰派点阵图 收益率上行；2022-09-26 英国迷你预算危机 全球利率上行；2022-09-28 英央行紧急购债 全球收益率回落,-0.7905
M1d,次,95,2022-09-26,-0.7474,0.648056,1.1532953942251905,False,,True,2022-09-22 FOMC鹰派点阵图 收益率上行；2022-09-26 英国迷你预算危机 全球利率上行；2022-09-28 英央行紧急购债 全球收益率回落,-0.7905
M1e,次,95,2022-09-26,-0.7474,0.565406,1.3218819750763169,False,,True,2022-09-22 FOMC鹰派点阵图 收益率上行；2022-09-26 英国迷你预算危机 全球利率上行；2022-09-28 英央行紧急购债 全球收益率回落,-0.7905
M1g,次,95,2022-09-26,-0.7474,0.641243,1.1655487857177387,False,,True,2022-09-22 FOMC鹰派点阵图 收益率上行；2022-09-26 英国迷你预算危机 全球利率上行；2022-09-28 英央行紧急购债 全球收益率回落,-0.7905
HS250,次,95,2022-09-29,-1.4739,0.69298,2.1269012092701085,False,,True,2022-09-26 英国迷你预算危机 全球利率上行；2022-09-28 英央行紧急购债 全球收益率回落,0.51
M1,次,95,2022-09-29,-1.4739,0.658433,2.2384965516612927,False,,True,2022-09-26 英国迷你预算危机 全球利率上行；2022-09-28 英央行紧急购债 全球收益率回落,0.51
M1d,次,95,2022-09-29,-1.4739,0.658439,2.2384761534477757,False,,True,2022-09-26 英国迷你预算危机 全球利率上行；2022-09-28 英央行紧急购债 全球收益率回落,0.51
M1e,次,95,2022-09-29,-1.4739,0.68581,2.149137516221694,False,,True,2022-09-26 英国迷你预算危机 全球利率上行；2022-09-28 英央行紧急购债 全球收益率回落,0.51
M1g,次,95,2022-09-29,-1.4739,0.719963,2.0471885360775484,False,,True,2022-09-26 英国迷你预算危机 全球利率上行；2022-09-28 英央行紧急购债 全球收益率回落,0.51
HS250,次,95,2022-10-20,-0.7644,0.69298,1.1030621374354237,False,,False,2022-10-14 全球债市动荡(英养老金危机) 信用承压；2022-10-26 美元自高位大幅回落 人民币急升,-0.1498
M1,次,95,2022-10-20,-0.7644,0.671418,1.1384860102052672,False,,False,2022-10-14 全球债市动荡(英养老金危机) 信用承压；2022-10-26 美元自高位大幅回落 人民币急升,-0.1498
M1d,次,95,2022-10-20,-0.7644,0.671423,1.1384775320476064,False,,False,2022-10-14 全球债市动荡(英养老金危机) 信用承压；2022-10-26 美元自高位大幅回落 人民币急升,-0.1498
M1e,次,95,2022-10-20,-0.7644,0.662858,1.1531881639808226,False,,False,2022-10-14 全球债市动荡(英养老金危机) 信用承压；2022-10-26 美元自高位大幅回落 人民币急升,-0.1498
M1g,次,95,2022-10-20,-0.7644,0.747585,1.0224924256104655,False,,False,2022-10-14 全球债市动荡(英养老金危机) 信用承压；2022-10-26 美元自高位大幅回落 人民币急升,-0.1498
HS250,次,95,2022-10-26,-1.0527,0.707655,1.4875892913919917,False,,False,2022-10-26 美元自高位大幅回落 人民币急升,0.6042
M1,次,95,2022-10-26,-1.0527,0.676839,1.5553181775872844,False,,False,2022-10-26 美元自高位大幅回落 人民币急升,0.6042
M1d,次,95,2022-10-26,-1.0527,0.676843,1.5553089859834555,False,,False,2022-10-26 美元自高位大幅回落 人民币急升,0.6042
M1e,次,95,2022-10-26,-1.0527,0.670267,1.5705681467236192,False,,False,2022-10-26 美元自高位大幅回落 人民币急升,0.6042
M1g,次,95,2022-10-26,-1.0527,0.747283,1.4087032623517461,False,,False,2022-10-26 美元自高位大幅回落 人民币急升,0.6042
HS250,次,95,2022-11-07,-1.0289,0.711975,1.4451350117630533,False,,False,2022-11-10 美国10月CPI回落至7.7% 美债暴涨,-0.6056
M1,次,95,2022-11-07,-1.0289,0.695644,1.4790611289682651,False,,False,2022-11-10 美国10月CPI回落至7.7% 美债暴涨,-0.6056
M1d,次,95,2022-11-07,-1.0289,0.695647,1.4790547504697065,False,,False,2022-11-10 美国10月CPI回落至7.7% 美债暴涨,-0.6056
M1e,次,95,2022-11-07,-1.0289,0.771805,1.3331087515628948,False,,False,2022-11-10 美国10月CPI回落至7.7% 美债暴涨,-0.6056
M1g,次,95,2022-11-07,-1.0289,0.839952,1.224950949578071,False,,False,2022-11-10 美国10月CPI回落至7.7% 美债暴涨,-0.6056
HS250,次,95,2022-11-18,-0.768,0.717795,1.0699433682318769,False,,False,2022-11-14 中国发布防控优化二十条+地产金融16条(11-11公布 美股11-11休市),0.0
M1,次,95,2022-11-18,-0.768,0.722009,1.063698651955862,False,,False,2022-11-14 中国发布防控优化二十条+地产金融16条(11-11公布 美股11-11休市),0.0
M1d,次,95,2022-11-18,-0.768,0.722011,1.0636957054670912,False,,False,2022-11-14 中国发布防控优化二十条+地产金融16条(11-11公布 美股11-11休市),0.0
HS250,次,95,2022-12-05,-1.1382,0.735475,1.547571297460825,False,,False,2022-11-29 证监会恢复房企股权融资(第三支箭)；2022-11-30 人民币续升 风险偏好修复；2022-12-05 防疫新十条 放开加速 人民币走强,-0.3604
M1,次,95,2022-12-05,-1.1382,0.739155,1.5398664691438197,False,,False,2022-11-29 证监会恢复房企股权融资(第三支箭)；2022-11-30 人民币续升 风险偏好修复；2022-12-05 防疫新十条 放开加速 人民币走强,-0.3604
M1d,次,95,2022-12-05,-1.1382,0.739156,1.5398643858671242,False,,False,2022-11-29 证监会恢复房企股权融资(第三支箭)；2022-11-30 人民币续升 风险偏好修复；2022-12-05 防疫新十条 放开加速 人民币走强,-0.3604
M1e,次,95,2022-12-05,-1.1382,0.900527,1.2639265674432862,False,,False,2022-11-29 证监会恢复房企股权融资(第三支箭)；2022-11-30 人民币续升 风险偏好修复；2022-12-05 防疫新十条 放开加速 人民币走强,-0.3604
M1g,次,95,2022-12-05,-1.1382,0.895956,1.2703748844809344,False,,False,2022-11-29 证监会恢复房企股权融资(第三支箭)；2022-11-30 人民币续升 风险偏好修复；2022-12-05 防疫新十条 放开加速 人民币走强,-0.3604
HS250,次,95,2022-12-30,-1.1452,0.75675,1.5133135117277832,False,,False,2022-12-30 年末人民币偏强 美元弱,0.2161
M1,次,95,2022-12-30,-1.1452,0.752307,1.5222508895969333,False,,False,2022-12-30 年末人民币偏强 美元弱,0.2161
M1d,次,95,2022-12-30,-1.1452,0.752308,1.522248866155883,False,,False,2022-12-30 年末人民币偏强 美元弱,0.2161
M1e,次,95,2022-12-30,-1.1452,0.708879,1.615508429506305,False,,False,2022-12-30 年末人民币偏强 美元弱,0.2161
M1g,次,95,2022-12-30,-1.1452,0.873955,1.3103649501404533,False,,False,2022-12-30 年末人民币偏强 美元弱,0.2161
M1e,次,95,2023-01-30,-0.7545,0.698062,1.0808495520455204,False,,False,,0.2825
M1e,次,95,2023-02-21,-0.6188,0.552493,1.1200141902250345,False,,False,,0.1434
HS250,次,95,2023-03-01,-1.3363,0.751305,1.778638502339263,False,,False,2023-03-01 中国2月PMI强劲 人民币升值,-0.5747
M1,次,95,2023-03-01,-1.3363,0.756633,1.7661138226855029,False,,False,2023-03-01 中国2月PMI强劲 人民币升值,-0.5747
M1d,次,95,2023-03-01,-1.3363,0.756634,1.7661114885136011,False,,False,2023-03-01 中国2月PMI强劲 人民币升值,-0.5747
M1e,次,95,2023-03-01,-1.3363,0.573435,2.330342584599824,False,,False,2023-03-01 中国2月PMI强劲 人民币升值,-0.5747
M1g,次,95,2023-03-01,-1.3363,0.714598,1.8700024349354465,False,,False,2023-03-01 中国2月PMI强劲 人民币升值,-0.5747
M1e,次,95,2023-05-19,-0.5928,0.539286,1.0992312057053213,False,,False,,0.1421
HS250,次,95,2023-07-20,-1.0839,0.67837,1.597800610286422,False,,False,,0.5013
M1,次,95,2023-07-20,-1.0839,0.71582,1.5142074823279597,False,,False,,0.5013
M1d,次,95,2023-07-20,-1.0839,0.71582,1.5142074823279597,False,,False,,0.5013
M1e,次,95,2023-07-20,-1.0839,0.700538,1.5472394074268634,False,,False,,0.5013
M1g,次,95,2023-07-20,-1.0839,0.702885,1.5420730275934187,False,,False,,0.5013
HS250,次,95,2023-07-25,-0.7305,0.701725,1.0410060921301079,False,,False,,-0.2142
M1,次,95,2023-07-25,-0.7305,0.719228,1.0156723598080164,False,,False,,-0.2142
M1d,次,95,2023-07-25,-0.7305,0.719228,1.0156723598080164,False,,False,,-0.2142
M1g,次,95,2023-07-25,-0.7305,0.726562,1.0054200467406773,False,,False,,-0.2142
FHS-E,次,95,2023-08-03,-0.8541,0.654044,1.3058754456886692,False,,False,,-0.7945
FHS-G,次,95,2023-08-03,-0.8541,0.607719,1.4054192809505708,False,,False,,-0.7945
HS250,次,95,2023-08-03,-0.8541,0.701725,1.2171434678827175,False,,False,,-0.7945
HS500,次,95,2023-08-03,-0.8541,0.68545,1.2460427456415493,False,,False,,-0.7945
M1,次,95,2023-08-03,-0.8541,0.71305,1.1978122151321786,False,,False,,-0.7945
M1d,次,95,2023-08-03,-0.8541,0.71305,1.1978122151321786,False,,False,,-0.7945
M1e,次,95,2023-08-03,-0.8541,0.681382,1.2534818941504178,False,,False,,-0.7945
M1g,次,95,2023-08-03,-0.8541,0.70954,1.2037376328325395,False,,False,,-0.7945
FHS-E,次,95,2023-09-11,-0.908,0.492309,1.8443701008919196,False,,False,2023-09-11 央行维稳+美元回落 人民币急升,0.7968
FHS-G,次,95,2023-09-11,-0.908,0.547749,1.6576935786281672,False,,False,2023-09-11 央行维稳+美元回落 人民币急升,0.7968
HS250,次,95,2023-09-11,-0.908,0.72393,1.2542649151161025,False,,False,2023-09-11 央行维稳+美元回落 人民币急升,0.7968
HS500,次,95,2023-09-11,-0.908,0.705605,1.2868389538055993,False,,False,2023-09-11 央行维稳+美元回落 人民币急升,0.7968
M1,次,95,2023-09-11,-0.908,0.711821,1.275601590849385,False,,False,2023-09-11 央行维稳+美元回落 人民币急升,0.7968
M1d,次,95,2023-09-11,-0.908,0.711819,1.2756051749110378,False,,False,2023-09-11 央行维稳+美元回落 人民币急升,0.7968
M1e,次,95,2023-09-11,-0.908,0.479147,1.8950343005382482,False,,False,2023-09-11 央行维稳+美元回落 人民币急升,0.7968
M1g,次,95,2023-09-11,-0.908,0.62988,1.441544421159586,False,,False,2023-09-11 央行维稳+美元回落 人民币急升,0.7968
FHS-E,次,95,2023-10-03,-0.8393,0.394878,2.1254665998105744,False,,True,2023-10-04 美债长端急升(10Y创多年新高) 全球利差走阔,-0.1461
FHS-G,次,95,2023-10-03,-0.8393,0.485744,1.7278648835600645,False,,True,2023-10-04 美债长端急升(10Y创多年新高) 全球利差走阔,-0.1461
HS250,次,95,2023-10-03,-0.8393,0.701725,1.1960525847019843,False,,True,2023-10-04 美债长端急升(10Y创多年新高) 全球利差走阔,-0.1461
HS500,次,95,2023-10-03,-0.8393,0.709725,1.1825707140089472,False,,True,2023-10-04 美债长端急升(10Y创多年新高) 全球利差走阔,-0.1461
M1,次,95,2023-10-03,-0.8393,0.683376,1.2281672168762146,False,,True,2023-10-04 美债长端急升(10Y创多年新高) 全球利差走阔,-0.1461
M1d,次,95,2023-10-03,-0.8393,0.683376,1.2281672168762146,False,,True,2023-10-04 美债长端急升(10Y创多年新高) 全球利差走阔,-0.1461
M1e,次,95,2023-10-03,-0.8393,0.411384,2.040186297960057,False,,True,2023-10-04 美债长端急升(10Y创多年新高) 全球利差走阔,-0.1461
M1g,次,95,2023-10-03,-0.8393,0.567128,1.4799128239127677,False,,True,2023-10-04 美债长端急升(10Y创多年新高) 全球利差走阔,-0.1461
FHS-E,次,95,2023-11-06,-0.5058,0.497317,1.0170575307097887,False,,False,2023-11-01 美债供应与再融资压力；2023-11-06 风险偏好修复 利差收窄,0.0
FHS-G,次,95,2023-11-06,-0.5058,0.502771,1.0060246116024991,False,,False,2023-11-01 美债供应与再融资压力；2023-11-06 风险偏好修复 利差收窄,0.0
FHS-E,次,95,2023-12-28,-0.6185,0.452369,1.3672466504115004,False,,False,2024-01-02 年初购汇需求与美元偏强 人民币走弱,-0.4873
FHS-G,次,95,2023-12-28,-0.6185,0.451641,1.3694505149001088,False,,False,2024-01-02 年初购汇需求与美元偏强 人民币走弱,-0.4873
HS250,次,95,2023-12-28,-0.6185,0.574835,1.0759609279184463,False,,False,2024-01-02 年初购汇需求与美元偏强 人民币走弱,-0.4873
M1,次,95,2023-12-28,-0.6185,0.617637,1.0013972608506292,False,,False,2024-01-02 年初购汇需求与美元偏强 人民币走弱,-0.4873
M1d,次,95,2023-12-28,-0.6185,0.617637,1.0013972608506292,False,,False,2024-01-02 年初购汇需求与美元偏强 人民币走弱,-0.4873
M1e,次,95,2023-12-28,-0.6185,0.502534,1.2307624956719347,False,,False,2024-01-02 年初购汇需求与美元偏强 人民币走弱,-0.4873
M1g,次,95,2023-12-28,-0.6185,0.572446,1.0804512565377347,False,,False,2024-01-02 年初购汇需求与美元偏强 人民币走弱,-0.4873
FHS-E,次,95,2024-01-05,-0.5536,0.473589,1.1689460692710345,False,,False,2024-01-02 年初购汇需求与美元偏强 人民币走弱,-0.7057
FHS-G,次,95,2024-01-05,-0.5536,0.458034,1.2086438997978315,False,,False,2024-01-02 年初购汇需求与美元偏强 人民币走弱,-0.7057
M1e,次,95,2024-01-05,-0.5536,0.526107,1.0522574305226884,False,,False,2024-01-02 年初购汇需求与美元偏强 人民币走弱,-0.7057
FHS-E,次,95,2024-02-05,-0.47,0.431448,1.0893549164673377,False,,False,2024-02-07 中国股市流动性风险+美债收益率上行,-0.2813
FHS-G,次,95,2024-02-05,-0.47,0.431936,1.0881241665431916,False,,False,2024-02-07 中国股市流动性风险+美债收益率上行,-0.2813
FHS-E,次,95,2024-03-14,-0.2727,0.266132,1.0246794823621361,False,,False,,0.0
FHS-E,次,95,2024-04-02,-0.4277,0.313899,1.3625401801216317,False,,False,,-0.6322
FHS-G,次,95,2024-04-02,-0.4277,0.33829,1.2642998610659495,False,,False,,-0.6322
M1e,次,95,2024-04-02,-0.4277,0.376051,1.1373457323607703,False,,False,,-0.6322
FHS-E,次,95,2024-04-10,-0.6214,0.324057,1.917563885365846,False,,False,2024-04-10 美国3月CPI超预期 收益率急升,-0.4963
FHS-G,次,95,2024-04-10,-0.6214,0.347961,1.7858323202887678,False,,False,2024-04-10 美国3月CPI超预期 收益率急升,-0.4963
HS250,次,95,2024-04-10,-0.6214,0.453665,1.369733173156404,False,,False,2024-04-10 美国3月CPI超预期 收益率急升,-0.4963
HS500,次,95,2024-04-10,-0.6214,0.62014,1.0020317992711323,False,,False,2024-04-10 美国3月CPI超预期 收益率急升,-0.4963
M1,次,95,2024-04-10,-0.6214,0.529988,1.1724793768915522,False,,False,2024-04-10 美国3月CPI超预期 收益率急升,-0.4963
M1d,次,95,2024-04-10,-0.6214,0.529986,1.1724838014589065,False,,False,2024-04-10 美国3月CPI超预期 收益率急升,-0.4963
M1e,次,95,2024-04-10,-0.6214,0.370787,1.6758947859552789,False,,False,2024-04-10 美国3月CPI超预期 收益率急升,-0.4963
M1g,次,95,2024-04-10,-0.6214,0.449455,1.3825633266956647,False,,False,2024-04-10 美国3月CPI超预期 收益率急升,-0.4963
FHS-E,次,95,2024-06-07,-0.5433,0.336544,1.6143505752591043,True,dOAS_bp,False,,0.8398
FHS-G,次,95,2024-06-07,-0.5433,0.338653,1.6042970237972203,True,dOAS_bp,False,,0.8398
HS250,次,95,2024-06-07,-0.5433,0.451685,1.2028294054484874,True,dOAS_bp,False,,0.8398
M1,次,95,2024-06-07,-0.5433,0.501961,1.0823550036755845,True,dOAS_bp,False,,0.8398
M1d,次,95,2024-06-07,-0.5433,0.501956,1.0823657850488888,True,dOAS_bp,False,,0.8398
M1e,次,95,2024-06-07,-0.5433,0.385074,1.4108976456473301,True,dOAS_bp,False,,0.8398
M1g,次,95,2024-06-07,-0.5433,0.437432,1.2420216170741967,True,dOAS_bp,False,,0.8398
FHS-E,次,95,2024-07-24,-0.3101,0.286412,1.082706031870173,False,,False,,0.0
FHS-G,次,95,2024-07-24,-0.3101,0.306557,1.0115573938941207,False,,False,,0.0
FHS-E,次,95,2024-07-25,-0.3485,0.298033,1.1693335972862064,False,,False,,0.2787
FHS-G,次,95,2024-07-25,-0.3485,0.311972,1.1170874309232879,False,,False,,0.2787
M1e,次,95,2024-07-25,-0.3485,0.344055,1.0129194460188051,False,,False,,0.2787
FHS-E,次,95,2024-08-05,-0.6395,0.409212,1.5627596453671933,False,,False,2024-08-02 7月非农大幅走弱+日元套息平仓,0.4132
FHS-G,次,95,2024-08-05,-0.6395,0.364014,1.7568005626157235,False,,False,2024-08-02 7月非农大幅走弱+日元套息平仓,0.4132
HS250,次,95,2024-08-05,-0.6395,0.41978,1.5234170279670303,False,,False,2024-08-02 7月非农大幅走弱+日元套息平仓,0.4132
HS500,次,95,2024-08-05,-0.6395,0.566095,1.129669048481262,False,,False,2024-08-02 7月非农大幅走弱+日元套息平仓,0.4132
HS750,次,95,2024-08-05,-0.6395,0.618665,1.033677353656664,False,,False,2024-08-02 7月非农大幅走弱+日元套息平仓,0.4132
M1,次,95,2024-08-05,-0.6395,0.446584,1.4319814413413825,False,,False,2024-08-02 7月非农大幅走弱+日元套息平仓,0.4132
M1d,次,95,2024-08-05,-0.6395,0.446585,1.4319782348265166,False,,False,2024-08-02 7月非农大幅走弱+日元套息平仓,0.4132
M1e,次,95,2024-08-05,-0.6395,0.472402,1.353719924979149,False,,False,2024-08-02 7月非农大幅走弱+日元套息平仓,0.4132
M1g,次,95,2024-08-05,-0.6395,0.478474,1.3365407524755786,False,,False,2024-08-02 7月非农大幅走弱+日元套息平仓,0.4132
FHS-E,次,95,2024-08-29,-0.4905,0.321469,1.5258080872494704,False,,False,,-0.3421
FHS-G,次,95,2024-08-29,-0.4905,0.329755,1.4874679686433867,False,,False,,-0.3421
HS250,次,95,2024-08-29,-0.4905,0.42935,1.1424245953185046,False,,False,,-0.3421
M1,次,95,2024-08-29,-0.4905,0.439135,1.116968585970146,False,,False,,-0.3421
M1d,次,95,2024-08-29,-0.4905,0.439136,1.1169660424105516,False,,False,,-0.3421
M1e,次,95,2024-08-29,-0.4905,0.359646,1.3638411104252515,False,,False,,-0.3421
M1g,次,95,2024-08-29,-0.4905,0.429244,1.142706712266217,False,,False,,-0.3421
FHS-E,次,95,2024-10-04,-0.4747,0.356064,1.333187292172194,False,,False,2024-10-04 9月非农强劲 收益率上行；2024-10-08 中国政策刺激后汇率波动 人民币回调,0.6116
FHS-G,次,95,2024-10-04,-0.4747,0.352414,1.3469952953060889,False,,False,2024-10-04 9月非农强劲 收益率上行；2024-10-08 中国政策刺激后汇率波动 人民币回调,0.6116
HS250,次,95,2024-10-04,-0.4747,0.41978,1.1308304349897567,False,,False,2024-10-04 9月非农强劲 收益率上行；2024-10-08 中国政策刺激后汇率波动 人民币回调,0.6116
M1,次,95,2024-10-04,-0.4747,0.438881,1.0816143783850292,False,,False,2024-10-04 9月非农强劲 收益率上行；2024-10-08 中国政策刺激后汇率波动 人民币回调,0.6116
M1d,次,95,2024-10-04,-0.4747,0.438882,1.081611913908522,False,,False,2024-10-04 9月非农强劲 收益率上行；2024-10-08 中国政策刺激后汇率波动 人民币回调,0.6116
M1e,次,95,2024-10-04,-0.4747,0.411047,1.1548557707512768,False,,False,2024-10-04 9月非农强劲 收益率上行；2024-10-08 中国政策刺激后汇率波动 人民币回调,0.6116
M1g,次,95,2024-10-04,-0.4747,0.463224,1.0247741913199662,False,,False,2024-10-04 9月非农强劲 收益率上行；2024-10-08 中国政策刺激后汇率波动 人民币回调,0.6116
FHS-G,次,95,2024-11-01,-0.393,0.377574,1.0408555673854663,False,,False,2024-11-06 特朗普胜选 美债收益率上行 美元大涨,0.0696
HS250,次,95,2024-11-01,-0.393,0.36723,1.0701740053917164,False,,False,2024-11-06 特朗普胜选 美债收益率上行 美元大涨,0.0696
FHS-E,次,95,2024-12-18,-0.3755,0.321498,1.1679699407150277,False,,False,,-0.6949
FHS-G,次,95,2024-12-18,-0.3755,0.34168,1.0989815031608523,False,,False,,-0.6949
HS250,次,95,2024-12-18,-0.3755,0.35246,1.0653691199001305,False,,False,,-0.6949
M1e,次,95,2024-12-18,-0.3755,0.371144,1.0117366844135969,False,,False,,-0.6949
FHS-E,次,95,2025-01-10,-0.2626,0.249877,1.0509170511891852,False,,False,,-0.8463
FHS-E,次,95,2025-01-21,-0.5009,0.301436,1.6617126023434494,True,FX_ret_pct,False,,0.2805
FHS-G,次,95,2025-01-21,-0.5009,0.307407,1.6294358944331133,True,FX_ret_pct,False,,0.2805
HS250,次,95,2025-01-21,-0.5009,0.347195,1.4427051080804736,True,FX_ret_pct,False,,0.2805
HS500,次,95,2025-01-21,-0.5009,0.44712,1.120280908928252,True,FX_ret_pct,False,,0.2805
M1,次,95,2025-01-21,-0.5009,0.409338,1.2236831176191802,True,FX_ret_pct,False,,0.2805
M1d,次,95,2025-01-21,-0.5009,0.409341,1.22367414942554,True,FX_ret_pct,False,,0.2805
M1e,次,95,2025-01-21,-0.5009,0.349045,1.4350585168101535,True,FX_ret_pct,False,,0.2805
M1g,次,95,2025-01-21,-0.5009,0.413603,1.2110647166485737,True,FX_ret_pct,False,,0.2805
FHS-E,次,95,2025-01-24,-0.4854,0.331959,1.4622287692154754,False,,False,,-0.7018
FHS-G,次,95,2025-01-24,-0.4854,0.325188,1.492675006457803,False,,False,,-0.7018
HS250,次,95,2025-01-24,-0.4854,0.35246,1.3771775520626455,False,,False,,-0.7018
HS500,次,95,2025-01-24,-0.4854,0.451515,1.075047340619913,False,,False,,-0.7018
M1,次,95,2025-01-24,-0.4854,0.411275,1.1802322047291958,False,,False,,-0.7018
M1d,次,95,2025-01-24,-0.4854,0.411277,1.1802264653749177,False,,False,,-0.7018
M1e,次,95,2025-01-24,-0.4854,0.375877,1.2913798928904934,False,,False,,-0.7018
M1g,次,95,2025-01-24,-0.4854,0.427525,1.1353722004561138,False,,False,,-0.7018
FHS-E,次,95,2025-03-04,-0.4558,0.386583,1.179048225090084,False,,False,,0.069
FHS-G,次,95,2025-03-04,-0.4558,0.348734,1.3070133683552507,False,,False,,0.069
HS250,次,95,2025-03-04,-0.4558,0.3402,1.3398001175778953,False,,False,,0.069
HS500,次,95,2025-03-04,-0.4558,0.43151,1.05629070009965,False,,False,,0.069
M1,次,95,2025-03-04,-0.4558,0.416261,1.094986078445975,False,,False,,0.069
M1d,次,95,2025-03-04,-0.4558,0.416264,1.0949781869198392,False,,False,,0.069
M1e,次,95,2025-03-04,-0.4558,0.437729,1.0412835338759827,False,,False,,0.069
FHS-E,次,95,2025-03-05,-0.4883,0.409583,1.1921881523403073,False,,False,,-0.2071
FHS-G,次,95,2025-03-05,-0.4883,0.363064,1.3449419386113743,False,,False,,-0.2071
HS250,次,95,2025-03-05,-0.4883,0.347195,1.4064142628782097,False,,False,,-0.2071
HS500,次,95,2025-03-05,-0.4883,0.44712,1.092100554660941,False,,False,,-0.2071
M1,次,95,2025-03-05,-0.4883,0.418419,1.1670120142727745,False,,False,,-0.2071
M1d,次,95,2025-03-05,-0.4883,0.418421,1.1670064361014385,False,,False,,-0.2071
M1e,次,95,2025-03-05,-0.4883,0.462426,1.0559527362215793,False,,False,,-0.2071
M1g,次,95,2025-03-05,-0.4883,0.472602,1.0332161099614474,False,,False,,-0.2071
FHS-E,次,95,2025-03-11,-0.6512,0.489304,1.3308699704069453,False,,False,,0.2747
FHS-G,次,95,2025-03-11,-0.6512,0.403968,1.6120088719898606,False,,False,,0.2747
HS250,次,95,2025-03-11,-0.6512,0.35246,1.8475855416217444,False,,False,,0.2747
HS500,次,95,2025-03-11,-0.6512,0.451515,1.4422555175354086,False,,False,,0.2747
HS750,次,95,2025-03-11,-0.6512,0.574835,1.1328468169126793,False,,False,,0.2747
M1,次,95,2025-03-11,-0.6512,0.427957,1.5216482029736633,False,,False,,0.2747
M1d,次,95,2025-03-11,-0.6512,0.42796,1.521637536218338,False,,False,,0.2747
M1e,次,95,2025-03-11,-0.6512,0.535013,1.2171666856693202,False,,False,,0.2747
M1g,次,95,2025-03-11,-0.6512,0.513894,1.26718739662265,False,,False,,0.2747
FHS-E,次,95,2025-04-07,-0.768,0.446123,1.7214983311777246,False,,True,"2025-04-02 美国""解放日""对等关税(中国累计约54%) 历史级risk-off；2025-04-08 美中关税加码至104% 人民币中间价破7.20 美债市场承压；2025-04-09 90天关税暂缓(不含中国) 美股+9.5%；2025-04-10 中国反制84%至125% 亚洲IG信用risk-off；2025-04-11 隔夜美股再跌后亚洲风险偏好修复",-0.8287
FHS-G,次,95,2025-04-07,-0.768,0.394479,1.946871696592214,False,,True,"2025-04-02 美国""解放日""对等关税(中国累计约54%) 历史级risk-off；2025-04-08 美中关税加码至104% 人民币中间价破7.20 美债市场承压；2025-04-09 90天关税暂缓(不含中国) 美股+9.5%；2025-04-10 中国反制84%至125% 亚洲IG信用risk-off；2025-04-11 隔夜美股再跌后亚洲风险偏好修复",-0.8287
HS250,次,95,2025-04-07,-0.768,0.35246,2.178970663337684,False,,True,"2025-04-02 美国""解放日""对等关税(中国累计约54%) 历史级risk-off；2025-04-08 美中关税加码至104% 人民币中间价破7.20 美债市场承压；2025-04-09 90天关税暂缓(不含中国) 美股+9.5%；2025-04-10 中国反制84%至125% 亚洲IG信用risk-off；2025-04-11 隔夜美股再跌后亚洲风险偏好修复",-0.8287
HS500,次,95,2025-04-07,-0.768,0.43151,1.779796528469792,False,,True,"2025-04-02 美国""解放日""对等关税(中国累计约54%) 历史级risk-off；2025-04-08 美中关税加码至104% 人民币中间价破7.20 美债市场承压；2025-04-09 90天关税暂缓(不含中国) 美股+9.5%；2025-04-10 中国反制84%至125% 亚洲IG信用risk-off；2025-04-11 隔夜美股再跌后亚洲风险偏好修复",-0.8287
HS750,次,95,2025-04-07,-0.768,0.56211,1.36628062123072,False,,True,"2025-04-02 美国""解放日""对等关税(中国累计约54%) 历史级risk-off；2025-04-08 美中关税加码至104% 人民币中间价破7.20 美债市场承压；2025-04-09 90天关税暂缓(不含中国) 美股+9.5%；2025-04-10 中国反制84%至125% 亚洲IG信用risk-off；2025-04-11 隔夜美股再跌后亚洲风险偏好修复",-0.8287
M1,次,95,2025-04-07,-0.768,0.434422,1.767866268282914,False,,True,"2025-04-02 美国""解放日""对等关税(中国累计约54%) 历史级risk-off；2025-04-08 美中关税加码至104% 人民币中间价破7.20 美债市场承压；2025-04-09 90天关税暂缓(不含中国) 美股+9.5%；2025-04-10 中国反制84%至125% 亚洲IG信用risk-off；2025-04-11 隔夜美股再跌后亚洲风险偏好修复",-0.8287
M1d,次,95,2025-04-07,-0.768,0.434423,1.767862198824648,False,,True,"2025-04-02 美国""解放日""对等关税(中国累计约54%) 历史级risk-off；2025-04-08 美中关税加码至104% 人民币中间价破7.20 美债市场承压；2025-04-09 90天关税暂缓(不含中国) 美股+9.5%；2025-04-10 中国反制84%至125% 亚洲IG信用risk-off；2025-04-11 隔夜美股再跌后亚洲风险偏好修复",-0.8287
M1e,次,95,2025-04-07,-0.768,0.487798,1.574422199353011,False,,True,"2025-04-02 美国""解放日""对等关税(中国累计约54%) 历史级risk-off；2025-04-08 美中关税加码至104% 人民币中间价破7.20 美债市场承压；2025-04-09 90天关税暂缓(不含中国) 美股+9.5%；2025-04-10 中国反制84%至125% 亚洲IG信用risk-off；2025-04-11 隔夜美股再跌后亚洲风险偏好修复",-0.8287
M1g,次,95,2025-04-07,-0.768,0.501823,1.5304200883578472,False,,True,"2025-04-02 美国""解放日""对等关税(中国累计约54%) 历史级risk-off；2025-04-08 美中关税加码至104% 人民币中间价破7.20 美债市场承压；2025-04-09 90天关税暂缓(不含中国) 美股+9.5%；2025-04-10 中国反制84%至125% 亚洲IG信用risk-off；2025-04-11 隔夜美股再跌后亚洲风险偏好修复",-0.8287
HS250,次,95,2025-04-09,-0.4214,0.36659,1.1495130800076379,False,,True,2025-04-08 美中关税加码至104% 人民币中间价破7.20 美债市场承压；2025-04-09 90天关税暂缓(不含中国) 美股+9.5%；2025-04-10 中国反制84%至125% 亚洲IG信用risk-off；2025-04-11 隔夜美股再跌后亚洲风险偏好修复,0.4196
FHS-G,次,95,2025-04-10,-0.4896,0.446997,1.0953093644923793,False,,True,2025-04-08 美中关税加码至104% 人民币中间价破7.20 美债市场承压；2025-04-09 90天关税暂缓(不含中国) 美股+9.5%；2025-04-10 中国反制84%至125% 亚洲IG信用risk-off；2025-04-11 隔夜美股再跌后亚洲风险偏好修复,-1.76
HS250,次,95,2025-04-10,-0.4896,0.385125,1.2712755598831549,False,,True,2025-04-08 美中关税加码至104% 人民币中间价破7.20 美债市场承压；2025-04-09 90天关税暂缓(不含中国) 美股+9.5%；2025-04-10 中国反制84%至125% 亚洲IG信用risk-off；2025-04-11 隔夜美股再跌后亚洲风险偏好修复,-1.76
HS500,次,95,2025-04-10,-0.4896,0.44712,1.0950080515297906,False,,True,2025-04-08 美中关税加码至104% 人民币中间价破7.20 美债市场承压；2025-04-09 90天关税暂缓(不含中国) 美股+9.5%；2025-04-10 中国反制84%至125% 亚洲IG信用risk-off；2025-04-11 隔夜美股再跌后亚洲风险偏好修复,-1.76
M1,次,95,2025-04-10,-0.4896,0.443661,1.1035452744325058,False,,True,2025-04-08 美中关税加码至104% 人民币中间价破7.20 美债市场承压；2025-04-09 90天关税暂缓(不含中国) 美股+9.5%；2025-04-10 中国反制84%至125% 亚洲IG信用risk-off；2025-04-11 隔夜美股再跌后亚洲风险偏好修复,-1.76
M1d,次,95,2025-04-10,-0.4896,0.443661,1.1035452744325058,False,,True,2025-04-08 美中关税加码至104% 人民币中间价破7.20 美债市场承压；2025-04-09 90天关税暂缓(不含中国) 美股+9.5%；2025-04-10 中国反制84%至125% 亚洲IG信用risk-off；2025-04-11 隔夜美股再跌后亚洲风险偏好修复,-1.76
FHS-E,次,95,2025-04-11,-0.6697,0.531563,1.2598694792526943,False,,True,2025-04-08 美中关税加码至104% 人民币中间价破7.20 美债市场承压；2025-04-09 90天关税暂缓(不含中国) 美股+9.5%；2025-04-10 中国反制84%至125% 亚洲IG信用risk-off；2025-04-11 隔夜美股再跌后亚洲风险偏好修复,0.6372
FHS-G,次,95,2025-04-11,-0.6697,0.456349,1.4675171853121185,False,,True,2025-04-08 美中关税加码至104% 人民币中间价破7.20 美债市场承压；2025-04-09 90天关税暂缓(不含中国) 美股+9.5%；2025-04-10 中国反制84%至125% 亚洲IG信用risk-off；2025-04-11 隔夜美股再跌后亚洲风险偏好修复,0.6372
HS250,次,95,2025-04-11,-0.6697,0.385125,1.7389159363842908,False,,True,2025-04-08 美中关税加码至104% 人民币中间价破7.20 美债市场承压；2025-04-09 90天关税暂缓(不含中国) 美股+9.5%；2025-04-10 中国反制84%至125% 亚洲IG信用risk-off；2025-04-11 隔夜美股再跌后亚洲风险偏好修复,0.6372
HS500,次,95,2025-04-11,-0.6697,0.451515,1.4832286856472099,False,,True,2025-04-08 美中关税加码至104% 人民币中间价破7.20 美债市场承压；2025-04-09 90天关税暂缓(不含中国) 美股+9.5%；2025-04-10 中国反制84%至125% 亚洲IG信用risk-off；2025-04-11 隔夜美股再跌后亚洲风险偏好修复,0.6372
HS750,次,95,2025-04-11,-0.6697,0.56211,1.19140381775809,False,,True,2025-04-08 美中关税加码至104% 人民币中间价破7.20 美债市场承压；2025-04-09 90天关税暂缓(不含中国) 美股+9.5%；2025-04-10 中国反制84%至125% 亚洲IG信用risk-off；2025-04-11 隔夜美股再跌后亚洲风险偏好修复,0.6372
M1,次,95,2025-04-11,-0.6697,0.441782,1.515906035103286,False,,True,2025-04-08 美中关税加码至104% 人民币中间价破7.20 美债市场承压；2025-04-09 90天关税暂缓(不含中国) 美股+9.5%；2025-04-10 中国反制84%至125% 亚洲IG信用risk-off；2025-04-11 隔夜美股再跌后亚洲风险偏好修复,0.6372
M1d,次,95,2025-04-11,-0.6697,0.441782,1.515906035103286,False,,True,2025-04-08 美中关税加码至104% 人民币中间价破7.20 美债市场承压；2025-04-09 90天关税暂缓(不含中国) 美股+9.5%；2025-04-10 中国反制84%至125% 亚洲IG信用risk-off；2025-04-11 隔夜美股再跌后亚洲风险偏好修复,0.6372
M1e,次,95,2025-04-11,-0.6697,0.58122,1.1522315130243281,False,,True,2025-04-08 美中关税加码至104% 人民币中间价破7.20 美债市场承压；2025-04-09 90天关税暂缓(不含中国) 美股+9.5%；2025-04-10 中国反制84%至125% 亚洲IG信用risk-off；2025-04-11 隔夜美股再跌后亚洲风险偏好修复,0.6372
M1g,次,95,2025-04-11,-0.6697,0.556811,1.202742043530031,False,,True,2025-04-08 美中关税加码至104% 人民币中间价破7.20 美债市场承压；2025-04-09 90天关税暂缓(不含中国) 美股+9.5%；2025-04-10 中国反制84%至125% 亚洲IG信用risk-off；2025-04-11 隔夜美股再跌后亚洲风险偏好修复,0.6372
FHS-E,次,95,2025-05-02,-0.6138,0.528269,1.1619080430613948,False,,False,2025-05-07 中国央行宽松(降准50bp加7天逆回购降10bp),0.4164
FHS-G,次,95,2025-05-02,-0.6138,0.464472,1.3215005425515425,False,,False,2025-05-07 中国央行宽松(降准50bp加7天逆回购降10bp),0.4164
HS250,次,95,2025-05-02,-0.6138,0.40862,1.502129117517498,False,,False,2025-05-07 中国央行宽松(降准50bp加7天逆回购降10bp),0.4164
HS500,次,95,2025-05-02,-0.6138,0.45561,1.3472048462500823,False,,False,2025-05-07 中国央行宽松(降准50bp加7天逆回购降10bp),0.4164
HS750,次,95,2025-05-02,-0.6138,0.569045,1.0786493159591948,False,,False,2025-05-07 中国央行宽松(降准50bp加7天逆回购降10bp),0.4164
M1,次,95,2025-05-02,-0.6138,0.454775,1.3496784124017371,False,,False,2025-05-07 中国央行宽松(降准50bp加7天逆回购降10bp),0.4164
M1d,次,95,2025-05-02,-0.6138,0.454776,1.3496754446144916,False,,False,2025-05-07 中国央行宽松(降准50bp加7天逆回购降10bp),0.4164
M1e,次,95,2025-05-02,-0.6138,0.539876,1.1369277389622803,False,,False,2025-05-07 中国央行宽松(降准50bp加7天逆回购降10bp),0.4164
M1g,次,95,2025-05-02,-0.6138,0.550592,1.1148000697431129,False,,False,2025-05-07 中国央行宽松(降准50bp加7天逆回购降10bp),0.4164
FHS-E,次,95,2025-05-06,-0.7645,0.56823,1.3454059095788675,False,,False,2025-05-07 中国央行宽松(降准50bp加7天逆回购降10bp)；2025-05-12 美中日内瓦停火(美145%降至30% 中125%降至10%),-1.1843
FHS-G,次,95,2025-05-06,-0.7645,0.493521,1.5490728864627847,False,,False,2025-05-07 中国央行宽松(降准50bp加7天逆回购降10bp)；2025-05-12 美中日内瓦停火(美145%降至30% 中125%降至10%),-1.1843
HS250,次,95,2025-05-06,-0.7645,0.44032,1.7362372819767442,False,,False,2025-05-07 中国央行宽松(降准50bp加7天逆回购降10bp)；2025-05-12 美中日内瓦停火(美145%降至30% 中125%降至10%),-1.1843
HS500,次,95,2025-05-06,-0.7645,0.456245,1.6756348014772764,False,,False,2025-05-07 中国央行宽松(降准50bp加7天逆回购降10bp)；2025-05-12 美中日内瓦停火(美145%降至30% 中125%降至10%),-1.1843
HS750,次,95,2025-05-06,-0.7645,0.574835,1.3299468543147164,False,,False,2025-05-07 中国央行宽松(降准50bp加7天逆回购降10bp)；2025-05-12 美中日内瓦停火(美145%降至30% 中125%降至10%),-1.1843
M1,次,95,2025-05-06,-0.7645,0.457469,1.6711514878603795,False,,False,2025-05-07 中国央行宽松(降准50bp加7天逆回购降10bp)；2025-05-12 美中日内瓦停火(美145%降至30% 中125%降至10%),-1.1843
M1d,次,95,2025-05-06,-0.7645,0.457469,1.6711514878603795,False,,False,2025-05-07 中国央行宽松(降准50bp加7天逆回购降10bp)；2025-05-12 美中日内瓦停火(美145%降至30% 中125%降至10%),-1.1843
M1e,次,95,2025-05-06,-0.7645,0.561278,1.3620701328040647,False,,False,2025-05-07 中国央行宽松(降准50bp加7天逆回购降10bp)；2025-05-12 美中日内瓦停火(美145%降至30% 中125%降至10%),-1.1843
M1g,次,95,2025-05-06,-0.7645,0.563274,1.3572435439945745,False,,False,2025-05-07 中国央行宽松(降准50bp加7天逆回购降10bp)；2025-05-12 美中日内瓦停火(美145%降至30% 中125%降至10%),-1.1843
FHS-E,次,95,2025-05-12,-0.7228,0.607683,1.1894359394618577,False,,False,2025-05-07 中国央行宽松(降准50bp加7天逆回购降10bp)；2025-05-12 美中日内瓦停火(美145%降至30% 中125%降至10%),0.0
FHS-G,次,95,2025-05-12,-0.7228,0.553923,1.3048745042180951,False,,False,2025-05-07 中国央行宽松(降准50bp加7天逆回购降10bp)；2025-05-12 美中日内瓦停火(美145%降至30% 中125%降至10%),0.0
HS250,次,95,2025-05-12,-0.7228,0.466195,1.5504241787234954,False,,False,2025-05-07 中国央行宽松(降准50bp加7天逆回购降10bp)；2025-05-12 美中日内瓦停火(美145%降至30% 中125%降至10%),0.0
HS500,次,95,2025-05-12,-0.7228,0.464965,1.554525609454475,False,,False,2025-05-07 中国央行宽松(降准50bp加7天逆回购降10bp)；2025-05-12 美中日内瓦停火(美145%降至30% 中125%降至10%),0.0
HS750,次,95,2025-05-12,-0.7228,0.580205,1.2457665825010127,False,,False,2025-05-07 中国央行宽松(降准50bp加7天逆回购降10bp)；2025-05-12 美中日内瓦停火(美145%降至30% 中125%降至10%),0.0
M1,次,95,2025-05-12,-0.7228,0.463748,1.5586051044964075,False,,False,2025-05-07 中国央行宽松(降准50bp加7天逆回购降10bp)；2025-05-12 美中日内瓦停火(美145%降至30% 中125%降至10%),0.0
M1d,次,95,2025-05-12,-0.7228,0.463747,1.5586084653916898,False,,False,2025-05-07 中国央行宽松(降准50bp加7天逆回购降10bp)；2025-05-12 美中日内瓦停火(美145%降至30% 中125%降至10%),0.0
M1e,次,95,2025-05-12,-0.7228,0.590834,1.2233554602477177,False,,False,2025-05-07 中国央行宽松(降准50bp加7天逆回购降10bp)；2025-05-12 美中日内瓦停火(美145%降至30% 中125%降至10%),0.0
M1g,次,95,2025-05-12,-0.7228,0.582621,1.2406006649262555,False,,False,2025-05-07 中国央行宽松(降准50bp加7天逆回购降10bp)；2025-05-12 美中日内瓦停火(美145%降至30% 中125%降至10%),0.0
FHS-E,次,95,2025-05-21,-0.6164,0.572968,1.0758017899777996,False,,False,,0.1381
FHS-G,次,95,2025-05-21,-0.6164,0.570406,1.0806337941746755,False,,False,,0.1381
HS250,次,95,2025-05-21,-0.6164,0.480585,1.28260349365877,False,,False,,0.1381
HS500,次,95,2025-05-21,-0.6164,0.470235,1.3108339447297626,False,,False,,0.1381
HS750,次,95,2025-05-21,-0.6164,0.580205,1.062383123206453,False,,False,,0.1381
M1,次,95,2025-05-21,-0.6164,0.467698,1.3179444855440903,False,,False,,0.1381
M1d,次,95,2025-05-21,-0.6164,0.467698,1.3179444855440903,False,,False,,0.1381
M1e,次,95,2025-05-21,-0.6164,0.546021,1.1288943099258086,False,,False,,0.1381
M1g,次,95,2025-05-21,-0.6164,0.564204,1.092512637273043,False,,False,,0.1381
M1e,次,95,2025-07-23,-0.3361,0.332361,1.0112498157124332,False,,False,2025-07-23 美中缓和交易股债跷跷板 中国长债大跌,0.2033
M1e,次,95,2025-09-17,-0.2836,0.281258,1.0083268742577989,False,,False,2025-09-17 美联储2025年首次降息25bp(至4.00-4.25%),-0.2009
FHS-E,次,95,2025-11-05,-0.3111,0.254553,1.2221423436376708,False,,False,2025-10-30 特朗普-习近平会晤达成一年战术休战,0.0
FHS-G,次,95,2025-11-05,-0.3111,0.253707,1.2262176447634474,False,,False,2025-10-30 特朗普-习近平会晤达成一年战术休战,0.0
M1e,次,95,2025-11-05,-0.3111,0.252049,1.2342838098941078,False,,False,2025-10-30 特朗普-习近平会晤达成一年战术休战,0.0
M1g,次,95,2025-11-05,-0.3111,0.309733,1.0044134787058532,False,,False,2025-10-30 特朗普-习近平会晤达成一年战术休战,0.0
FHS-E,次,95,2025-11-13,-0.4379,0.264954,1.6527397208572052,False,,False,,0.0
FHS-G,次,95,2025-11-13,-0.4379,0.273757,1.5995938003411787,False,,False,,0.0
HS250,次,95,2025-11-13,-0.4379,0.400745,1.0927148186502638,False,,False,,0.0
HS500,次,95,2025-11-13,-0.4379,0.373885,1.171215748157856,False,,False,,0.0
M1,次,95,2025-11-13,-0.4379,0.413031,1.060210976900039,False,,False,,0.0
M1d,次,95,2025-11-13,-0.4379,0.413031,1.060210976900039,False,,False,,0.0
M1e,次,95,2025-11-13,-0.4379,0.261938,1.6717696554146402,False,,False,,0.0
M1g,次,95,2025-11-13,-0.4379,0.314703,1.39147068823621,False,,False,,0.0
FHS-E,次,95,2025-12-01,-0.3143,0.257831,1.2190155567018708,False,,False,,0.0
FHS-G,次,95,2025-12-01,-0.3143,0.292536,1.07439768096918,False,,False,,0.0
M1e,次,95,2025-12-01,-0.3143,0.250811,1.253134830609503,False,,False,,0.0
M1g,次,95,2025-12-01,-0.3143,0.307692,1.0214760214760215,False,,False,,0.0
FHS-E,次,95,2026-01-08,-0.307,0.251821,1.2191199304267712,False,,False,,-0.2699
FHS-G,次,95,2026-01-08,-0.307,0.281942,1.0888764355789486,False,,False,,-0.2699
M1e,次,95,2026-01-08,-0.307,0.239977,1.2792892652212504,False,,False,,-0.2699
M1g,次,95,2026-01-08,-0.307,0.282001,1.0886486218133977,False,,False,,-0.2699
FHS-E,次,95,2026-01-20,-0.3233,0.269949,1.1976336270925247,False,,False,2026-01-23 人民币中间价创2023年来最强(6.9929) USDCNY破7,-0.0675
FHS-G,次,95,2026-01-20,-0.3233,0.289955,1.1150006035419289,False,,False,2026-01-23 人民币中间价创2023年来最强(6.9929) USDCNY破7,-0.0675
M1e,次,95,2026-01-20,-0.3233,0.246288,1.3126908334957448,False,,False,2026-01-23 人民币中间价创2023年来最强(6.9929) USDCNY破7,-0.0675
M1g,次,95,2026-01-20,-0.3233,0.286009,1.130384008894825,False,,False,2026-01-23 人民币中间价创2023年来最强(6.9929) USDCNY破7,-0.0675
FHS-E,次,95,2026-02-24,-0.3384,0.244319,1.3850744313786483,False,,False,2026-02-28 美以空袭伊朗 海湾战争爆发；2026-03-02 开战首个交易日 布油大涨13% 全球risk-off,-0.1332
FHS-G,次,95,2026-02-24,-0.3384,0.265704,1.273597687652425,False,,False,2026-02-28 美以空袭伊朗 海湾战争爆发；2026-03-02 开战首个交易日 布油大涨13% 全球risk-off,-0.1332
M1e,次,95,2026-02-24,-0.3384,0.232829,1.4534271933479075,False,,False,2026-02-28 美以空袭伊朗 海湾战争爆发；2026-03-02 开战首个交易日 布油大涨13% 全球risk-off,-0.1332
M1g,次,95,2026-02-24,-0.3384,0.265758,1.27333890230962,False,,False,2026-02-28 美以空袭伊朗 海湾战争爆发；2026-03-02 开战首个交易日 布油大涨13% 全球risk-off,-0.1332
FHS-E,次,95,2026-03-10,-0.5086,0.319692,1.590906247262991,False,,False,,0.3346
FHS-G,次,95,2026-03-10,-0.5086,0.304445,1.6705808931005601,False,,False,,0.3346
HS250,次,95,2026-03-10,-0.5086,0.33795,1.5049563544903095,False,,False,,0.3346
HS500,次,95,2026-03-10,-0.5086,0.34028,1.4946514635006465,False,,False,,0.3346
HS750,次,95,2026-03-10,-0.5086,0.424865,1.1970861332423242,False,,False,,0.3346
M1,次,95,2026-03-10,-0.5086,0.379846,1.3389636852829832,False,,False,,0.3346
M1d,次,95,2026-03-10,-0.5086,0.379846,1.3389636852829832,False,,False,,0.3346
M1e,次,95,2026-03-10,-0.5086,0.297124,1.71174324524441,False,,False,,0.3346
M1g,次,95,2026-03-10,-0.5086,0.318328,1.597723103214295,False,,False,,0.3346
FHS-G,次,95,2026-03-11,-0.3765,0.365947,1.028837509256805,False,,False,,0.0
HS250,次,95,2026-03-11,-0.3765,0.33917,1.1100628003655983,False,,False,,0.0
HS500,次,95,2026-03-11,-0.3765,0.345745,1.0889528409666083,False,,False,,0.0
M1e,次,95,2026-03-11,-0.3765,0.353524,1.0649913442934567,False,,False,,0.0
M1g,次,95,2026-03-11,-0.3765,0.360966,1.0430345240271937,False,,False,,0.0
FHS-E,次,95,2026-03-18,-0.4148,0.403078,1.0290812200120076,False,,False,2026-03-18 FOMC按兵不动(3.50-3.75%) 点阵图仍显示1次降息；2026-03-23 海湾战争risk-off(霍尔木兹48小时通牒) 10Y创8个月高位,0.335
FHS-G,次,95,2026-03-18,-0.4148,0.380044,1.0914525686499459,False,,False,2026-03-18 FOMC按兵不动(3.50-3.75%) 点阵图仍显示1次降息；2026-03-23 海湾战争risk-off(霍尔木兹48小时通牒) 10Y创8个月高位,0.335
HS250,次,95,2026-03-18,-0.4148,0.33917,1.2229855234837985,False,,False,2026-03-18 FOMC按兵不动(3.50-3.75%) 点阵图仍显示1次降息；2026-03-23 海湾战争risk-off(霍尔木兹48小时通牒) 10Y创8个月高位,0.335
HS500,次,95,2026-03-18,-0.4148,0.34886,1.1890156509774694,False,,False,2026-03-18 FOMC按兵不动(3.50-3.75%) 点阵图仍显示1次降息；2026-03-23 海湾战争risk-off(霍尔木兹48小时通牒) 10Y创8个月高位,0.335
M1,次,95,2026-03-18,-0.4148,0.3714,1.116855142703285,False,,False,2026-03-18 FOMC按兵不动(3.50-3.75%) 点阵图仍显示1次降息；2026-03-23 海湾战争risk-off(霍尔木兹48小时通牒) 10Y创8个月高位,0.335
M1d,次,95,2026-03-18,-0.4148,0.371401,1.1168521355623706,False,,False,2026-03-18 FOMC按兵不动(3.50-3.75%) 点阵图仍显示1次降息；2026-03-23 海湾战争risk-off(霍尔木兹48小时通牒) 10Y创8个月高位,0.335
M1e,次,95,2026-03-18,-0.4148,0.366388,1.1321331484655612,False,,False,2026-03-18 FOMC按兵不动(3.50-3.75%) 点阵图仍显示1次降息；2026-03-23 海湾战争risk-off(霍尔木兹48小时通牒) 10Y创8个月高位,0.335
M1g,次,95,2026-03-18,-0.4148,0.374871,1.1065139741404377,False,,False,2026-03-18 FOMC按兵不动(3.50-3.75%) 点阵图仍显示1次降息；2026-03-23 海湾战争risk-off(霍尔木兹48小时通牒) 10Y创8个月高位,0.335
FHS-E,次,95,2026-03-20,-0.7011,0.458566,1.5288966037604184,False,,False,2026-03-18 FOMC按兵不动(3.50-3.75%) 点阵图仍显示1次降息；2026-03-23 海湾战争risk-off(霍尔木兹48小时通牒) 10Y创8个月高位,0.0
FHS-G,次,95,2026-03-20,-0.7011,0.419275,1.6721722020153835,False,,False,2026-03-18 FOMC按兵不动(3.50-3.75%) 点阵图仍显示1次降息；2026-03-23 海湾战争risk-off(霍尔木兹48小时通牒) 10Y创8个月高位,0.0
HS250,次,95,2026-03-20,-0.7011,0.33991,2.062604807154835,False,,False,2026-03-18 FOMC按兵不动(3.50-3.75%) 点阵图仍显示1次降息；2026-03-23 海湾战争risk-off(霍尔木兹48小时通牒) 10Y创8个月高位,0.0
HS500,次,95,2026-03-20,-0.7011,0.35669,1.965572345734391,False,,False,2026-03-18 FOMC按兵不动(3.50-3.75%) 点阵图仍显示1次降息；2026-03-23 海湾战争risk-off(霍尔木兹48小时通牒) 10Y创8个月高位,0.0
HS750,次,95,2026-03-20,-0.7011,0.424865,1.6501712308615677,False,,False,2026-03-18 FOMC按兵不动(3.50-3.75%) 点阵图仍显示1次降息；2026-03-23 海湾战争risk-off(霍尔木兹48小时通牒) 10Y创8个月高位,0.0
M1,次,95,2026-03-20,-0.7011,0.375624,1.866494153728196,False,,False,2026-03-18 FOMC按兵不动(3.50-3.75%) 点阵图仍显示1次降息；2026-03-23 海湾战争risk-off(霍尔木兹48小时通牒) 10Y创8个月高位,0.0
M1d,次,95,2026-03-20,-0.7011,0.375625,1.8664891846921796,False,,False,2026-03-18 FOMC按兵不动(3.50-3.75%) 点阵图仍显示1次降息；2026-03-23 海湾战争risk-off(霍尔木兹48小时通牒) 10Y创8个月高位,0.0
M1e,次,95,2026-03-20,-0.7011,0.405569,1.7286824190211774,False,,False,2026-03-18 FOMC按兵不动(3.50-3.75%) 点阵图仍显示1次降息；2026-03-23 海湾战争risk-off(霍尔木兹48小时通牒) 10Y创8个月高位,0.0
M1g,次,95,2026-03-20,-0.7011,0.40575,1.7279112754158963,False,,False,2026-03-18 FOMC按兵不动(3.50-3.75%) 点阵图仍显示1次降息；2026-03-23 海湾战争risk-off(霍尔木兹48小时通牒) 10Y创8个月高位,0.0
FHS-E,次,95,2026-06-05,-0.4095,0.234243,1.7481845775540783,False,,False,,0.0675
FHS-G,次,95,2026-06-05,-0.4095,0.231489,1.7689825434469888,False,,False,,0.0675
HS250,次,95,2026-06-05,-0.4095,0.307165,1.3331597024400565,False,,False,,0.0675
HS500,次,95,2026-06-05,-0.4095,0.34886,1.1738233102103994,False,,False,,0.0675
M1,次,95,2026-06-05,-0.4095,0.301086,1.3600765229867877,False,,False,,0.0675
M1d,次,95,2026-06-05,-0.4095,0.301088,1.3600674885747686,False,,False,,0.0675
M1e,次,95,2026-06-05,-0.4095,0.241938,1.6925823971430698,False,,False,,0.0675
M1g,次,95,2026-06-05,-0.4095,0.29349,1.395277522232444,False,,False,,0.0675
FHS-E,次,95,2026-06-17,-0.3055,0.287181,1.0637890389684554,False,,False,,0.0672
FHS-G,次,95,2026-06-17,-0.3055,0.257715,1.185418000504433,False,,False,,0.0672
M1,次,95,2026-06-17,-0.3055,0.303437,1.0067987753635845,False,,False,,0.0672
M1d,次,95,2026-06-17,-0.3055,0.303438,1.0067954573916253,False,,False,,0.0672
M1e,次,95,2026-06-17,-0.3055,0.289921,1.0537353278996693,False,,False,,0.0672
FHS-G,次,95,2026-06-30,-0.3679,0.322054,1.1423550087873462,False,,False,,-0.3357
HS250,次,95,2026-06-30,-0.3679,0.30939,1.1891140631565338,False,,False,,-0.3357
HS500,次,95,2026-06-30,-0.3679,0.34886,1.054577767585851,False,,False,,-0.3357
M1,次,95,2026-06-30,-0.3679,0.311226,1.1820991819449531,False,,False,,-0.3357
M1d,次,95,2026-06-30,-0.3679,0.311225,1.182102980159049,False,,False,,-0.3357
HS250,次,95,2026-07-07,-0.3556,0.31286,1.1366106245605063,False,,False,,0.0
M1,次,95,2026-07-07,-0.3556,0.315609,1.126710581764145,False,,False,,0.0
M1d,次,95,2026-07-07,-0.3556,0.315608,1.126714151732529,False,,False,,0.0
FHS-E,次,95,2026-07-29,-0.3517,0.322804,1.0895156193851379,False,,False,,0.0
FHS-G,次,95,2026-07-29,-0.3517,0.326382,1.077571679810774,False,,False,,0.0
HS250,次,95,2026-07-29,-0.3517,0.30939,1.1367529655127833,False,,False,,0.0
M1,次,95,2026-07-29,-0.3517,0.312522,1.125360774601468,False,,False,,0.0
M1d,次,95,2026-07-29,-0.3517,0.31252,1.1253679764495073,False,,False,,0.0
M1e,次,95,2026-07-29,-0.3517,0.321468,1.0940435750992323,False,,False,,0.0
M1e,次,95,2026-08-20,-0.2915,0.288896,1.0090136242800176,False,,False,,0.137
HS250,次,99,2022-09-29,-1.4739,0.876879,1.6808476426051941,False,,True,2022-09-26 英国迷你预算危机 全球利率上行；2022-09-28 英央行紧急购债 全球收益率回落,0.51
M1,次,99,2022-09-29,-1.4739,0.931189,1.5828150890957688,False,,True,2022-09-26 英国迷你预算危机 全球利率上行；2022-09-28 英央行紧急购债 全球收益率回落,0.51
M1d,次,99,2022-09-29,-1.4739,0.931197,1.5828014909841848,False,,True,2022-09-26 英国迷你预算危机 全球利率上行；2022-09-28 英央行紧急购债 全球收益率回落,0.51
M1e,次,99,2022-09-29,-1.4739,0.969907,1.51963023258931,False,,True,2022-09-26 英国迷你预算危机 全球利率上行；2022-09-28 英央行紧急购债 全球收益率回落,0.51
M1g,次,99,2022-09-29,-1.4739,1.018208,1.4475431346051102,False,,True,2022-09-26 英国迷你预算危机 全球利率上行；2022-09-28 英央行紧急购债 全球收益率回落,0.51
HS250,次,99,2022-10-26,-1.0527,0.905636,1.162387537597887,False,,False,2022-10-26 美元自高位大幅回落 人民币急升,0.6042
M1,次,99,2022-10-26,-1.0527,0.957219,1.099748333453473,False,,False,2022-10-26 美元自高位大幅回落 人民币急升,0.6042
M1d,次,99,2022-10-26,-1.0527,0.957225,1.0997414401002898,False,,False,2022-10-26 美元自高位大幅回落 人民币急升,0.6042
M1e,次,99,2022-10-26,-1.0527,0.947925,1.1105308964316796,False,,False,2022-10-26 美元自高位大幅回落 人民币急升,0.6042
HS250,次,99,2022-11-07,-1.0289,0.993508,1.035623266244459,False,,False,2022-11-10 美国10月CPI回落至7.7% 美债暴涨,-0.6056
M1,次,99,2022-11-07,-1.0289,0.983815,1.0458267052240513,False,,False,2022-11-10 美国10月CPI回落至7.7% 美债暴涨,-0.6056
M1d,次,99,2022-11-07,-1.0289,0.983819,1.045822453113835,False,,False,2022-11-10 美国10月CPI回落至7.7% 美债暴涨,-0.6056
HS250,次,99,2022-12-05,-1.1382,1.041038,1.0933318476366858,False,,False,2022-11-29 证监会恢复房企股权融资(第三支箭)；2022-11-30 人民币续升 风险偏好修复；2022-12-05 防疫新十条 放开加速 人民币走强,-0.3604
M1,次,99,2022-12-05,-1.1382,1.04535,1.088821925670828,False,,False,2022-11-29 证监会恢复房企股权融资(第三支箭)；2022-11-30 人民币续升 风险偏好修复；2022-12-05 防疫新十条 放开加速 人民币走强,-0.3604
M1d,次,99,2022-12-05,-1.1382,1.045352,1.0888198425028124,False,,False,2022-11-29 证监会恢复房企股权融资(第三支箭)；2022-11-30 人民币续升 风险偏好修复；2022-12-05 防疫新十条 放开加速 人民币走强,-0.3604
HS250,次,99,2022-12-30,-1.1452,1.093806,1.046986394296612,False,,False,2022-12-30 年末人民币偏强 美元弱,0.2161
M1,次,99,2022-12-30,-1.1452,1.06395,1.0763663706001223,False,,False,2022-12-30 年末人民币偏强 美元弱,0.2161
M1d,次,99,2022-12-30,-1.1452,1.063952,1.0763643472637863,False,,False,2022-12-30 年末人民币偏强 美元弱,0.2161
M1e,次,99,2022-12-30,-1.1452,1.002533,1.1423065375404102,False,,False,2022-12-30 年末人民币偏强 美元弱,0.2161
HS250,次,99,2023-03-01,-1.3363,1.135799,1.176528593527552,False,,False,2023-03-01 中国2月PMI强劲 人民币升值,-0.5747
M1,次,99,2023-03-01,-1.3363,1.070068,1.2487991417367867,False,,False,2023-03-01 中国2月PMI强劲 人民币升值,-0.5747
M1d,次,99,2023-03-01,-1.3363,1.07007,1.2487968076854785,False,,False,2023-03-01 中国2月PMI强劲 人民币升值,-0.5747
M1e,次,99,2023-03-01,-1.3363,0.81098,1.6477595008508223,False,,False,2023-03-01 中国2月PMI强劲 人民币升值,-0.5747
M1g,次,99,2023-03-01,-1.3363,1.01062,1.322257624032772,False,,False,2023-03-01 中国2月PMI强劲 人民币升值,-0.5747
M1,次,99,2023-07-20,-1.0839,1.012349,1.0706781949703117,False,,False,,0.5013
M1d,次,99,2023-07-20,-1.0839,1.012349,1.0706781949703117,False,,False,,0.5013
M1e,次,99,2023-07-20,-1.0839,0.990736,1.0940351415513316,False,,False,,0.5013
M1g,次,99,2023-07-20,-1.0839,0.994055,1.0903823229096983,False,,False,,0.5013
FHS-E,次,99,2023-09-11,-0.908,0.763516,1.1892350651459827,False,,False,2023-09-11 央行维稳+美元回落 人民币急升,0.7968
M1e,次,99,2023-09-11,-0.908,0.677634,1.339956377631583,False,,False,2023-09-11 央行维稳+美元回落 人民币急升,0.7968
M1g,次,99,2023-09-11,-0.908,0.890807,1.01930047698323,False,,False,2023-09-11 央行维稳+美元回落 人民币急升,0.7968
FHS-E,次,99,2023-10-03,-0.8393,0.655533,1.2803321877006955,False,,True,2023-10-04 美债长端急升(10Y创多年新高) 全球利差走阔,-0.1461
FHS-G,次,99,2023-10-03,-0.8393,0.808415,1.038204387597954,False,,True,2023-10-04 美债长端急升(10Y创多年新高) 全球利差走阔,-0.1461
M1e,次,99,2023-10-03,-0.8393,0.581799,1.4425944355352966,False,,True,2023-10-04 美债长端急升(10Y创多年新高) 全球利差走阔,-0.1461
M1g,次,99,2023-10-03,-0.8393,0.802061,1.0464291369359688,False,,True,2023-10-04 美债长端急升(10Y创多年新高) 全球利差走阔,-0.1461
FHS-E,次,99,2024-04-10,-0.6214,0.520324,1.1942558867167379,False,,False,2024-04-10 美国3月CPI超预期 收益率急升,-0.4963
FHS-G,次,99,2024-04-10,-0.6214,0.595537,1.0434280321793608,False,,False,2024-04-10 美国3月CPI超预期 收益率急升,-0.4963
M1e,次,99,2024-04-10,-0.6214,0.524385,1.1850071989091984,False,,False,2024-04-10 美国3月CPI超预期 收益率急升,-0.4963
FHS-G,次,99,2024-08-05,-0.6395,0.628568,1.0173919130467983,False,,False,2024-08-02 7月非农大幅走弱+日元套息平仓,0.4132
HS250,次,99,2024-08-05,-0.6395,0.619979,1.031486550350899,False,,False,2024-08-02 7月非农大幅走弱+日元套息平仓,0.4132
M1,次,99,2024-08-05,-0.6395,0.631582,1.0125367727389318,False,,False,2024-08-02 7月非农大幅走弱+日元套息平仓,0.4132
M1d,次,99,2024-08-05,-0.6395,0.631583,1.0125351695659952,False,,False,2024-08-02 7月非农大幅走弱+日元套息平仓,0.4132
FHS-E,次,99,2025-01-21,-0.5009,0.47431,1.0560603824502963,True,FX_ret_pct,False,,0.2805
FHS-G,次,99,2025-01-21,-0.5009,0.493576,1.0148386469358315,True,FX_ret_pct,False,,0.2805
M1e,次,99,2025-01-21,-0.5009,0.493637,1.014713240701163,True,FX_ret_pct,False,,0.2805
FHS-G,次,99,2025-03-11,-0.6512,0.63047,1.0328802322077182,False,,False,,0.2747
HS250,次,99,2025-03-11,-0.6512,0.522524,1.246258545062045,False,,False,,0.2747
HS500,次,99,2025-03-11,-0.6512,0.64041,1.016848581377555,False,,False,,0.2747
M1,次,99,2025-03-11,-0.6512,0.605239,1.0759385961578816,False,,False,,0.2747
M1d,次,99,2025-03-11,-0.6512,0.605243,1.075931485370339,False,,False,,0.2747
FHS-E,次,99,2025-04-07,-0.768,0.676986,1.1344400031906126,False,,True,"2025-04-02 美国""解放日""对等关税(中国累计约54%) 历史级risk-off；2025-04-08 美中关税加码至104% 人民币中间价破7.20 美债市场承压；2025-04-09 90天关税暂缓(不含中国) 美股+9.5%；2025-04-10 中国反制84%至125% 亚洲IG信用risk-off；2025-04-11 隔夜美股再跌后亚洲风险偏好修复",-0.8287
FHS-G,次,99,2025-04-07,-0.768,0.629715,1.2195993425597293,False,,True,"2025-04-02 美国""解放日""对等关税(中国累计约54%) 历史级risk-off；2025-04-08 美中关税加码至104% 人民币中间价破7.20 美债市场承压；2025-04-09 90天关税暂缓(不含中国) 美股+9.5%；2025-04-10 中国反制84%至125% 亚洲IG信用risk-off；2025-04-11 隔夜美股再跌后亚洲风险偏好修复",-0.8287
HS250,次,99,2025-04-07,-0.768,0.583131,1.3170282492270178,False,,True,"2025-04-02 美国""解放日""对等关税(中国累计约54%) 历史级risk-off；2025-04-08 美中关税加码至104% 人民币中间价破7.20 美债市场承压；2025-04-09 90天关税暂缓(不含中国) 美股+9.5%；2025-04-10 中国反制84%至125% 亚洲IG信用risk-off；2025-04-11 隔夜美股再跌后亚洲风险偏好修复",-0.8287
HS500,次,99,2025-04-07,-0.768,0.651993,1.177926756882359,False,,True,"2025-04-02 美国""解放日""对等关税(中国累计约54%) 历史级risk-off；2025-04-08 美中关税加码至104% 人民币中间价破7.20 美债市场承压；2025-04-09 90天关税暂缓(不含中国) 美股+9.5%；2025-04-10 中国反制84%至125% 亚洲IG信用risk-off；2025-04-11 隔夜美股再跌后亚洲风险偏好修复",-0.8287
M1,次,99,2025-04-07,-0.768,0.614382,1.250036622166665,False,,True,"2025-04-02 美国""解放日""对等关税(中国累计约54%) 历史级risk-off；2025-04-08 美中关税加码至104% 人民币中间价破7.20 美债市场承压；2025-04-09 90天关税暂缓(不含中国) 美股+9.5%；2025-04-10 中国反制84%至125% 亚洲IG信用risk-off；2025-04-11 隔夜美股再跌后亚洲风险偏好修复",-0.8287
M1d,次,99,2025-04-07,-0.768,0.614383,1.2500345875455539,False,,True,"2025-04-02 美国""解放日""对等关税(中国累计约54%) 历史级risk-off；2025-04-08 美中关税加码至104% 人民币中间价破7.20 美债市场承压；2025-04-09 90天关税暂缓(不含中国) 美股+9.5%；2025-04-10 中国反制84%至125% 亚洲IG信用risk-off；2025-04-11 隔夜美股再跌后亚洲风险偏好修复",-0.8287
M1e,次,99,2025-04-07,-0.768,0.689869,1.1132548353383034,False,,True,"2025-04-02 美国""解放日""对等关税(中国累计约54%) 历史级risk-off；2025-04-08 美中关税加码至104% 人民币中间价破7.20 美债市场承压；2025-04-09 90天关税暂缓(不含中国) 美股+9.5%；2025-04-10 中国反制84%至125% 亚洲IG信用risk-off；2025-04-11 隔夜美股再跌后亚洲风险偏好修复",-0.8287
M1g,次,99,2025-04-07,-0.768,0.709703,1.082142811852282,False,,True,"2025-04-02 美国""解放日""对等关税(中国累计约54%) 历史级risk-off；2025-04-08 美中关税加码至104% 人民币中间价破7.20 美债市场承压；2025-04-09 90天关税暂缓(不含中国) 美股+9.5%；2025-04-10 中国反制84%至125% 亚洲IG信用risk-off；2025-04-11 隔夜美股再跌后亚洲风险偏好修复",-0.8287
HS250,次,99,2025-04-11,-0.6697,0.592362,1.130558678645828,False,,True,2025-04-08 美中关税加码至104% 人民币中间价破7.20 美债市场承压；2025-04-09 90天关税暂缓(不含中国) 美股+9.5%；2025-04-10 中国反制84%至125% 亚洲IG信用risk-off；2025-04-11 隔夜美股再跌后亚洲风险偏好修复,0.6372
M1,次,99,2025-04-11,-0.6697,0.624791,1.071878436149048,False,,True,2025-04-08 美中关税加码至104% 人民币中间价破7.20 美债市场承压；2025-04-09 90天关税暂缓(不含中国) 美股+9.5%；2025-04-10 中国反制84%至125% 亚洲IG信用risk-off；2025-04-11 隔夜美股再跌后亚洲风险偏好修复,0.6372
M1d,次,99,2025-04-11,-0.6697,0.62479,1.0718801517309817,False,,True,2025-04-08 美中关税加码至104% 人民币中间价破7.20 美债市场承压；2025-04-09 90天关税暂缓(不含中国) 美股+9.5%；2025-04-10 中国反制84%至125% 亚洲IG信用risk-off；2025-04-11 隔夜美股再跌后亚洲风险偏好修复,0.6372
FHS-G,次,99,2025-05-06,-0.7645,0.706826,1.081595753410316,False,,False,2025-05-07 中国央行宽松(降准50bp加7天逆回购降10bp)；2025-05-12 美中日内瓦停火(美145%降至30% 中125%降至10%),-1.1843
HS250,次,99,2025-05-06,-0.7645,0.645467,1.1844137655372,False,,False,2025-05-07 中国央行宽松(降准50bp加7天逆回购降10bp)；2025-05-12 美中日内瓦停火(美145%降至30% 中125%降至10%),-1.1843
HS500,次,99,2025-05-06,-0.7645,0.730875,1.0460064990593465,False,,False,2025-05-07 中国央行宽松(降准50bp加7天逆回购降10bp)；2025-05-12 美中日内瓦停火(美145%降至30% 中125%降至10%),-1.1843
M1,次,99,2025-05-06,-0.7645,0.646976,1.181651251360174,False,,False,2025-05-07 中国央行宽松(降准50bp加7天逆回购降10bp)；2025-05-12 美中日内瓦停火(美145%降至30% 中125%降至10%),-1.1843
M1d,次,99,2025-05-06,-0.7645,0.646975,1.1816530777850767,False,,False,2025-05-07 中国央行宽松(降准50bp加7天逆回购降10bp)；2025-05-12 美中日内瓦停火(美145%降至30% 中125%降至10%),-1.1843
HS250,次,99,2025-05-12,-0.7228,0.660635,1.0940988594306993,False,,False,2025-05-07 中国央行宽松(降准50bp加7天逆回购降10bp)；2025-05-12 美中日内瓦停火(美145%降至30% 中125%降至10%),0.0
M1,次,99,2025-05-12,-0.7228,0.655856,1.102071186357981,False,,False,2025-05-07 中国央行宽松(降准50bp加7天逆回购降10bp)；2025-05-12 美中日内瓦停火(美145%降至30% 中125%降至10%),0.0
M1d,次,99,2025-05-12,-0.7228,0.655855,1.1020728667159663,False,,False,2025-05-07 中国央行宽松(降准50bp加7天逆回购降10bp)；2025-05-12 美中日内瓦停火(美145%降至30% 中125%降至10%),0.0
FHS-E,次,99,2025-11-13,-0.4379,0.347704,1.2594045509974001,False,,False,,0.0
FHS-G,次,99,2025-11-13,-0.4379,0.394688,1.109483946813686,False,,False,,0.0
M1e,次,99,2025-11-13,-0.4379,0.370445,1.1820918085005871,False,,False,,0.0
FHS-E,次,99,2026-02-24,-0.3384,0.311496,1.0863702904692194,False,,False,2026-02-28 美以空袭伊朗 海湾战争爆发；2026-03-02 开战首个交易日 布油大涨13% 全球risk-off,-0.1332
M1e,次,99,2026-02-24,-0.3384,0.329278,1.0277030351253347,False,,False,2026-02-28 美以空袭伊朗 海湾战争爆发；2026-03-02 开战首个交易日 布油大涨13% 全球risk-off,-0.1332
FHS-E,次,99,2026-03-10,-0.5086,0.418549,1.215150436388571,False,,False,,0.3346
FHS-G,次,99,2026-03-10,-0.5086,0.418961,1.2139554755693254,False,,False,,0.3346
M1e,次,99,2026-03-10,-0.5086,0.420208,1.2103529680539162,False,,False,,0.3346
M1g,次,99,2026-03-10,-0.5086,0.450196,1.129730161973896,False,,False,,0.3346
FHS-E,次,99,2026-03-20,-0.7011,0.61449,1.1409461504662401,False,,False,2026-03-18 FOMC按兵不动(3.50-3.75%) 点阵图仍显示1次降息；2026-03-23 海湾战争risk-off(霍尔木兹48小时通牒) 10Y创8个月高位,0.0
FHS-G,次,99,2026-03-20,-0.7011,0.557786,1.256933662730868,False,,False,2026-03-18 FOMC按兵不动(3.50-3.75%) 点阵图仍显示1次降息；2026-03-23 海湾战争risk-off(霍尔木兹48小时通牒) 10Y创8个月高位,0.0
HS250,次,99,2026-03-20,-0.7011,0.696781,1.006198504264611,False,,False,2026-03-18 FOMC按兵不动(3.50-3.75%) 点阵图仍显示1次降息；2026-03-23 海湾战争risk-off(霍尔木兹48小时通牒) 10Y创8个月高位,0.0
HS500,次,99,2026-03-20,-0.7011,0.639617,1.0961247121324167,False,,False,2026-03-18 FOMC按兵不动(3.50-3.75%) 点阵图仍显示1次降息；2026-03-23 海湾战争risk-off(霍尔木兹48小时通牒) 10Y创8个月高位,0.0
HS750,次,99,2026-03-20,-0.7011,0.696781,1.006198504264611,False,,False,2026-03-18 FOMC按兵不动(3.50-3.75%) 点阵图仍显示1次降息；2026-03-23 海湾战争risk-off(霍尔木兹48小时通牒) 10Y创8个月高位,0.0
M1,次,99,2026-03-20,-0.7011,0.531226,1.3197772699378418,False,,False,2026-03-18 FOMC按兵不动(3.50-3.75%) 点阵图仍显示1次降息；2026-03-23 海湾战争risk-off(霍尔木兹48小时通牒) 10Y创8个月高位,0.0
M1d,次,99,2026-03-20,-0.7011,0.531228,1.3197723011588243,False,,False,2026-03-18 FOMC按兵不动(3.50-3.75%) 点阵图仍显示1次降息；2026-03-23 海湾战争risk-off(霍尔木兹48小时通牒) 10Y创8个月高位,0.0
M1e,次,99,2026-03-20,-0.7011,0.573576,1.2223314783045316,False,,False,2026-03-18 FOMC按兵不动(3.50-3.75%) 点阵图仍显示1次降息；2026-03-23 海湾战争risk-off(霍尔木兹48小时通牒) 10Y创8个月高位,0.0
M1g,次,99,2026-03-20,-0.7011,0.573832,1.2217861673799997,False,,False,2026-03-18 FOMC按兵不动(3.50-3.75%) 点阵图仍显示1次降息；2026-03-23 海湾战争risk-off(霍尔木兹48小时通牒) 10Y创8个月高位,0.0
FHS-E,次,99,2026-06-05,-0.4095,0.378582,1.081667908141433,False,,False,,0.0675
FHS-G,次,99,2026-06-05,-0.4095,0.391394,1.0462602901424138,False,,False,,0.0675
M1e,次,99,2026-06-05,-0.4095,0.342161,1.1968050128448302,False,,False,,0.0675
