model,role,caliber,conf,scope,T,x,rate_pct,exp_x,n_zero,exp_x_eff,lr_uc,p_uc,p_uc_mc,lr_ind,p_ind,p_ind_mc,p_ind_mc_cond,lr_cc,p_cc,n00,n01,n10,n11,n_pairs,n_pair_dropped,x_lo,x_hi,mean_var,es,es_ratio,size_uc,size_ind
M1,主,主,95,full,1023,29,2.8348,51.15,64,47.95,11.887975,0.000565,0.00085,0.037906,0.845631,0.849,0.87065,11.925881,0.002572,965,28,28,1,1022,0,39,65,0.439786,0.548203,1.246523,0.05485,0.0773
M1,主,主,95,common773,773,22,2.846054,38.65,51,36.1,8.880496,0.002882,0.0045,0.200976,0.653934,0.67545,0.83635,9.081472,0.010666,729,21,21,1,772,0,28,51,0.395592,0.507132,1.281957,0.04965,0.07115
M1,主,主,95,common523,523,17,3.250478,26.15,35,24.400000000000002,3.825863,0.050467,0.0587,1.144771,0.284647,0.38495,0.3577,4.970634,0.083299,488,17,17,0,522,0,17,36,0.350967,0.470541,1.340699,0.04565,0.0387
M1,主,主,95,calm,724,20,2.762431,36.2,50,33.7,9.04553,0.002633,0.00345,1.138134,0.286047,0.32695,0.359,10.183663,0.006147,683,20,20,0,723,0,26,48,0.392176,0.502925,1.282396,0.0527,0.066
M1,主,主,95,highvol,299,9,3.010033,14.95,14,14.25,2.889013,0.089186,0.08205,1.275835,0.258675,0.3493,0.1477,4.164848,0.124628,281,8,8,1,298,0,9,22,0.555069,0.648822,1.168903,0.0639,0.02155
M1,主,主,95,ex_doubtful,1012,29,2.865613,50.6,63,47.45,11.395665,0.000736,0.00075,0.043506,0.834775,0.8312,0.84255,11.439171,0.003281,945,27,28,1,1001,21,38,64,0.440562,0.548203,1.244328,0.054,0.07745
M1,主,主,95,ex_doubtful_all,1008,27,2.678571,50.4,62,47.300000000000004,13.66287,0.000219,0.0003,1.396239,0.237354,0.2553,0.304,15.059109,0.000537,941,25,27,0,993,29,38,64,0.440514,0.547841,1.243639,0.05225,0.0797
M1g,主,主,95,full,1023,30,2.932551,51.15,64,47.95,10.74307,0.001047,0.0016,0.016491,0.897818,0.89955,0.92325,10.759561,0.004609,963,29,29,1,1022,0,39,65,0.434799,0.54895,1.262538,0.05485,0.0773
M1g,主,主,95,common773,773,25,3.234153,38.65,51,36.1,5.768619,0.016315,0.01775,0.062782,0.802151,0.815,0.8367,5.831402,0.054166,724,23,24,1,772,0,28,51,0.388228,0.517708,1.333514,0.04965,0.07115
M1g,主,主,95,common523,523,15,2.868069,26.15,35,24.400000000000002,5.874401,0.015363,0.01785,0.887703,0.3461,0.4358,0.42805,6.762104,0.034012,492,15,15,0,522,0,17,36,0.352549,0.49524,1.40474,0.04565,0.0387
M1g,主,主,95,calm,724,24,3.314917,36.2,50,33.7,4.886878,0.027062,0.0346,1.648393,0.199178,0.26315,0.2593,6.535271,0.038096,675,24,24,0,723,0,26,48,0.376318,0.514596,1.367448,0.0527,0.066
M1g,主,主,95,highvol,299,6,2.006689,14.95,14,14.25,7.223663,0.007195,0.00855,2.7486,0.09734,0.0548,0.04115,9.972263,0.006832,287,5,5,1,298,0,9,22,0.576404,0.686367,1.190774,0.0639,0.02155
M1g,主,主,95,ex_doubtful,1012,30,2.964427,50.6,63,47.45,10.273027,0.00135,0.0017,0.020002,0.887533,0.8786,0.8925,10.293029,0.00582,943,28,29,1,1001,21,38,64,0.435576,0.54895,1.260285,0.054,0.07745
M1g,主,主,95,ex_doubtful_all,1008,28,2.777778,50.4,62,47.300000000000004,12.403885,0.000428,0.00045,1.507443,0.21953,0.2458,0.2785,13.911328,0.000953,939,26,28,0,993,29,38,64,0.43555,0.548654,1.259681,0.05225,0.0797
M1e,主,主,95,full,1023,45,4.398827,51.15,64,47.95,0.809836,0.368169,0.38715,0.00019,0.988993,0.99685,0.9964,0.810026,0.666968,934,43,43,2,1022,0,39,65,0.401578,0.481804,1.199777,0.05485,0.0773
M1e,主,主,95,common773,773,36,4.65718,38.65,51,36.1,0.195547,0.658339,0.68505,0.085523,0.769948,0.77915,0.7831,0.28107,0.868893,703,33,34,2,772,0,28,51,0.355893,0.449219,1.262233,0.04965,0.07115
M1e,主,主,95,common523,523,25,4.780115,26.15,35,24.400000000000002,0.053991,0.816258,0.8426,0.037813,0.84582,0.86085,0.8616,0.091804,0.955136,473,24,24,1,522,0,17,36,0.318967,0.412232,1.292396,0.04565,0.0387
M1e,主,主,95,calm,724,36,4.972376,36.2,50,33.7,0.001165,0.97277,1.0,0.45521,0.499871,0.5238,0.5279,0.456376,0.795975,652,35,35,1,723,0,26,48,0.342084,0.444172,1.29843,0.0527,0.066
M1e,主,主,95,highvol,299,9,3.010033,14.95,14,14.25,2.889013,0.089186,0.08205,1.275835,0.258675,0.3493,0.1477,4.164848,0.124628,281,8,8,1,298,0,9,22,0.545637,0.632333,1.158889,0.0639,0.02155
M1e,主,主,95,ex_doubtful,1012,44,4.347826,50.6,63,47.45,0.946155,0.3307,0.35025,0.006863,0.933977,0.92665,0.93195,0.953018,0.620947,916,41,42,2,1001,21,38,64,0.402365,0.484968,1.205293,0.054,0.07745
M1e,主,主,95,ex_doubtful_all,1008,42,4.166667,50.4,62,47.300000000000004,1.558459,0.211891,0.22185,0.356801,0.550288,0.5662,0.56375,1.91526,0.383801,912,39,41,1,993,29,38,64,0.402358,0.481724,1.197253,0.05225,0.0797
M1g-t,对照-t估σ+正态分位,主,95,full,1023,29,2.8348,51.15,64,47.95,11.887975,0.000565,0.00085,0.037906,0.845631,0.849,0.87065,11.925881,0.002572,965,28,28,1,1022,0,39,65,0.431599,0.5526,1.280355,0.05485,0.0773
M1g-t,对照-t估σ+正态分位,主,95,common773,773,24,3.104787,38.65,51,36.1,6.718676,0.009541,0.0108,0.108198,0.742205,0.7558,0.8165,6.826875,0.032928,726,22,23,1,772,0,28,51,0.386987,0.520817,1.345824,0.04965,0.07115
M1g-t,对照-t估σ+正态分位,主,95,common523,523,14,2.676864,26.15,35,24.400000000000002,7.100552,0.007706,0.00965,0.771751,0.379676,0.45825,0.4545,7.872303,0.019523,494,14,14,0,522,0,17,36,0.350979,0.498964,1.421635,0.04565,0.0387
M1g-t,对照-t估σ+正态分位,主,95,calm,724,23,3.176796,36.2,50,33.7,5.787739,0.016138,0.01825,1.511701,0.21888,0.27825,0.2856,7.299439,0.025998,677,23,23,0,723,0,26,48,0.374643,0.517704,1.381861,0.0527,0.066
M1g-t,对照-t估σ+正态分位,主,95,highvol,299,6,2.006689,14.95,14,14.25,7.223663,0.007195,0.00855,2.7486,0.09734,0.0548,0.04115,9.972263,0.006832,287,5,5,1,298,0,9,22,0.569513,0.686367,1.205182,0.0639,0.02155
M1g-t,对照-t估σ+正态分位,主,95,ex_doubtful,1012,29,2.865613,50.6,63,47.45,11.395665,0.000736,0.00075,0.043506,0.834775,0.8312,0.84255,11.439171,0.003281,945,27,28,1,1001,21,38,64,0.43236,0.5526,1.278101,0.054,0.07745
M1g-t,对照-t估σ+正态分位,主,95,ex_doubtful_all,1008,27,2.678571,50.4,62,47.300000000000004,13.66287,0.000219,0.0003,1.396239,0.237354,0.2553,0.304,15.059109,0.000537,941,25,27,0,993,29,38,64,0.432332,0.552563,1.278099,0.05225,0.0797
M1d,恒等式-不作独立证据,主,95,full,1023,29,2.8348,51.15,64,47.95,11.887975,0.000565,0.00085,0.037906,0.845631,0.849,0.87065,11.925881,0.002572,965,28,28,1,1022,0,39,65,0.439785,0.548203,1.246525,0.05485,0.0773
M1d,恒等式-不作独立证据,主,95,common773,773,22,2.846054,38.65,51,36.1,8.880496,0.002882,0.0045,0.200976,0.653934,0.67545,0.83635,9.081472,0.010666,729,21,21,1,772,0,28,51,0.39559,0.507132,1.281964,0.04965,0.07115
M1d,恒等式-不作独立证据,主,95,common523,523,17,3.250478,26.15,35,24.400000000000002,3.825863,0.050467,0.0587,1.144771,0.284647,0.38495,0.3577,4.970634,0.083299,488,17,17,0,522,0,17,36,0.350964,0.470541,1.340709,0.04565,0.0387
M1d,恒等式-不作独立证据,主,95,calm,724,20,2.762431,36.2,50,33.7,9.04553,0.002633,0.00345,1.138134,0.286047,0.32695,0.359,10.183663,0.006147,683,20,20,0,723,0,26,48,0.392174,0.502925,1.282402,0.0527,0.066
M1d,恒等式-不作独立证据,主,95,highvol,299,9,3.010033,14.95,14,14.25,2.889013,0.089186,0.08205,1.275835,0.258675,0.3493,0.1477,4.164848,0.124628,281,8,8,1,298,0,9,22,0.555072,0.648822,1.168898,0.0639,0.02155
M1d,恒等式-不作独立证据,主,95,ex_doubtful,1012,29,2.865613,50.6,63,47.45,11.395665,0.000736,0.00075,0.043506,0.834775,0.8312,0.84255,11.439171,0.003281,945,27,28,1,1001,21,38,64,0.440561,0.548203,1.24433,0.054,0.07745
M1d,恒等式-不作独立证据,主,95,ex_doubtful_all,1008,27,2.678571,50.4,62,47.300000000000004,13.66287,0.000219,0.0003,1.396239,0.237354,0.2553,0.304,15.059109,0.000537,941,25,27,0,993,29,38,64,0.440513,0.547841,1.243641,0.05225,0.0797
HS250,主,主,95,full,1023,44,4.301075,51.15,64,47.95,1.102063,0.293814,0.314,0.006331,0.93658,0.94635,0.94875,1.108394,0.574533,936,42,42,2,1022,0,39,65,0.408021,0.482443,1.182397,0.05485,0.0773
HS250,主,主,95,common773,773,38,4.915912,38.65,51,36.1,0.011568,0.914347,0.93285,0.009724,0.921447,0.92955,0.9327,0.021293,0.98941,698,36,36,2,772,0,28,51,0.354431,0.447332,1.262111,0.04965,0.07115
HS250,主,主,95,common523,523,28,5.353728,26.15,35,24.400000000000002,0.134795,0.713511,0.7608,0.209783,0.646938,0.67345,0.66995,0.344578,0.841736,467,27,27,1,522,0,17,36,0.309788,0.408839,1.319739,0.04565,0.0387
HS250,主,主,95,calm,724,33,4.558011,36.2,50,33.7,0.306462,0.579859,0.6119,0.209813,0.646914,0.6728,0.67035,0.516275,0.772489,658,32,32,1,723,0,26,48,0.35369,0.442573,1.251301,0.0527,0.066
HS250,主,主,95,highvol,299,11,3.67893,14.95,14,14.25,1.204723,0.27238,0.29645,0.683844,0.408266,0.59965,0.5662,1.888568,0.388958,277,10,10,1,298,0,9,22,0.53958,0.602055,1.115784,0.0639,0.02155
HS250,主,主,95,ex_doubtful,1012,43,4.249012,50.6,63,47.45,1.263296,0.261028,0.2806,0.02245,0.880897,0.877,0.88355,1.285746,0.52578,918,40,41,2,1001,21,38,64,0.408826,0.485695,1.188023,0.054,0.07745
HS250,主,主,95,ex_doubtful_all,1008,41,4.06746,50.4,62,47.300000000000004,1.965605,0.160915,0.1713,0.287459,0.591854,0.6077,0.59555,2.253064,0.324156,914,38,40,1,993,29,38,64,0.408762,0.482407,1.180166,0.05225,0.0797
HS500,主,主,95,full,773,20,2.587322,38.65,51,36.1,11.417107,0.000728,0.00145,0.375662,0.539934,0.551,0.8247,11.792769,0.002749,733,19,19,1,772,0,28,51,0.410782,0.52387,1.275301,0.04965,0.07115
HS500,主,主,95,common773,773,20,2.587322,38.65,51,36.1,11.417107,0.000728,0.00145,0.375662,0.539934,0.551,0.8247,11.792769,0.002749,733,19,19,1,772,0,28,51,0.410782,0.52387,1.275301,0.04965,0.07115
HS500,主,主,95,common523,523,15,2.868069,26.15,35,24.400000000000002,5.874401,0.015363,0.01785,0.887703,0.3461,0.4358,0.42805,6.762104,0.034012,492,15,15,0,522,0,17,36,0.361447,0.48798,1.350075,0.04565,0.0387
HS500,主,主,95,calm,685,18,2.627737,34.25,48,31.85,9.743113,0.0018,0.00295,0.973091,0.32391,0.3621,0.3983,10.716204,0.00471,648,18,18,0,684,0,24,45,0.396669,0.521056,1.313577,0.05545,0.06165
HS500,主,主,95,highvol,88,2,2.272727,4.4,3,4.25,1.71442,0.190413,0.1365,5.39863,0.020153,0.0075,0.00735,7.11305,0.028538,84,1,1,1,87,0,2,8,0.520632,0.5492,1.054872,0.09395,0.01245
HS500,主,主,95,ex_doubtful,762,20,2.624672,38.1,50,35.6,10.869557,0.000978,0.0016,0.400736,0.526709,0.54155,0.78325,11.270293,0.00357,713,18,19,1,751,21,27,50,0.411187,0.52387,1.274044,0.047,0.069
HS500,主,主,95,ex_doubtful_all,758,18,2.37467,37.9,49,35.45,13.540084,0.000234,0.00055,0.793461,0.373056,0.4034,0.439,14.333545,0.000772,709,16,18,0,743,29,27,50,0.410756,0.520622,1.267472,0.0446,0.0677
HS750,主,主,95,full,523,9,1.720841,26.15,35,24.400000000000002,15.686035,7.5e-05,5e-05,0.315806,0.574139,0.5889,0.56825,16.001841,0.000335,504,9,9,0,522,0,17,36,0.423156,0.557667,1.317875,0.04565,0.0387
HS750,主,主,95,common773,523,9,1.720841,26.15,35,24.400000000000002,15.686035,7.5e-05,5e-05,0.315806,0.574139,0.5889,0.56825,16.001841,0.000335,504,9,9,0,522,0,17,36,0.423156,0.557667,1.317875,0.04565,0.0387
HS750,主,主,95,common523,523,9,1.720841,26.15,35,24.400000000000002,15.686035,7.5e-05,5e-05,0.315806,0.574139,0.5889,0.56825,16.001841,0.000335,504,9,9,0,522,0,17,36,0.423156,0.557667,1.317875,0.04565,0.0387
HS750,主,主,95,calm,513,9,1.754386,25.65,35,23.900000000000002,15.010725,0.000107,0.00015,0.322085,0.570357,0.6103,0.56815,15.33281,0.000468,494,9,9,0,512,0,17,35,0.422712,0.557667,1.319258,0.0523,0.038
HS750,主,主,95,ex_doubtful,515,9,1.747573,25.75,35,24.0,15.145239,0.0001,0.0001,0.325319,0.568429,0.59405,0.456,15.470558,0.000437,489,9,9,0,507,15,17,35,0.4234,0.557667,1.317115,0.0545,0.039
HS750,主,主,95,ex_doubtful_all,514,9,1.750973,25.7,35,23.950000000000003,15.077947,0.000103,0.00025,0.326631,0.56765,0.58555,0.4603,15.404578,0.000452,487,9,9,0,505,17,17,35,0.423253,0.557667,1.317574,0.0522,0.0369
FHS-E,主,主,95,full,773,44,5.692109,38.65,51,36.1,0.747643,0.387223,0.41265,0.130001,0.718431,0.7287,0.72685,0.877644,0.644796,688,40,41,3,772,0,28,51,0.320997,0.425293,1.324914,0.04965,0.07115
FHS-E,主,主,95,common773,773,44,5.692109,38.65,51,36.1,0.747643,0.387223,0.41265,0.130001,0.718431,0.7287,0.72685,0.877644,0.644796,688,40,41,3,772,0,28,51,0.320997,0.425293,1.324914,0.04965,0.07115
FHS-E,主,主,95,common523,523,30,5.736138,26.15,35,24.400000000000002,0.570802,0.44994,0.4772,0.04752,0.827436,0.83175,0.8433,0.618322,0.734063,464,28,28,2,522,0,17,36,0.284111,0.380983,1.340968,0.04565,0.0387
FHS-E,主,主,95,calm,685,40,5.839416,34.25,48,31.85,0.966388,0.325583,0.3385,0.040413,0.840674,0.8538,0.84415,1.006802,0.604471,607,37,38,2,684,0,24,45,0.304189,0.416622,1.369615,0.05545,0.06165
FHS-E,主,主,95,highvol,88,4,4.545455,4.4,3,4.25,0.039429,0.8426,0.8023,2.13983,0.143518,0.0582,0.0573,2.179259,0.336341,80,3,3,1,87,0,2,8,0.451827,0.512,1.133177,0.09395,0.01245
FHS-E,主,主,95,ex_doubtful,762,43,5.643045,38.1,50,35.6,0.638024,0.424427,0.4563,0.188788,0.663927,0.6872,0.68285,0.826813,0.661394,670,38,40,3,751,21,27,50,0.321377,0.427216,1.329329,0.047,0.069
FHS-E,主,主,95,ex_doubtful_all,758,41,5.408971,37.9,49,35.45,0.260283,0.609926,0.619,0.005065,0.943261,0.9457,0.9432,0.265348,0.87575,666,36,39,2,743,29,27,50,0.32108,0.421076,1.311437,0.0446,0.0677
FHS-G,主,主,95,full,773,42,5.433376,38.65,51,36.1,0.297624,0.585376,0.62345,0.270483,0.603008,0.62475,0.61915,0.568107,0.752726,692,38,39,3,772,0,28,51,0.32712,0.434552,1.328419,0.04965,0.07115
FHS-G,主,主,95,common773,773,42,5.433376,38.65,51,36.1,0.297624,0.585376,0.62345,0.270483,0.603008,0.62475,0.61915,0.568107,0.752726,692,38,39,3,772,0,28,51,0.32712,0.434552,1.328419,0.04965,0.07115
FHS-G,主,主,95,common523,523,29,5.544933,26.15,35,24.400000000000002,0.316284,0.573849,0.6182,0.098536,0.753594,0.763,0.77355,0.41482,0.812686,466,27,27,2,522,0,17,36,0.285607,0.393576,1.378034,0.04565,0.0387
FHS-G,主,主,95,calm,685,39,5.693431,34.25,48,31.85,0.665013,0.414796,0.4364,0.014735,0.903384,0.914,0.9073,0.679748,0.71186,609,36,37,2,684,0,24,45,0.310441,0.4269,1.375141,0.05545,0.06165
FHS-G,主,主,95,highvol,88,3,3.409091,4.4,3,4.25,0.525362,0.468563,0.6273,3.377355,0.066098,0.024,0.0251,3.902716,0.142081,82,2,2,1,87,0,2,8,0.456951,0.534033,1.168688,0.09395,0.01245
FHS-G,主,主,95,ex_doubtful,762,41,5.380577,38.1,50,35.6,0.226972,0.633779,0.6814,0.357143,0.550097,0.5743,0.5669,0.584114,0.746726,674,36,38,3,751,21,27,50,0.327478,0.436795,1.333815,0.047,0.069
FHS-G,主,主,95,ex_doubtful_all,758,39,5.145119,37.9,49,35.45,0.033303,0.855198,0.86755,0.007028,0.933189,0.92795,0.92295,0.040331,0.980037,670,34,37,2,743,29,27,50,0.327124,0.430831,1.317025,0.0446,0.0677
M1,主,主,99,full,1023,8,0.782014,10.23,64,9.59,0.530778,0.46628,0.5382,0.126234,0.722369,0.8068,0.55535,0.657012,0.719999,1006,8,8,0,1022,0,5,17,0.621967,0.709475,1.140695,0.041,0.0156
M1,主,主,99,common773,773,7,0.905563,7.73,51,7.22,0.071914,0.78857,0.8592,0.128106,0.720404,0.6655,0.56135,0.200021,0.904828,758,7,7,0,772,0,3,13,0.559466,0.680429,1.216211,0.0433,0.0185
M1,主,主,99,common523,523,5,0.956023,5.23,35,4.88,0.010368,0.918895,1.0,0.096713,0.75581,0.60575,0.56595,0.107082,0.947867,512,5,5,0,522,0,2,10,0.496355,0.65354,1.316678,0.0517,0.0139
M1,主,主,99,calm,724,7,0.966851,7.24,50,6.74,0.008126,0.928175,1.0,0.136874,0.711409,0.5961,0.56085,0.144999,0.930066,709,7,7,0,723,0,3,13,0.554635,0.680429,1.226805,0.0402,0.0148
M1,主,主,99,highvol,299,1,0.334448,2.99,14,2.85,1.802802,0.179374,0.2829,0.006734,0.934598,0.95005,0.63145,1.809536,0.404636,296,1,1,0,298,0,1,6,0.785007,0.9128,1.162792,0.0832,0.01285
M1,主,主,99,ex_doubtful,1012,8,0.790514,10.12,63,9.49,0.483329,0.486918,0.53785,0.128904,0.719571,0.6944,0.4264,0.612233,0.736301,985,8,8,0,1001,21,5,16,0.623065,0.709475,1.138686,0.05815,0.0168
M1,主,主,99,ex_doubtful_all,1008,8,0.793651,10.08,62,9.46,0.466545,0.494581,0.5377,0.129951,0.718483,0.69195,0.42665,0.596496,0.742117,977,8,8,0,993,29,5,16,0.622997,0.709475,1.138809,0.0574,0.01765
M1g,主,主,99,full,1023,9,0.879765,10.23,64,9.59,0.155693,0.693153,0.75525,0.159923,0.689227,0.70185,0.55505,0.315616,0.854014,1004,9,9,0,1022,0,5,17,0.614914,0.668378,1.086944,0.041,0.0156
M1g,主,主,99,common773,773,7,0.905563,7.73,51,7.22,0.071914,0.78857,0.8592,0.128106,0.720404,0.6655,0.56135,0.200021,0.904828,758,7,7,0,772,0,3,13,0.549052,0.6271,1.14215,0.0433,0.0185
M1g,主,主,99,common523,523,5,0.956023,5.23,35,4.88,0.010368,0.918895,1.0,0.096713,0.75581,0.60575,0.56595,0.107082,0.947867,512,5,5,0,522,0,2,10,0.498593,0.57888,1.161028,0.0517,0.0139
M1g,主,主,99,calm,724,7,0.966851,7.24,50,6.74,0.008126,0.928175,1.0,0.136874,0.711409,0.5961,0.56085,0.144999,0.930066,709,7,7,0,723,0,3,13,0.532208,0.6271,1.178298,0.0402,0.0148
M1g,主,主,99,highvol,299,2,0.668896,2.99,14,2.85,0.374803,0.540398,0.6097,0.027027,0.869417,0.7971,0.59305,0.40183,0.817982,294,2,2,0,298,0,1,6,0.815179,0.81285,0.997143,0.0832,0.01285
M1g,主,主,99,ex_doubtful,1012,9,0.889328,10.12,63,9.49,0.130048,0.718382,0.7595,0.163309,0.686128,0.5809,0.4383,0.293357,0.863572,983,9,9,0,1001,21,5,16,0.616013,0.668378,1.085005,0.05815,0.0168
M1g,主,主,99,ex_doubtful_all,1008,9,0.892857,10.08,62,9.46,0.121252,0.72768,0.76125,0.164636,0.684923,0.57355,0.438,0.285889,0.866802,975,9,9,0,993,29,5,16,0.615976,0.668378,1.085071,0.0574,0.01765
M1e,主,主,99,full,1023,15,1.466276,10.23,64,9.59,1.96427,0.161057,0.21005,0.446888,0.503816,0.1727,0.57885,2.411158,0.299518,992,15,15,0,1022,0,5,17,0.567932,0.609887,1.073873,0.041,0.0156
M1e,主,主,99,common773,773,12,1.552393,7.73,51,7.22,2.039017,0.153309,0.20305,0.378963,0.538159,0.14835,0.57015,2.41798,0.298499,748,12,12,0,772,0,3,13,0.503321,0.570583,1.133637,0.0433,0.0185
M1e,主,主,99,common523,523,8,1.529637,5.23,35,4.88,1.27533,0.258769,0.26185,0.249037,0.617754,0.18575,0.5666,1.524367,0.466646,506,8,8,0,522,0,2,10,0.451099,0.542925,1.20356,0.0517,0.0139
M1e,主,主,99,calm,724,12,1.657459,7.24,50,6.74,2.638532,0.1043,0.13365,0.405083,0.524476,0.12005,0.5738,3.043615,0.218317,699,12,12,0,723,0,3,13,0.483793,0.570583,1.179397,0.0402,0.0148
M1e,主,主,99,highvol,299,3,1.003344,2.99,14,2.85,3.4e-05,0.995365,1.0,0.061018,0.804894,0.573,0.57955,0.061052,0.969935,292,3,3,0,298,0,1,6,0.771668,0.7671,0.994081,0.0832,0.01285
M1e,主,主,99,ex_doubtful,1012,15,1.482213,10.12,63,9.49,2.069905,0.150231,0.1524,0.456407,0.499308,0.13845,0.4925,2.526312,0.28276,971,15,15,0,1001,21,5,16,0.569045,0.609887,1.071771,0.05815,0.0168
M1e,主,主,99,ex_doubtful_all,1008,14,1.388889,10.08,62,9.46,1.373533,0.241206,0.26685,0.400422,0.526871,0.1652,0.4911,1.773955,0.411899,965,14,14,0,993,29,5,16,0.569034,0.613164,1.077552,0.0574,0.01765
M1g-t,对照-t估σ+正态分位,主,99,full,1023,9,0.879765,10.23,64,9.59,0.155693,0.693153,0.75525,0.159923,0.689227,0.70185,0.55505,0.315616,0.854014,1004,9,9,0,1022,0,5,17,0.610389,0.668378,1.095003,0.041,0.0156
M1g-t,对照-t估σ+正态分位,主,99,common773,773,7,0.905563,7.73,51,7.22,0.071914,0.78857,0.8592,0.128106,0.720404,0.6655,0.56135,0.200021,0.904828,758,7,7,0,772,0,3,13,0.547297,0.6271,1.145813,0.0433,0.0185
M1g-t,对照-t估σ+正态分位,主,99,common523,523,5,0.956023,5.23,35,4.88,0.010368,0.918895,1.0,0.096713,0.75581,0.60575,0.56595,0.107082,0.947867,512,5,5,0,522,0,2,10,0.496373,0.57888,1.166221,0.0517,0.0139
M1g-t,对照-t估σ+正态分位,主,99,calm,724,7,0.966851,7.24,50,6.74,0.008126,0.928175,1.0,0.136874,0.711409,0.5961,0.56085,0.144999,0.930066,709,7,7,0,723,0,3,13,0.529839,0.6271,1.183568,0.0402,0.0148
M1g-t,对照-t估σ+正态分位,主,99,highvol,299,2,0.668896,2.99,14,2.85,0.374803,0.540398,0.6097,0.027027,0.869417,0.7971,0.59305,0.40183,0.817982,294,2,2,0,298,0,1,6,0.805433,0.81285,1.009208,0.0832,0.01285
M1g-t,对照-t估σ+正态分位,主,99,ex_doubtful,1012,9,0.889328,10.12,63,9.49,0.130048,0.718382,0.7595,0.163309,0.686128,0.5809,0.4383,0.293357,0.863572,983,9,9,0,1001,21,5,16,0.611466,0.668378,1.093075,0.05815,0.0168
M1g-t,对照-t估σ+正态分位,主,99,ex_doubtful_all,1008,9,0.892857,10.08,62,9.46,0.121252,0.72768,0.76125,0.164636,0.684923,0.57355,0.438,0.285889,0.866802,975,9,9,0,993,29,5,16,0.611425,0.668378,1.093147,0.0574,0.01765
M1d,恒等式-不作独立证据,主,99,full,1023,8,0.782014,10.23,64,9.59,0.530778,0.46628,0.5382,0.126234,0.722369,0.8068,0.55535,0.657012,0.719999,1006,8,8,0,1022,0,5,17,0.621967,0.709475,1.140696,0.041,0.0156
M1d,恒等式-不作独立证据,主,99,common773,773,7,0.905563,7.73,51,7.22,0.071914,0.78857,0.8592,0.128106,0.720404,0.6655,0.56135,0.200021,0.904828,758,7,7,0,772,0,3,13,0.559463,0.680429,1.216217,0.0433,0.0185
M1d,恒等式-不作独立证据,主,99,common523,523,5,0.956023,5.23,35,4.88,0.010368,0.918895,1.0,0.096713,0.75581,0.60575,0.56595,0.107082,0.947867,512,5,5,0,522,0,2,10,0.496352,0.65354,1.316688,0.0517,0.0139
M1d,恒等式-不作独立证据,主,99,calm,724,7,0.966851,7.24,50,6.74,0.008126,0.928175,1.0,0.136874,0.711409,0.5961,0.56085,0.144999,0.930066,709,7,7,0,723,0,3,13,0.554632,0.680429,1.22681,0.0402,0.0148
M1d,恒等式-不作独立证据,主,99,highvol,299,1,0.334448,2.99,14,2.85,1.802802,0.179374,0.2829,0.006734,0.934598,0.95005,0.63145,1.809536,0.404636,296,1,1,0,298,0,1,6,0.78501,0.9128,1.162787,0.0832,0.01285
M1d,恒等式-不作独立证据,主,99,ex_doubtful,1012,8,0.790514,10.12,63,9.49,0.483329,0.486918,0.53785,0.128904,0.719571,0.6944,0.4264,0.612233,0.736301,985,8,8,0,1001,21,5,16,0.623064,0.709475,1.138688,0.05815,0.0168
M1d,恒等式-不作独立证据,主,99,ex_doubtful_all,1008,8,0.793651,10.08,62,9.46,0.466545,0.494581,0.5377,0.129951,0.718483,0.69195,0.42665,0.596496,0.742117,977,8,8,0,993,29,5,16,0.622996,0.709475,1.138811,0.0574,0.01765
HS250,主,主,99,full,1023,9,0.879765,10.23,64,9.59,0.155693,0.693153,0.75525,0.159923,0.689227,0.70185,0.55505,0.315616,0.854014,1004,9,9,0,1022,0,5,17,0.612532,0.693311,1.131876,0.041,0.0156
HS250,主,主,99,common773,773,8,1.034929,7.73,51,7.22,0.009418,0.922689,1.0,0.167542,0.682305,0.528,0.56465,0.17696,0.915321,756,8,8,0,772,0,3,13,0.53611,0.665875,1.242048,0.0433,0.0185
HS250,主,主,99,common523,523,5,0.956023,5.23,35,4.88,0.010368,0.918895,1.0,0.096713,0.75581,0.60575,0.56595,0.107082,0.947867,512,5,5,0,522,0,2,10,0.510696,0.65354,1.279703,0.0517,0.0139
HS250,主,主,99,calm,724,8,1.104972,7.24,50,6.74,0.077931,0.78012,0.85395,0.179025,0.672213,0.4568,0.56205,0.256956,0.879433,707,8,8,0,723,0,3,13,0.537615,0.665875,1.238573,0.0402,0.0148
HS250,主,主,99,highvol,299,1,0.334448,2.99,14,2.85,1.802802,0.179374,0.2829,0.006734,0.934598,0.95005,0.63145,1.809536,0.404636,296,1,1,0,298,0,1,6,0.793938,0.9128,1.149711,0.0832,0.01285
HS250,主,主,99,ex_doubtful,1012,9,0.889328,10.12,63,9.49,0.130048,0.718382,0.7595,0.163309,0.686128,0.5809,0.4383,0.293357,0.863572,983,9,9,0,1001,21,5,16,0.613571,0.693311,1.12996,0.05815,0.0168
HS250,主,主,99,ex_doubtful_all,1008,8,0.793651,10.08,62,9.46,0.466545,0.494581,0.5377,0.129951,0.718483,0.69195,0.42665,0.596496,0.742117,977,8,8,0,993,29,5,16,0.613715,0.709475,1.156034,0.0574,0.01765
HS500,主,主,99,full,773,4,0.517464,7.73,51,7.22,2.207635,0.137329,0.1624,0.041667,0.838256,0.951,0.56405,2.249302,0.324766,764,4,4,0,772,0,3,13,0.599566,0.793675,1.323749,0.0433,0.0185
HS500,主,主,99,common773,773,4,0.517464,7.73,51,7.22,2.207635,0.137329,0.1624,0.041667,0.838256,0.951,0.56405,2.249302,0.324766,764,4,4,0,772,0,3,13,0.599566,0.793675,1.323749,0.0433,0.0185
HS500,主,主,99,common523,523,3,0.573614,5.23,35,4.88,1.134797,0.286754,0.38945,0.034682,0.852263,0.89575,0.5738,1.169479,0.557251,516,3,3,0,522,0,2,10,0.548457,0.778467,1.419375,0.0517,0.0139
HS500,主,主,99,calm,685,4,0.583942,6.85,48,6.37,1.408326,0.235334,0.2718,0.047059,0.828262,0.91325,0.56445,1.455385,0.483022,676,4,4,0,684,0,3,12,0.586403,0.793675,1.353462,0.05695,0.01475
HS500,主,主,99,highvol,88,0,0.0,0.88,3,0.85,1.768859,0.183523,0.4711,-0.0,1.0,1.0,1.0,1.768859,0.41295,87,0,0,0,87,0,0,3,0.702024,,,0.01335,0.0046
HS500,主,主,99,ex_doubtful,762,4,0.524934,7.62,50,7.12,2.101487,0.147156,0.20575,0.042838,0.83603,0.88215,0.37585,2.144326,0.342267,743,4,4,0,751,21,3,13,0.59979,0.793675,1.323255,0.0435,0.02085
HS500,主,主,99,ex_doubtful_all,758,4,0.527704,7.58,49,7.09,2.063301,0.150883,0.20825,0.043302,0.835158,0.8777,0.37545,2.106603,0.348784,735,4,4,0,743,29,3,13,0.599394,0.793675,1.32413,0.04215,0.0206
HS750,主,主,99,full,523,1,0.191205,5.23,35,4.88,5.185641,0.022774,0.04145,0.003839,0.950596,0.9949,0.62875,5.18948,0.074665,520,1,1,0,522,0,2,10,0.618021,1.1491,1.859322,0.0517,0.0139
HS750,主,主,99,common773,523,1,0.191205,5.23,35,4.88,5.185641,0.022774,0.04145,0.003839,0.950596,0.9949,0.62875,5.18948,0.074665,520,1,1,0,522,0,2,10,0.618021,1.1491,1.859322,0.0517,0.0139
HS750,主,主,99,common523,523,1,0.191205,5.23,35,4.88,5.185641,0.022774,0.04145,0.003839,0.950596,0.9949,0.62875,5.18948,0.074665,520,1,1,0,522,0,2,10,0.618021,1.1491,1.859322,0.0517,0.0139
HS750,主,主,99,calm,513,1,0.194932,5.13,35,4.78,5.023283,0.025009,0.0512,0.003914,0.950116,0.99455,0.63005,5.027197,0.080976,510,1,1,0,512,0,2,10,0.617208,1.1491,1.861772,0.0512,0.014
HS750,主,主,99,ex_doubtful,515,1,0.194175,5.15,35,4.8,5.055695,0.024545,0.04975,0.003953,0.94987,0.96625,0.2647,5.059647,0.079673,505,1,1,0,507,15,2,10,0.618328,1.1491,1.858398,0.04975,0.01375
HS750,主,主,99,ex_doubtful_all,514,1,0.194553,5.14,35,4.79,5.039485,0.024776,0.0513,0.003968,0.949771,0.96475,0.26475,5.043453,0.080321,503,1,1,0,505,17,2,10,0.618166,1.1491,1.858887,0.0513,0.01435
FHS-E,主,主,99,full,773,11,1.423027,7.73,51,7.22,1.235294,0.26638,0.26745,0.318014,0.572804,0.20385,0.5717,1.553307,0.459943,750,11,11,0,772,0,3,13,0.517388,0.582127,1.125128,0.0433,0.0185
FHS-E,主,主,99,common773,773,11,1.423027,7.73,51,7.22,1.235294,0.26638,0.26745,0.318014,0.572804,0.20385,0.5717,1.553307,0.459943,750,11,11,0,772,0,3,13,0.517388,0.582127,1.125128,0.0433,0.0185
FHS-E,主,主,99,common523,523,7,1.338432,5.23,35,4.88,0.547042,0.459529,0.38945,0.190297,0.662669,0.29085,0.56665,0.737339,0.691654,508,7,7,0,522,0,2,10,0.48399,0.557114,1.151087,0.0517,0.0139
FHS-E,主,主,99,calm,685,11,1.605839,6.85,48,6.37,2.145674,0.142972,0.1739,0.3596,0.548728,0.13655,0.56915,2.505274,0.28575,662,11,11,0,684,0,3,12,0.500094,0.582127,1.164036,0.05695,0.01475
FHS-E,主,主,99,highvol,88,0,0.0,0.88,3,0.85,1.768859,0.183523,0.4711,-0.0,1.0,1.0,1.0,1.768859,0.41295,87,0,0,0,87,0,0,3,0.652002,,,0.01335,0.0046
FHS-E,主,主,99,ex_doubtful,762,11,1.44357,7.62,50,7.12,1.331783,0.248488,0.2665,0.327039,0.567408,0.142,0.4732,1.658822,0.436306,729,11,11,0,751,21,3,13,0.517592,0.582127,1.124684,0.0435,0.02085
FHS-E,主,主,99,ex_doubtful_all,758,10,1.319261,7.58,49,7.09,0.70925,0.399693,0.46195,0.27286,0.60142,0.19085,0.4615,0.98211,0.61198,723,10,10,0,743,29,3,13,0.517369,0.58394,1.128672,0.04215,0.0206
FHS-G,主,主,99,full,773,11,1.423027,7.73,51,7.22,1.235294,0.26638,0.26745,0.318014,0.572804,0.20385,0.5717,1.553307,0.459943,750,11,11,0,772,0,3,13,0.497883,0.582127,1.169205,0.0433,0.0185
FHS-G,主,主,99,common773,773,11,1.423027,7.73,51,7.22,1.235294,0.26638,0.26745,0.318014,0.572804,0.20385,0.5717,1.553307,0.459943,750,11,11,0,772,0,3,13,0.497883,0.582127,1.169205,0.0433,0.0185
FHS-G,主,主,99,common523,523,7,1.338432,5.23,35,4.88,0.547042,0.459529,0.38945,0.190297,0.662669,0.29085,0.56665,0.737339,0.691654,508,7,7,0,522,0,2,10,0.466436,0.557114,1.194407,0.0517,0.0139
FHS-G,主,主,99,calm,685,11,1.605839,6.85,48,6.37,2.145674,0.142972,0.1739,0.3596,0.548728,0.13655,0.56915,2.505274,0.28575,662,11,11,0,684,0,3,12,0.482818,0.582127,1.205687,0.05695,0.01475
FHS-G,主,主,99,highvol,88,0,0.0,0.88,3,0.85,1.768859,0.183523,0.4711,-0.0,1.0,1.0,1.0,1.768859,0.41295,87,0,0,0,87,0,0,3,0.61515,,,0.01335,0.0046
FHS-G,主,主,99,ex_doubtful,762,11,1.44357,7.62,50,7.12,1.331783,0.248488,0.2665,0.327039,0.567408,0.142,0.4732,1.658822,0.436306,729,11,11,0,751,21,3,13,0.498114,0.582127,1.168663,0.0435,0.02085
FHS-G,主,主,99,ex_doubtful_all,758,10,1.319261,7.58,49,7.09,0.70925,0.399693,0.46195,0.27286,0.60142,0.19085,0.4615,0.98211,0.61198,723,10,10,0,743,29,3,13,0.497877,0.58394,1.172859,0.04215,0.0206
M1,主,次,95,full,1018,41,4.027505,50.9,15,50.150000000000006,2.16515,0.141171,0.1518,0.074534,0.784847,0.79805,0.7987,2.239684,0.326331,937,39,39,2,1017,0,38,65,0.531589,0.691163,1.300185,0.0443,0.0813
M1,主,次,95,common773,768,30,3.90625,38.4,11,37.85,2.084737,0.148778,0.1585,0.591604,0.4418,0.45565,0.52375,2.67634,0.262325,710,27,28,2,767,0,28,50,0.470163,0.568943,1.210097,0.0552,0.07165
M1,主,次,95,common523,518,24,4.633205,25.9,9,25.450000000000003,0.150248,0.698299,0.7663,0.639722,0.423811,0.4963,0.5332,0.78997,0.67369,471,22,22,2,517,0,17,36,0.410147,0.528488,1.288532,0.0443,0.0383
M1,主,次,95,calm,719,31,4.311544,35.95,11,35.4,0.750989,0.386163,0.405,0.313847,0.575329,0.58735,0.59785,1.064837,0.587183,658,29,29,2,718,0,26,47,0.466147,0.589168,1.26391,0.0595,0.06495
M1,主,次,95,highvol,299,10,3.344482,14.95,4,14.75,1.94324,0.163317,0.1887,0.694584,0.40461,0.5827,0.4751,2.637824,0.267426,278,10,10,0,298,0,9,22,0.688955,1.00735,1.462142,0.0639,0.02155
M1,主,次,95,ex_doubtful,1006,40,3.976143,50.3,15,49.550000000000004,2.380561,0.122853,0.12965,0.118623,0.730533,0.7321,0.72705,2.499184,0.286622,917,37,38,2,994,23,38,64,0.532821,0.69592,1.306105,0.051,0.08325
M1,主,次,95,ex_doubtful_all,1003,39,3.888335,50.15,14,49.45,2.816333,0.093309,0.0981,0.16458,0.684975,0.68835,0.67945,2.980912,0.22527,913,36,37,2,988,29,38,64,0.532734,0.699833,1.313664,0.05375,0.08095
M1g,主,次,95,full,1018,40,3.929273,50.9,15,50.150000000000006,2.643715,0.10396,0.1152,0.257586,0.611784,0.6193,0.62965,2.901301,0.234418,938,39,39,1,1017,0,38,65,0.538792,0.680355,1.262741,0.0443,0.0813
M1g,主,次,95,common773,768,30,3.90625,38.4,11,37.85,2.084737,0.148778,0.1585,0.017861,0.893682,0.9098,0.88135,2.102598,0.349483,709,28,29,1,767,0,28,50,0.456855,0.557093,1.219409,0.0552,0.07165
M1g,主,次,95,common523,518,24,4.633205,25.9,9,25.450000000000003,0.150248,0.698299,0.7663,0.013274,0.908276,0.9156,0.9219,0.163522,0.921492,470,23,23,1,517,0,17,36,0.417883,0.513675,1.229232,0.0443,0.0383
M1g,主,次,95,calm,719,31,4.311544,35.95,11,35.4,0.750989,0.386163,0.405,0.101739,0.749753,0.7561,0.75615,0.852728,0.652879,657,30,30,1,718,0,26,47,0.455432,0.5777,1.268466,0.0595,0.06495
M1g,主,次,95,highvol,299,9,3.010033,14.95,4,14.75,2.889013,0.089186,0.08205,0.560644,0.454001,0.6316,0.5353,3.449657,0.178204,280,9,9,0,298,0,9,22,0.739247,1.033944,1.398646,0.0639,0.02155
M1g,主,次,95,ex_doubtful,1006,39,3.87674,50.3,15,49.550000000000004,2.886498,0.089325,0.09685,0.22483,0.635384,0.64035,0.6301,3.111328,0.211049,917,38,38,1,994,23,38,64,0.540106,0.684956,1.26819,0.051,0.08325
M1g,主,次,95,ex_doubtful_all,1003,38,3.788634,50.15,14,49.45,3.369414,0.066417,0.07225,0.175942,0.674884,0.6854,0.6772,3.545356,0.169877,913,37,37,1,988,29,38,64,0.540195,0.688684,1.274882,0.05375,0.08095
M1e,主,次,95,full,1018,52,5.108055,50.9,15,50.150000000000006,0.024854,0.874731,0.88505,0.196678,0.657416,0.6766,0.67615,0.221533,0.895148,915,50,50,2,1017,0,38,65,0.481607,0.618833,1.284932,0.0443,0.0813
M1e,主,次,95,common773,768,40,5.208333,38.4,11,37.85,0.069271,0.792401,0.73965,0.000631,0.979957,0.97205,0.9743,0.069902,0.965653,690,37,38,2,767,0,28,50,0.408902,0.511057,1.249829,0.0552,0.07165
M1e,主,次,95,common523,518,31,5.984556,25.9,9,25.450000000000003,0.997181,0.317994,0.36445,0.011878,0.913212,0.92635,0.9306,1.00906,0.603789,457,29,29,2,517,0,17,36,0.381842,0.475094,1.244215,0.0443,0.0383
M1e,主,次,95,calm,719,39,5.4242,35.95,11,35.4,0.265379,0.606448,0.6117,0.007524,0.930879,0.9408,0.93965,0.272903,0.872449,642,37,37,2,718,0,26,47,0.409618,0.5219,1.274113,0.0595,0.06495
M1e,主,次,95,highvol,299,13,4.347826,14.95,4,14.75,0.279546,0.596999,0.68715,1.186377,0.276062,0.4026,0.3504,1.465922,0.480484,272,13,13,0,298,0,9,22,0.654718,0.909631,1.389348,0.0639,0.02155
M1e,主,次,95,ex_doubtful,1006,51,5.069583,50.3,15,49.550000000000004,0.01021,0.919517,0.941,0.174413,0.676219,0.6837,0.67835,0.184622,0.911821,894,49,49,2,994,23,38,64,0.482695,0.621145,1.286828,0.051,0.08325
M1e,主,次,95,ex_doubtful_all,1003,50,4.985045,50.15,14,49.45,0.000473,0.982654,1.0,0.131987,0.71638,0.7248,0.72025,0.13246,0.935915,890,48,48,2,988,29,38,64,0.482814,0.622702,1.289735,0.05375,0.08095
M1d,恒等式-不作独立证据,次,95,full,1018,41,4.027505,50.9,15,50.150000000000006,2.16515,0.141171,0.1518,0.074534,0.784847,0.79805,0.7987,2.239684,0.326331,937,39,39,2,1017,0,38,65,0.53159,0.691163,1.300183,0.0443,0.0813
M1d,恒等式-不作独立证据,次,95,common773,768,30,3.90625,38.4,11,37.85,2.084737,0.148778,0.1585,0.591604,0.4418,0.45565,0.52375,2.67634,0.262325,710,27,28,2,767,0,28,50,0.470164,0.568943,1.210097,0.0552,0.07165
M1d,恒等式-不作独立证据,次,95,common523,518,24,4.633205,25.9,9,25.450000000000003,0.150248,0.698299,0.7663,0.639722,0.423811,0.4963,0.5332,0.78997,0.67369,471,22,22,2,517,0,17,36,0.410148,0.528488,1.28853,0.0443,0.0383
M1d,恒等式-不作独立证据,次,95,calm,719,31,4.311544,35.95,11,35.4,0.750989,0.386163,0.405,0.313847,0.575329,0.58735,0.59785,1.064837,0.587183,658,29,29,2,718,0,26,47,0.466147,0.589168,1.263909,0.0595,0.06495
M1d,恒等式-不作独立证据,次,95,highvol,299,10,3.344482,14.95,4,14.75,1.94324,0.163317,0.1887,0.694584,0.40461,0.5827,0.4751,2.637824,0.267426,278,10,10,0,298,0,9,22,0.688957,1.00735,1.462137,0.0639,0.02155
M1d,恒等式-不作独立证据,次,95,ex_doubtful,1006,40,3.976143,50.3,15,49.550000000000004,2.380561,0.122853,0.12965,0.118623,0.730533,0.7321,0.72705,2.499184,0.286622,917,37,38,2,994,23,38,64,0.532822,0.69592,1.306103,0.051,0.08325
M1d,恒等式-不作独立证据,次,95,ex_doubtful_all,1003,39,3.888335,50.15,14,49.45,2.816333,0.093309,0.0981,0.16458,0.684975,0.68835,0.67945,2.980912,0.22527,913,36,37,2,988,29,38,64,0.532735,0.699833,1.313662,0.05375,0.08095
HS250,主,次,95,full,1018,44,4.3222,50.9,15,50.150000000000006,1.029864,0.310191,0.31935,1.964562,0.161026,0.18735,0.2239,2.994426,0.223753,933,40,40,4,1017,0,38,65,0.513537,0.672695,1.309925,0.0443,0.0813
HS250,主,次,95,common773,768,33,4.296875,38.4,11,37.85,0.837576,0.360091,0.3657,3.75095,0.052778,0.0815,0.05095,4.588525,0.100836,706,28,29,4,767,0,28,50,0.445389,0.55543,1.247067,0.0552,0.07165
HS250,主,次,95,common523,518,27,5.212355,25.9,9,25.450000000000003,0.048531,0.825639,0.84425,3.718734,0.053805,0.04295,0.04735,3.767265,0.152037,467,23,23,4,517,0,17,36,0.388717,0.516467,1.328643,0.0443,0.0383
HS250,主,次,95,calm,719,34,4.72879,35.95,11,35.4,0.1133,0.736418,0.7982,2.870864,0.090196,0.14315,0.13555,2.984163,0.224904,654,30,30,4,718,0,26,47,0.442073,0.574268,1.299032,0.0595,0.06495
HS250,主,次,95,highvol,299,10,3.344482,14.95,4,14.75,1.94324,0.163317,0.1887,0.694584,0.40461,0.5827,0.4751,2.637824,0.267426,278,10,10,0,298,0,9,22,0.685386,1.00735,1.469756,0.0639,0.02155
HS250,主,次,95,ex_doubtful,1006,43,4.274354,50.3,15,49.550000000000004,1.170392,0.279321,0.3089,2.190965,0.138822,0.16385,0.2046,3.361357,0.186248,913,38,39,4,994,23,38,64,0.514926,0.676691,1.314152,0.051,0.08325
HS250,主,次,95,ex_doubtful_all,1003,42,4.187438,50.15,14,49.45,1.472204,0.224998,0.2521,2.39864,0.121441,0.1513,0.1914,3.870844,0.144363,909,37,38,4,988,29,38,64,0.514921,0.679867,1.320332,0.05375,0.08095
HS500,主,次,95,full,768,24,3.125,38.4,11,37.85,6.522185,0.010654,0.01325,4.484696,0.0342,0.03855,0.01335,11.00688,0.004073,723,20,21,3,767,0,28,50,0.505725,0.596042,1.178589,0.0552,0.07165
HS500,主,次,95,common773,768,24,3.125,38.4,11,37.85,6.522185,0.010654,0.01325,4.484696,0.0342,0.03855,0.01335,11.00688,0.004073,723,20,21,3,767,0,28,50,0.505725,0.596042,1.178589,0.0552,0.07165
HS500,主,次,95,common523,518,20,3.861004,25.9,9,25.450000000000003,1.530029,0.216108,0.2318,4.225619,0.039818,0.02875,0.0187,5.755648,0.056257,480,17,17,3,517,0,17,36,0.429877,0.55411,1.288995,0.0443,0.0383
HS500,主,次,95,calm,680,24,3.529412,34.0,11,33.45,3.435285,0.063818,0.06595,3.903715,0.048179,0.05885,0.0211,7.339,0.025489,635,20,21,3,679,0,24,45,0.483535,0.596042,1.232676,0.0525,0.05955
HS500,主,次,95,highvol,88,0,0.0,4.4,0,4.4,9.02762,0.002659,0.01295,-0.0,1.0,1.0,1.0,9.02762,0.010957,87,0,0,0,87,0,2,8,0.677194,,,0.09395,0.01245
HS500,主,次,95,ex_doubtful,756,23,3.042328,37.8,11,37.25,7.049426,0.007929,0.01095,4.784667,0.028714,0.02975,0.01,11.834093,0.002693,702,19,20,3,744,23,27,50,0.506304,0.600178,1.18541,0.04645,0.0686
HS500,主,次,95,ex_doubtful_all,753,23,3.054449,37.65,10,37.15,6.927415,0.008488,0.01075,4.744821,0.029387,0.02915,0.01065,11.672236,0.00292,696,19,20,3,738,29,27,49,0.50571,0.600178,1.186803,0.05525,0.0661
HS750,主,次,95,full,518,10,1.930502,25.9,9,25.450000000000003,13.275134,0.000269,0.0006,0.394503,0.529942,0.5587,0.57445,13.669637,0.001076,497,10,10,0,517,0,17,36,0.517557,0.66556,1.285965,0.0443,0.0383
HS750,主,次,95,common773,518,10,1.930502,25.9,9,25.450000000000003,13.275134,0.000269,0.0006,0.394503,0.529942,0.5587,0.57445,13.669637,0.001076,497,10,10,0,517,0,17,36,0.517557,0.66556,1.285965,0.0443,0.0383
HS750,主,次,95,common523,518,10,1.930502,25.9,9,25.450000000000003,13.275134,0.000269,0.0006,0.394503,0.529942,0.5587,0.57445,13.669637,0.001076,497,10,10,0,517,0,17,36,0.517557,0.66556,1.285965,0.0443,0.0383
HS750,主,次,95,calm,508,10,1.968504,25.4,9,24.950000000000003,12.642995,0.000377,0.00045,0.402442,0.525831,0.5637,0.57755,13.045436,0.00147,487,10,10,0,507,0,17,35,0.516679,0.66556,1.28815,0.0542,0.0368
HS750,主,次,95,ex_doubtful,509,10,1.964637,25.45,9,25.0,12.705858,0.000365,0.0005,0.408192,0.522889,0.5665,0.47425,13.114049,0.00142,480,10,10,0,500,17,17,35,0.517803,0.66556,1.285353,0.05455,0.0363
HS750,主,次,95,ex_doubtful_all,509,10,1.964637,25.45,9,25.0,12.705858,0.000365,0.0005,0.408192,0.522889,0.5665,0.47425,13.114049,0.00142,480,10,10,0,500,17,17,35,0.517803,0.66556,1.285353,0.05455,0.0363
FHS-E,主,次,95,full,768,41,5.338542,38.4,11,37.85,0.181474,0.670109,0.6789,0.010154,0.919736,0.9172,0.9163,0.191628,0.908633,688,38,39,2,767,0,28,50,0.395404,0.511605,1.293877,0.0552,0.07165
FHS-E,主,次,95,common773,768,41,5.338542,38.4,11,37.85,0.181474,0.670109,0.6789,0.010154,0.919736,0.9172,0.9163,0.191628,0.908633,688,38,39,2,767,0,28,50,0.395404,0.511605,1.293877,0.0552,0.07165
FHS-E,主,次,95,common523,518,28,5.405405,25.9,9,25.450000000000003,0.174821,0.675863,0.68975,0.220739,0.638478,0.65735,0.6669,0.395559,0.820551,462,27,27,1,517,0,17,36,0.376844,0.489386,1.298641,0.0443,0.0383
FHS-E,主,次,95,calm,680,37,5.441176,34.0,11,33.45,0.2712,0.602528,0.66005,0.00083,0.977017,0.97135,0.9698,0.27203,0.872829,608,34,35,2,679,0,24,45,0.384151,0.508862,1.324639,0.0525,0.05955
FHS-E,主,次,95,highvol,88,4,4.545455,4.4,0,4.4,0.039429,0.8426,0.8023,0.385692,0.534573,0.5986,0.539,0.425121,0.808511,79,4,4,0,87,0,2,8,0.482359,0.536975,1.113226,0.09395,0.01245
FHS-E,主,次,95,ex_doubtful,756,40,5.291005,37.8,11,37.25,0.132374,0.715983,0.7442,0.005051,0.94334,0.9426,0.9408,0.137425,0.933595,667,37,38,2,744,23,27,50,0.395669,0.511872,1.293688,0.04645,0.0686
FHS-E,主,次,95,ex_doubtful_all,753,39,5.179283,37.65,10,37.15,0.050387,0.822391,0.866,0.001129,0.973196,0.97515,0.977,0.051516,0.974571,664,35,37,2,738,29,27,49,0.395693,0.511067,1.291573,0.05525,0.0661
FHS-G,主,次,95,full,768,43,5.598958,38.4,11,37.85,0.559332,0.45453,0.4573,1.089276,0.296632,0.332,0.31905,1.648608,0.43854,686,38,39,4,767,0,28,50,0.391708,0.513198,1.310153,0.0552,0.07165
FHS-G,主,次,95,common773,768,43,5.598958,38.4,11,37.85,0.559332,0.45453,0.4573,1.089276,0.296632,0.332,0.31905,1.648608,0.43854,686,38,39,4,767,0,28,50,0.391708,0.513198,1.310153,0.0552,0.07165
FHS-G,主,次,95,common523,518,31,5.984556,25.9,9,25.450000000000003,0.997181,0.317994,0.36445,0.683106,0.408519,0.47225,0.4288,1.680287,0.431649,458,28,28,3,517,0,17,36,0.368489,0.486039,1.319004,0.0443,0.0383
FHS-G,主,次,95,calm,680,39,5.735294,34.0,11,33.45,0.740487,0.389505,0.43115,1.401883,0.236409,0.3042,0.2669,2.142371,0.342602,606,34,35,4,679,0,24,45,0.379792,0.510759,1.344837,0.0525,0.05955
FHS-G,主,次,95,highvol,88,4,4.545455,4.4,0,4.4,0.039429,0.8426,0.8023,0.385692,0.534573,0.5986,0.539,0.425121,0.808511,79,4,4,0,87,0,2,8,0.483783,0.536975,1.10995,0.09395,0.01245
FHS-G,主,次,95,ex_doubtful,756,42,5.555556,37.8,11,37.25,0.474893,0.490745,0.50815,1.157206,0.282046,0.31985,0.30225,1.632099,0.442175,665,37,38,4,744,23,27,50,0.392025,0.51349,1.30984,0.04645,0.0686
FHS-G,主,次,95,ex_doubtful_all,753,41,5.444887,37.65,10,37.15,0.30532,0.580566,0.61905,1.424008,0.232745,0.28315,0.25835,1.729328,0.421193,662,35,37,4,738,29,27,49,0.391982,0.512763,1.308129,0.05525,0.0661
M1,主,次,99,full,1018,14,1.375246,10.18,15,10.03,1.296202,0.254908,0.265,0.39084,0.531858,0.21355,0.57525,1.687043,0.430193,989,14,14,0,1017,0,5,17,0.751799,0.941136,1.251844,0.0427,0.01755
M1,主,次,99,common773,768,7,0.911458,7.68,11,7.57,0.062676,0.802315,0.85785,0.128949,0.719524,0.6599,0.55975,0.191626,0.908634,753,7,7,0,767,0,3,13,0.664929,0.7024,1.056354,0.0428,0.02055
M1,主,次,99,common523,518,7,1.351351,5.18,9,5.09,0.581938,0.445554,0.50645,0.192163,0.661123,0.2864,0.56715,0.774101,0.679057,503,7,7,0,517,0,2,10,0.58005,0.7024,1.21093,0.04995,0.0146
M1,主,次,99,calm,719,8,1.112656,7.19,11,7.08,0.088928,0.765544,0.8468,0.180286,0.671128,0.44685,0.561,0.269214,0.87406,702,8,8,0,718,0,3,13,0.659249,0.750088,1.137792,0.03995,0.0141
M1,主,次,99,highvol,299,6,2.006689,2.99,4,2.95,2.368545,0.123802,0.1324,0.246593,0.619485,0.09925,0.56945,2.615137,0.270477,286,6,6,0,298,0,1,6,0.974355,1.195867,1.227342,0.0832,0.01285
M1,主,次,99,ex_doubtful,1006,14,1.39165,10.06,15,9.91,1.389332,0.238518,0.2128,0.400014,0.527082,0.1655,0.49045,1.789346,0.408741,966,14,14,0,994,23,5,16,0.753542,0.941136,1.24895,0.0546,0.01815
M1,主,次,99,ex_doubtful_all,1003,14,1.395813,10.03,14,9.89,1.413242,0.234519,0.21565,0.402478,0.525812,0.16565,0.48905,1.81572,0.403387,960,14,14,0,988,29,5,16,0.753419,0.941136,1.249153,0.0561,0.0183
M1g,主,次,99,full,1018,8,0.785855,10.18,15,10.03,0.508977,0.475582,0.5377,0.12686,0.721711,0.80265,0.56025,0.635836,0.727662,1001,8,8,0,1017,0,5,17,0.761987,0.952388,1.249874,0.0427,0.01755
M1g,主,次,99,common773,768,5,0.651042,7.68,11,7.57,1.077619,0.299231,0.3699,0.065617,0.797828,0.88475,0.56115,1.143236,0.564611,757,5,5,0,767,0,3,13,0.646108,0.745,1.153059,0.0428,0.02055
M1g,主,次,99,common523,518,3,0.579151,5.18,9,5.09,1.092097,0.296007,0.39195,0.03502,0.851554,0.8929,0.57325,1.127117,0.56918,511,3,3,0,517,0,2,10,0.590991,0.659233,1.115471,0.04995,0.0146
M1g,主,次,99,calm,719,6,0.834492,7.19,11,7.08,0.210808,0.646135,0.7143,0.101125,0.750484,0.7309,0.56435,0.311933,0.855588,706,6,6,0,718,0,3,13,0.644095,0.801483,1.244356,0.03995,0.0141
M1g,主,次,99,highvol,299,2,0.668896,2.99,4,2.95,0.374803,0.540398,0.6097,0.027027,0.869417,0.7971,0.59305,0.40183,0.817982,294,2,2,0,298,0,1,6,1.04548,1.4051,1.343976,0.0832,0.01285
M1g,主,次,99,ex_doubtful,1006,8,0.795229,10.06,15,9.91,0.458248,0.498444,0.5374,0.129819,0.71862,0.69045,0.4253,0.588067,0.745252,978,8,8,0,994,23,5,16,0.763844,0.952388,1.246835,0.0546,0.01815
M1g,主,次,99,ex_doubtful_all,1003,8,0.797607,10.03,14,9.89,0.445922,0.504278,0.5344,0.130614,0.717797,0.6869,0.4273,0.576536,0.749561,972,8,8,0,988,29,5,16,0.76397,0.952388,1.246629,0.0561,0.0183
M1e,主,次,99,full,1018,15,1.473477,10.18,15,10.03,2.011845,0.156075,0.21135,0.449119,0.502754,0.16925,0.5778,2.460963,0.292152,987,15,15,0,1017,0,5,17,0.681113,0.80834,1.186793,0.0427,0.01755
M1e,主,次,99,common773,768,10,1.302083,7.68,11,7.57,0.646397,0.421404,0.3699,0.264208,0.607244,0.27975,0.5638,0.910606,0.634256,747,10,10,0,767,0,3,13,0.57829,0.60331,1.043266,0.0428,0.02055
M1e,主,次,99,common523,518,7,1.351351,5.18,9,5.09,0.581938,0.445554,0.50645,0.192163,0.661123,0.2864,0.56715,0.774101,0.679057,503,7,7,0,517,0,2,10,0.54002,0.523486,0.969382,0.04995,0.0146
M1e,主,次,99,calm,719,11,1.529903,7.19,11,7.08,1.75492,0.185259,0.18415,0.342305,0.558502,0.1599,0.5691,2.097225,0.350424,696,11,11,0,718,0,3,13,0.579303,0.647,1.11686,0.03995,0.0141
M1e,主,次,99,highvol,299,4,1.337793,2.99,4,2.95,0.311618,0.576689,0.7741,0.108847,0.741461,0.3514,0.5671,0.420465,0.810396,290,4,4,0,298,0,1,6,0.925935,1.252025,1.352174,0.0832,0.01285
M1e,主,次,99,ex_doubtful,1006,14,1.39165,10.06,15,9.91,1.389332,0.238518,0.2128,0.400014,0.527082,0.1655,0.49045,1.789346,0.408741,966,14,14,0,994,23,5,16,0.682651,0.8303,1.216288,0.0546,0.01815
M1e,主,次,99,ex_doubtful_all,1003,14,1.395813,10.03,14,9.89,1.413242,0.234519,0.21565,0.402478,0.525812,0.16565,0.48905,1.81572,0.403387,960,14,14,0,988,29,5,16,0.682819,0.8303,1.215988,0.0561,0.0183
M1d,恒等式-不作独立证据,次,99,full,1018,14,1.375246,10.18,15,10.03,1.296202,0.254908,0.265,0.39084,0.531858,0.21355,0.57525,1.687043,0.430193,989,14,14,0,1017,0,5,17,0.751801,0.941136,1.251842,0.0427,0.01755
M1d,恒等式-不作独立证据,次,99,common773,768,7,0.911458,7.68,11,7.57,0.062676,0.802315,0.85785,0.128949,0.719524,0.6599,0.55975,0.191626,0.908634,753,7,7,0,767,0,3,13,0.664929,0.7024,1.056354,0.0428,0.02055
M1d,恒等式-不作独立证据,次,99,common523,518,7,1.351351,5.18,9,5.09,0.581938,0.445554,0.50645,0.192163,0.661123,0.2864,0.56715,0.774101,0.679057,503,7,7,0,517,0,2,10,0.580051,0.7024,1.210927,0.04995,0.0146
M1d,恒等式-不作独立证据,次,99,calm,719,8,1.112656,7.19,11,7.08,0.088928,0.765544,0.8468,0.180286,0.671128,0.44685,0.561,0.269214,0.87406,702,8,8,0,718,0,3,13,0.659249,0.750088,1.137791,0.03995,0.0141
M1d,恒等式-不作独立证据,次,99,highvol,299,6,2.006689,2.99,4,2.95,2.368545,0.123802,0.1324,0.246593,0.619485,0.09925,0.56945,2.615137,0.270477,286,6,6,0,298,0,1,6,0.974358,1.195867,1.227338,0.0832,0.01285
M1d,恒等式-不作独立证据,次,99,ex_doubtful,1006,14,1.39165,10.06,15,9.91,1.389332,0.238518,0.2128,0.400014,0.527082,0.1655,0.49045,1.789346,0.408741,966,14,14,0,994,23,5,16,0.753543,0.941136,1.248948,0.0546,0.01815
M1d,恒等式-不作独立证据,次,99,ex_doubtful_all,1003,14,1.395813,10.03,14,9.89,1.413242,0.234519,0.21565,0.402478,0.525812,0.16565,0.48905,1.81572,0.403387,960,14,14,0,988,29,5,16,0.75342,0.941136,1.249151,0.0561,0.0183
HS250,主,次,99,full,1018,13,1.277014,10.18,15,10.03,0.725531,0.394336,0.4278,0.336663,0.561762,0.28,0.5736,1.062194,0.58796,991,13,13,0,1017,0,5,17,0.809254,0.930154,1.149397,0.0427,0.01755
HS250,主,次,99,common773,768,7,0.911458,7.68,11,7.57,0.062676,0.802315,0.85785,0.128949,0.719524,0.6599,0.55975,0.191626,0.908634,753,7,7,0,767,0,3,13,0.726029,0.7024,0.967455,0.0428,0.02055
HS250,主,次,99,common523,518,7,1.351351,5.18,9,5.09,0.581938,0.445554,0.50645,0.192163,0.661123,0.2864,0.56715,0.774101,0.679057,503,7,7,0,517,0,2,10,0.615639,0.7024,1.140929,0.04995,0.0146
HS250,主,次,99,calm,719,7,0.973574,7.19,11,7.08,0.005116,0.942977,1.0,0.137836,0.710442,0.5918,0.5587,0.142953,0.931018,704,7,7,0,718,0,3,13,0.718697,0.7024,0.977324,0.03995,0.0141
HS250,主,次,99,highvol,299,6,2.006689,2.99,4,2.95,2.368545,0.123802,0.1324,0.246593,0.619485,0.09925,0.56945,2.615137,0.270477,286,6,6,0,298,0,1,6,1.027013,1.195867,1.164412,0.0832,0.01285
HS250,主,次,99,ex_doubtful,1006,13,1.292247,10.06,15,9.91,0.794624,0.372705,0.4284,0.344556,0.557211,0.20905,0.48455,1.139181,0.565757,968,13,13,0,994,23,5,16,0.811027,0.930154,1.146885,0.0546,0.01815
HS250,主,次,99,ex_doubtful_all,1003,13,1.296112,10.03,14,9.89,0.81248,0.367388,0.4223,0.346677,0.556,0.20825,0.47985,1.159157,0.560134,962,13,13,0,988,29,5,16,0.81085,0.930154,1.147134,0.0561,0.0183
HS500,主,次,99,full,768,4,0.520833,7.68,11,7.57,2.159181,0.14172,0.165,0.04194,0.837734,0.94975,0.56465,2.201121,0.332685,759,4,4,0,767,0,3,13,0.846648,0.7212,0.851829,0.0428,0.02055
HS500,主,次,99,common773,768,4,0.520833,7.68,11,7.57,2.159181,0.14172,0.165,0.04194,0.837734,0.94975,0.56465,2.201121,0.332685,759,4,4,0,767,0,3,13,0.846648,0.7212,0.851829,0.0428,0.02055
HS500,主,次,99,common523,518,4,0.772201,5.18,9,5.09,0.294628,0.58727,0.6783,0.062379,0.802775,0.75955,0.5704,0.357006,0.836521,509,4,4,0,517,0,2,10,0.735057,0.7212,0.981149,0.04995,0.0146
HS500,主,次,99,calm,680,4,0.588235,6.8,11,6.69,1.366604,0.242396,0.2769,0.047408,0.827637,0.9097,0.56275,1.414011,0.493119,671,4,4,0,679,0,3,12,0.820585,0.7212,0.878885,0.0552,0.015
HS500,主,次,99,highvol,88,0,0.0,0.88,0,0.88,1.768859,0.183523,0.4711,-0.0,1.0,1.0,1.0,1.768859,0.41295,87,0,0,0,87,0,0,3,1.048046,,,0.01335,0.0046
HS500,主,次,99,ex_doubtful,756,4,0.529101,7.56,11,7.45,2.044292,0.152778,0.2054,0.043243,0.835268,0.8784,0.3761,2.087535,0.352125,736,4,4,0,744,23,3,13,0.847284,0.7212,0.851191,0.0407,0.02045
HS500,主,次,99,ex_doubtful_all,753,4,0.531208,7.53,10,7.43,2.015884,0.155661,0.1435,0.043597,0.834605,0.872,0.37495,2.059481,0.3571,730,4,4,0,738,29,3,13,0.846381,0.7212,0.852099,0.04345,0.0202
HS750,主,次,99,full,518,1,0.19305,5.18,9,5.09,5.104369,0.023866,0.0403,0.003876,0.950358,0.9948,0.63005,5.108245,0.07776,515,1,1,0,517,0,2,10,0.857306,0.7011,0.817795,0.04995,0.0146
HS750,主,次,99,common773,518,1,0.19305,5.18,9,5.09,5.104369,0.023866,0.0403,0.003876,0.950358,0.9948,0.63005,5.108245,0.07776,515,1,1,0,517,0,2,10,0.857306,0.7011,0.817795,0.04995,0.0146
HS750,主,次,99,common523,518,1,0.19305,5.18,9,5.09,5.104369,0.023866,0.0403,0.003876,0.950358,0.9948,0.63005,5.108245,0.07776,515,1,1,0,517,0,2,10,0.857306,0.7011,0.817795,0.04995,0.0146
HS750,主,次,99,calm,508,1,0.19685,5.08,9,4.99,4.942388,0.026206,0.0209,0.003953,0.94987,0.9941,0.63055,4.94634,0.084317,505,1,1,0,507,0,2,10,0.855947,0.7011,0.819093,0.05285,0.0146
HS750,主,次,99,ex_doubtful,509,1,0.196464,5.09,9,5.0,4.958551,0.025962,0.0522,0.004008,0.949521,0.96355,0.26315,4.96256,0.083636,498,1,1,0,500,17,2,10,0.857515,0.7011,0.817595,0.0522,0.0146
HS750,主,次,99,ex_doubtful_all,509,1,0.196464,5.09,9,5.0,4.958551,0.025962,0.0522,0.004008,0.949521,0.96355,0.26315,4.96256,0.083636,498,1,1,0,500,17,2,10,0.857515,0.7011,0.817595,0.0522,0.0146
FHS-E,主,次,99,full,768,10,1.302083,7.68,11,7.57,0.646397,0.421404,0.3699,0.264208,0.607244,0.27975,0.5638,0.910606,0.634256,747,10,10,0,767,0,3,13,0.620376,0.60331,0.972491,0.0428,0.02055
FHS-E,主,次,99,common773,768,10,1.302083,7.68,11,7.57,0.646397,0.421404,0.3699,0.264208,0.607244,0.27975,0.5638,0.910606,0.634256,747,10,10,0,767,0,3,13,0.620376,0.60331,0.972491,0.0428,0.02055
FHS-E,主,次,99,common523,518,7,1.351351,5.18,9,5.09,0.581938,0.445554,0.50645,0.192163,0.661123,0.2864,0.56715,0.774101,0.679057,503,7,7,0,517,0,2,10,0.548143,0.523486,0.955018,0.04995,0.0146
FHS-E,主,次,99,calm,680,10,1.470588,6.8,11,6.69,1.328485,0.249075,0.3435,0.298965,0.584532,0.19155,0.565,1.62745,0.443204,659,10,10,0,679,0,3,12,0.586735,0.60331,1.028249,0.0552,0.015
FHS-E,主,次,99,highvol,88,0,0.0,0.88,0,0.88,1.768859,0.183523,0.4711,-0.0,1.0,1.0,1.0,1.768859,0.41295,87,0,0,0,87,0,0,3,0.880324,,,0.01335,0.0046
FHS-E,主,次,99,ex_doubtful,756,9,1.190476,7.56,11,7.45,0.261133,0.609343,0.7109,0.220414,0.638725,0.26845,0.44655,0.481547,0.78602,726,9,9,0,744,23,3,13,0.620899,0.614689,0.989998,0.0407,0.02045
FHS-E,主,次,99,ex_doubtful_all,753,9,1.195219,7.53,10,7.43,0.272832,0.601438,0.71315,0.222228,0.637348,0.26515,0.4469,0.49506,0.780727,720,9,9,0,738,29,3,13,0.620387,0.614689,0.990815,0.04345,0.0202
FHS-G,主,次,99,full,768,11,1.432292,7.68,11,7.57,1.278584,0.258162,0.2675,0.320117,0.571537,0.20005,0.57005,1.598701,0.449621,745,11,11,0,767,0,3,13,0.615346,0.621991,1.010799,0.0428,0.02055
FHS-G,主,次,99,common773,768,11,1.432292,7.68,11,7.57,1.278584,0.258162,0.2675,0.320117,0.571537,0.20005,0.57005,1.598701,0.449621,745,11,11,0,767,0,3,13,0.615346,0.621991,1.010799,0.0428,0.02055
FHS-G,主,次,99,common523,518,9,1.737452,5.18,9,5.09,2.332078,0.126733,0.14635,0.318914,0.572261,0.11785,0.5681,2.650992,0.265671,499,9,9,0,517,0,2,10,0.539677,0.597911,1.107906,0.04995,0.0146
FHS-G,主,次,99,calm,680,11,1.617647,6.8,11,6.69,2.207656,0.137327,0.17515,0.362292,0.547236,0.13435,0.56345,2.569948,0.276658,657,11,11,0,679,0,3,12,0.586983,0.621991,1.05964,0.0552,0.015
FHS-G,主,次,99,highvol,88,0,0.0,0.88,0,0.88,1.768859,0.183523,0.4711,-0.0,1.0,1.0,1.0,1.768859,0.41295,87,0,0,0,87,0,0,3,0.834511,,,0.01335,0.0046
FHS-G,主,次,99,ex_doubtful,756,10,1.322751,7.56,11,7.45,0.722241,0.39541,0.4636,0.272488,0.601668,0.19155,0.45645,0.994729,0.608131,724,10,10,0,744,23,3,13,0.61599,0.6341,1.029399,0.0407,0.02045
FHS-G,主,次,99,ex_doubtful_all,753,10,1.328021,7.53,10,7.43,0.741994,0.389023,0.46485,0.274734,0.600174,0.1888,0.4596,1.016728,0.601479,718,10,10,0,738,29,3,13,0.615502,0.6341,1.030216,0.04345,0.0202
