date,alpha,beta,persist
2021-08-03,,,
2021-08-04,,,
2021-08-05,,,
2021-08-06,,,
2021-08-09,,,
2021-08-10,,,
2021-08-11,,,
2021-08-12,,,
2021-08-13,,,
2021-08-16,,,
2021-08-17,,,
2021-08-18,,,
2021-08-19,,,
2021-08-20,,,
2021-08-23,,,
2021-08-24,,,
2021-08-25,,,
2021-08-26,,,
2021-08-27,,,
2021-08-30,,,
2021-08-31,,,
2021-09-01,,,
2021-09-02,,,
2021-09-03,,,
2021-09-07,,,
2021-09-08,,,
2021-09-09,,,
2021-09-10,,,
2021-09-13,,,
2021-09-14,,,
2021-09-15,,,
2021-09-16,,,
2021-09-17,,,
2021-09-20,,,
2021-09-21,,,
2021-09-22,,,
2021-09-23,,,
2021-09-24,,,
2021-09-27,,,
2021-09-28,,,
2021-09-29,,,
2021-09-30,,,
2021-10-01,,,
2021-10-04,,,
2021-10-05,,,
2021-10-06,,,
2021-10-07,,,
2021-10-08,,,
2021-10-12,,,
2021-10-13,,,
2021-10-14,,,
2021-10-15,,,
2021-10-18,,,
2021-10-19,,,
2021-10-20,,,
2021-10-21,,,
2021-10-22,,,
2021-10-25,,,
2021-10-26,,,
2021-10-27,,,
2021-10-28,,,
2021-10-29,,,
2021-11-01,,,
2021-11-02,,,
2021-11-03,,,
2021-11-04,,,
2021-11-05,,,
2021-11-08,,,
2021-11-09,,,
2021-11-10,,,
2021-11-12,,,
2021-11-15,,,
2021-11-16,,,
2021-11-17,,,
2021-11-18,,,
2021-11-19,,,
2021-11-22,,,
2021-11-23,,,
2021-11-24,,,
2021-11-26,,,
2021-11-29,,,
2021-11-30,,,
2021-12-01,,,
2021-12-02,,,
2021-12-03,,,
2021-12-06,,,
2021-12-07,,,
2021-12-08,,,
2021-12-09,,,
2021-12-10,,,
2021-12-13,,,
2021-12-14,,,
2021-12-15,,,
2021-12-16,,,
2021-12-17,,,
2021-12-20,,,
2021-12-21,,,
2021-12-22,,,
2021-12-23,,,
2021-12-27,,,
2021-12-28,,,
2021-12-29,,,
2021-12-30,,,
2021-12-31,,,
2022-01-03,,,
2022-01-04,,,
2022-01-05,,,
2022-01-06,,,
2022-01-07,,,
2022-01-10,,,
2022-01-11,,,
2022-01-12,,,
2022-01-13,,,
2022-01-14,,,
2022-01-18,,,
2022-01-19,,,
2022-01-20,,,
2022-01-21,,,
2022-01-24,,,
2022-01-25,,,
2022-01-26,,,
2022-01-27,,,
2022-01-28,,,
2022-01-31,,,
2022-02-01,,,
2022-02-02,,,
2022-02-03,,,
2022-02-04,,,
2022-02-07,,,
2022-02-08,,,
2022-02-09,,,
2022-02-10,,,
2022-02-11,,,
2022-02-14,,,
2022-02-15,,,
2022-02-16,,,
2022-02-17,,,
2022-02-18,,,
2022-02-22,,,
2022-02-23,,,
2022-02-24,,,
2022-02-25,,,
2022-02-28,,,
2022-03-01,,,
2022-03-02,,,
2022-03-03,,,
2022-03-04,,,
2022-03-07,,,
2022-03-08,,,
2022-03-09,,,
2022-03-10,,,
2022-03-11,,,
2022-03-14,,,
2022-03-15,,,
2022-03-16,,,
2022-03-17,,,
2022-03-18,,,
2022-03-21,,,
2022-03-22,,,
2022-03-23,,,
2022-03-24,,,
2022-03-25,,,
2022-03-28,,,
2022-03-29,,,
2022-03-30,,,
2022-03-31,,,
2022-04-01,,,
2022-04-04,,,
2022-04-05,,,
2022-04-06,,,
2022-04-07,,,
2022-04-08,,,
2022-04-11,,,
2022-04-12,,,
2022-04-13,,,
2022-04-14,,,
2022-04-18,,,
2022-04-19,,,
2022-04-20,,,
2022-04-21,,,
2022-04-22,,,
2022-04-25,,,
2022-04-26,,,
2022-04-27,,,
2022-04-28,,,
2022-04-29,,,
2022-05-02,,,
2022-05-03,,,
2022-05-04,,,
2022-05-05,,,
2022-05-06,,,
2022-05-09,,,
2022-05-10,,,
2022-05-11,,,
2022-05-12,,,
2022-05-13,,,
2022-05-16,,,
2022-05-17,,,
2022-05-18,,,
2022-05-19,,,
2022-05-20,,,
2022-05-23,,,
2022-05-24,,,
2022-05-25,,,
2022-05-26,,,
2022-05-27,,,
2022-05-31,,,
2022-06-01,,,
2022-06-02,,,
2022-06-03,,,
2022-06-06,,,
2022-06-07,,,
2022-06-08,,,
2022-06-09,,,
2022-06-10,,,
2022-06-13,,,
2022-06-14,,,
2022-06-15,,,
2022-06-16,,,
2022-06-17,,,
2022-06-21,,,
2022-06-22,,,
2022-06-23,,,
2022-06-24,,,
2022-06-27,,,
2022-06-28,,,
2022-06-29,,,
2022-06-30,,,
2022-07-01,,,
2022-07-05,,,
2022-07-06,,,
2022-07-07,,,
2022-07-08,,,
2022-07-11,,,
2022-07-12,,,
2022-07-13,,,
2022-07-14,,,
2022-07-15,,,
2022-07-18,,,
2022-07-19,,,
2022-07-20,,,
2022-07-21,,,
2022-07-22,,,
2022-07-25,,,
2022-07-26,,,
2022-07-27,,,
2022-07-28,,,
2022-07-29,,,
2022-08-01,,,
2022-08-02,,,
2022-08-03,0.0,1.0,1.0
2022-08-04,0.0,0.9999999999206008,0.9999999999206008
2022-08-05,0.0,1.0,1.0
2022-08-08,1.1030724307490214e-08,0.9999999881865211,0.9999999992172455
2022-08-09,1.3011744127646891e-08,1.0,1.0000000130117441
2022-08-10,3.2452841601024564e-09,0.9999999965835511,0.9999999998288353
2022-08-11,3.618856629329423e-11,0.9999999999575707,0.9999999999937593
2022-08-12,0.0,1.0,1.0
2022-08-15,1.2835680236344211e-09,0.9999999986038856,0.9999999998874536
2022-08-16,2.4633186096122907e-13,0.9999999999997039,0.9999999999999503
2022-08-17,6.38491557795071e-09,0.9999999930566659,0.9999999994415815
2022-08-18,0.0,1.0,1.0
2022-08-19,0.0,0.9999999999989513,0.9999999999989513
2022-08-22,1.065353850208857e-09,0.9999999970346118,0.9999999980999656
2022-08-23,7.310615184426478e-12,0.9999999999925149,0.9999999999998255
2022-08-24,8.83654708680351e-11,0.9999999999117257,1.0000000000000913
2022-08-25,2.115080439661933e-13,1.0,1.0000000000002116
2022-08-26,0.0,1.0,1.0
2022-08-29,0.0,1.0,1.0
2022-08-30,3.9569417818157285e-13,0.999999999999586,0.9999999999999817
2022-08-31,2.577540233662629e-12,0.9999999999971585,0.999999999999736
2022-09-01,0.0,1.0,1.0
2022-09-02,0.018655976107642594,0.9787012410126242,0.9973572171202668
2022-09-06,0.022123617653398705,0.9742706750668393,0.9963942927202379
2022-09-07,0.02390089409449997,0.9719511093428462,0.9958520034373461
2022-09-08,0.022581964449378912,0.9736284347971768,0.9962103992465556
2022-09-09,0.0244132810215225,0.9712484451997664,0.9956617262212889
2022-09-12,0.024438561793228796,0.9712436149493031,0.9956821767425319
2022-09-13,0.026566860552240393,0.9684252043563685,0.9949920649086089
2022-09-14,0.027342740338842885,0.9674174889418876,0.9947602292807305
2022-09-15,0.028212971142444036,0.9662452046216664,0.9944581757641104
2022-09-16,0.02837926027335265,0.966005180208888,0.9943844404822407
2022-09-19,0.029349952424604274,0.9647232829299993,0.9940732353546036
2022-09-20,0.03039479730046924,0.9633070753675671,0.9937018726680363
2022-09-21,0.03207630910958296,0.9610544104922232,0.9931307196018061
2022-09-22,0.029994080510396915,0.9637677167638692,0.9937617972742661
2022-09-23,0.030685859685635017,0.9628459817228702,0.9935318414085051
2022-09-26,0.029396511152108125,0.9645470845200871,0.9939435956721953
2022-09-27,0.025994360672502097,0.9691515087491256,0.9951458694216276
2022-09-28,0.026943195980075104,0.9677878567885956,0.9947310527686707
2022-09-29,0.021935006249998456,0.97440758373145,0.9963425899814484
2022-09-30,0.0,0.9999999999587851,0.9999999999587851
2022-10-03,4.730299811572099e-13,0.9999999999994478,0.9999999999999208
2022-10-04,0.0,1.0,1.0
2022-10-05,4.7784935897374575e-05,0.999947800123373,0.9999955850592704
2022-10-06,0.0,1.0,1.0
2022-10-07,1.213666291334842e-15,0.9999999999999987,0.9999999999999999
2022-10-11,2.2653522883770042e-14,0.9999345810321039,0.9999345810321265
2022-10-12,3.981894632468165e-17,0.9997337354492115,0.9997337354492115
2022-10-13,1.388901646718709e-13,0.9995117415961241,0.999511741596263
2022-10-14,0.0,0.9994870067906481,0.9994870067906481
2022-10-17,0.010319986169307557,0.9877351598836531,0.9980551460529606
2022-10-18,0.012133421218005841,0.9855443076919278,0.9976777289099337
2022-10-19,0.013322784610518255,0.9840377470660846,0.9973605316766029
2022-10-20,0.014528133149638765,0.9824989766610515,0.9970271098106902
2022-10-21,0.01227084680292496,0.9853619286438814,0.9976327754468064
2022-10-24,0.013118158865372992,0.9842729533515207,0.9973911122168937
2022-10-25,3.9140220635209925e-09,0.9985380390890762,0.9985380430030983
2022-10-26,0.014544328195625242,0.982391425955149,0.9969357541507742
2022-10-27,3.4237978925855827e-18,0.9991717978484163,0.9991717978484163
2022-10-28,0.0,1.0,1.0
2022-10-31,1.9629052173222135e-15,0.9998067460227618,0.9998067460227638
2022-11-01,0.0,0.99971656335848,0.99971656335848
2022-11-02,9.807869150910503e-10,0.9996614906952378,0.9996614916760247
2022-11-03,0.0,0.9994766778953497,0.9994766778953497
2022-11-04,1.2252888088509904e-10,0.9993034272419775,0.9993034273645064
2022-11-07,0.0,0.9990983821836716,0.9990983821836716
2022-11-08,0.0,0.9997075011743211,0.9997075011743211
2022-11-09,2.9537261525547374e-15,0.9998869766671691,0.9998869766671721
2022-11-10,0.0,0.9997310371987035,0.9997310371987035
2022-11-14,1.9947343212997377e-09,0.9995744076196356,0.9995744096143698
2022-11-15,0.0,0.9997004059667978,0.9997004059667978
2022-11-16,4.64036663133798e-14,0.9995543757368297,0.9995543757368761
2022-11-17,9.69014317159625e-16,0.999999999999999,1.0
2022-11-18,0.0,1.0,1.0
2022-11-21,0.0,1.0,1.0
2022-11-22,2.715383189554119e-16,0.9999999999999997,0.9999999999999999
2022-11-23,0.0,1.0,1.0
2022-11-25,1.2825969359200693e-05,0.9999878273716132,1.0000006533409724
2022-11-28,0.0,1.0,1.0
2022-11-29,6.044627655302538e-11,0.9999999999260206,0.9999999999864669
2022-11-30,5.0376461955061395e-11,0.9999999999532931,1.0000000000036695
2022-12-01,1.5912640798355908e-17,1.0,1.0
2022-12-02,0.0,0.9999999999999853,0.9999999999999853
2022-12-05,0.0,1.0,1.0
2022-12-06,0.0,1.0,1.0
2022-12-07,1.141094043356329e-13,0.9999999999998841,0.9999999999999982
2022-12-08,2.8317676941955554e-16,0.9999999999999997,1.0
2022-12-09,0.0,1.0,1.0
2022-12-12,5.888208650447987e-11,1.0,1.000000000058882
2022-12-13,1.2043699973958058e-13,0.999999999999974,1.0000000000000944
2022-12-14,0.0,1.0,1.0
2022-12-15,9.768305736704647e-11,0.9999999999413021,1.000000000038985
2022-12-16,0.0,1.0,1.0
2022-12-19,3.4840119189818014e-18,0.9999199699374297,0.9999199699374297
2022-12-20,1.172540956436391e-16,0.9998009478642397,0.9998009478642398
2022-12-21,0.0,0.9997907618525471,0.9997907618525471
2022-12-22,4.905976652687022e-08,0.9996699374190622,0.9996699864788287
2022-12-23,5.677940439968538e-10,0.9995096227954924,0.9995096233632864
2022-12-27,3.8665264426787305e-07,0.9993585617031273,0.9993589483557715
2022-12-28,6.063307054068556e-17,0.9992903022674369,0.999290302267437
2022-12-29,0.0,0.9991397601583053,0.9991397601583053
2022-12-30,1.911534587292442e-08,0.99897665897538,0.9989766780907259
2023-01-03,1.0030987001575094e-15,0.9995444258110003,0.9995444258110013
2023-01-04,0.0,0.9995202158781112,0.9995202158781112
2023-01-05,0.0,0.9993627198363596,0.9993627198363596
2023-01-06,4.9754472646544115e-08,0.9992077639867567,0.9992078137412294
2023-01-09,0.0,0.9990531336788739,0.9990531336788739
2023-01-10,0.0,0.9990986680162526,0.9990986680162526
2023-01-11,0.0,0.9989592802183159,0.9989592802183159
2023-01-12,0.0,0.9988262525263517,0.9988262525263517
2023-01-13,8.711219639588715e-10,0.998668965950602,0.9986689668217239
2023-01-17,1.718605500839569e-14,0.9987716025313712,0.9987716025313884
2023-01-18,9.637256073218102e-11,0.9992919914565994,0.999291991552972
2023-01-19,0.0,0.9992311910609001,0.9992311910609001
2023-01-20,0.0,0.9991733004396108,0.9991733004396108
2023-01-23,0.0,0.9990391920653072,0.9990391920653072
2023-01-24,4.896750166491314e-09,0.9988976072601157,0.9988976121568658
2023-01-25,0.0,0.9987493732936729,0.9987493732936729
2023-01-26,1.5235759363656752e-11,0.9986012826859479,0.9986012827011838
2023-01-27,0.0,0.9984534862265552,0.9984534862265552
2023-01-30,6.03591190548811e-14,0.9983080782749482,0.9983080782750086
2023-01-31,0.0,0.9984609952510232,0.9984609952510232
2023-02-01,6.647693308238138e-08,0.998399953172782,0.998400019649715
2023-02-02,0.0,0.9982810976480532,0.9982810976480532
2023-02-03,2.4944945142856998e-17,0.9981376100210356,0.9981376100210356
2023-02-06,0.0,0.9980504972783755,0.9980504972783755
2023-02-07,8.210045535883129e-18,0.9979323572819777,0.9979323572819777
2023-02-08,2.085076274095376e-09,0.9978013540451527,0.9978013561302289
2023-02-09,1.3812519982273623e-13,0.9976775171657777,0.9976775171659158
2023-02-10,1.9607581513648017e-08,0.9976398465157049,0.9976398661232865
2023-02-13,0.0,0.9975142744554554,0.9975142744554554
2023-02-14,2.3859677905607016e-13,0.9973807520838321,0.9973807520840707
2023-02-15,0.009237366158200594,0.9875251667091616,0.9967625328673622
2023-02-16,0.011085192076688724,0.9854534069393086,0.9965385990159973
2023-02-17,0.013548330845449983,0.9826750138123824,0.9962233446578324
2023-02-21,0.016275321747924173,0.9795745443200142,0.9958498660679383
2023-02-22,0.014128510599703804,0.982026403099971,0.9961549136996748
2023-02-23,0.015198104255140005,0.9807993122880301,0.9959974165431701
2023-02-24,0.013763377515143537,0.9824059760635451,0.9961693535786886
2023-02-27,0.014339534866574567,0.9817374451226905,0.996076979989265
2023-02-28,0.016632689688438985,0.9791153859501314,0.9957480756385704
2023-03-01,0.019306603617862097,0.9760466620210809,0.995353265638943
2023-03-02,6.380673767125702e-18,0.9973357704294783,0.9973357704294783
2023-03-03,0.0,0.9972983527572954,0.9972983527572954
2023-03-06,0.0,0.9972092130360887,0.9972092130360887
2023-03-07,0.0,0.9971334411994417,0.9971334411994417
2023-03-08,2.0458295570738803e-09,0.997066522888722,0.9970665249345515
2023-03-09,1.8926931220120285e-16,0.9969891033692956,0.9969891033692958
2023-03-10,0.0,0.9970046160599294,0.9970046160599294
2023-03-13,0.005775857240072597,0.9908998547247894,0.9966757119648619
2023-03-14,0.007522801811355266,0.9889937252455532,0.9965165270569084
2023-03-15,1.2590144472484083e-16,0.9966490164298445,0.9966490164298446
2023-03-16,0.0,0.997278893728186,0.997278893728186
2023-03-17,0.0,0.9973031436339546,0.9973031436339546
2023-03-20,0.0,0.9973312584032037,0.9973312584032037
2023-03-21,4.800642465771076e-18,0.9973604554062687,0.9973604554062687
2023-03-22,0.0,0.9972605813520324,0.9972605813520324
2023-03-23,0.0,0.9973371601620065,0.9973371601620065
2023-03-24,0.0,0.9973480225071772,0.9973480225071772
2023-03-27,0.0,0.9974105711196921,0.9974105711196921
2023-03-28,0.0,0.997367090131833,0.997367090131833
2023-03-29,0.0,0.9972791346301103,0.9972791346301103
2023-03-30,0.0,0.9971699183514209,0.9971699183514209
2023-03-31,0.0,0.9970489545577916,0.9970489545577916
2023-04-03,0.0,0.9969721742854499,0.9969721742854499
2023-04-04,6.574440258611841e-09,0.9969337222070418,0.996933728781482
2023-04-05,3.159454355357765e-13,0.9968930329599412,0.9968930329602572
2023-04-06,0.0,0.9967738789564433,0.9967738789564433
2023-04-07,0.0,0.9966633880662974,0.9966633880662974
2023-04-10,1.671592833855455e-08,0.9965416664462268,0.9965416831621551
2023-04-11,0.004840162824307728,0.9914893870153697,0.9963295498396775
2023-04-12,0.005846947254832629,0.9904174656637367,0.9962644129185693
2023-04-13,0.007056409034088991,0.9890799322368652,0.9961363412709542
2023-04-14,0.00804214712130566,0.9879755784444098,0.9960177255657154
2023-04-17,0.008938482679463733,0.9869650399965905,0.9959035226760542
2023-04-18,0.009911024522924963,0.9858553353110677,0.9957663598339926
2023-04-19,0.010900675670261423,0.9847235360369396,0.9956242117072011
2023-04-20,0.011954596594952002,0.9835125929804114,0.9954671895753634
2023-04-21,0.013000205462734527,0.9823077841555351,0.9953079896182696
2023-04-24,0.014028058492857935,0.9811205335579323,0.9951485920507902
2023-04-25,0.014613238743117532,0.9804421273207831,0.9950553660639005
2023-04-26,0.008039246701753522,0.9877836063732576,0.9958228530750111
2023-04-27,0.008545732221309053,0.9872110226782655,0.9957567548995746
2023-04-28,0.008806814786519814,0.9869214964370749,0.9957283112235947
2023-05-01,0.00926463274719404,0.986383143723131,0.995647776470325
2023-05-02,0.009983894464238675,0.9855428196754544,0.9955267141396931
2023-05-03,0.01072676742497483,0.984674321358445,0.9954010887834198
2023-05-04,0.010980220487502548,0.9843692269614639,0.9953494474489665
2023-05-05,0.011758818411589532,0.9834608285219518,0.9952196469335414
2023-05-08,0.01238174604471623,0.9827426367069599,0.9951243827516761
2023-05-09,0.012995720982282834,0.9820341431479278,0.9950298641302107
2023-05-10,0.013872921899584235,0.9810127069403144,0.9948856288398986
2023-05-11,0.013075767973245755,0.9819173090547048,0.9949930770279505
2023-05-12,0.012922686409553776,0.9820788383492514,0.9950015247588051
2023-05-15,0.013635641745888867,0.9812481168076993,0.9948837585535881
2023-05-16,0.014354277998892526,0.9804105760063468,0.9947648540052394
2023-05-17,0.015013874939630816,0.979634430575737,0.9946483055153678
2023-05-18,0.015858411883586693,0.9786462808524365,0.9945046927360233
2023-05-19,0.01656084953727852,0.9778211698075113,0.9943820193447899
2023-05-22,0.015654336699502683,0.9788873945932614,0.994541731292764
2023-05-23,0.015873723969258676,0.9786203202998238,0.9944940442690825
2023-05-24,0.016410483707004972,0.9779847239367256,0.9943952076437306
2023-05-25,0.017262187353034218,0.976988070018755,0.9942502573717892
2023-05-26,0.01815543515026976,0.9759470640269947,0.9941024991772645
2023-05-30,0.01889883756788568,0.9750894096220916,0.9939882471899772
2023-05-31,0.015296858989066782,0.9791932188965567,0.9944900778856235
2023-06-01,0.014364413012008536,0.9802751761369379,0.9946395891489465
2023-06-02,0.014850252220581553,0.9796908217053273,0.9945410739259088
2023-06-05,0.014813317725669073,0.9797477639226685,0.9945610816483376
2023-06-06,0.014909224210079,0.9796214158142532,0.9945306400243322
2023-06-07,0.015309222300043886,0.9791313677840177,0.9944405900840615
2023-06-08,0.015775664591552295,0.9785695676924954,0.9943452322840477
2023-06-09,0.016346091343709134,0.9778836997313093,0.9942297910750184
2023-06-12,0.016925923428882206,0.9771871214379747,0.9941130448668569
2023-06-13,0.01712952757266218,0.9769358111590164,0.9940653387316786
2023-06-14,0.017754057685075566,0.976193767315971,0.9939478250010465
2023-06-15,0.018433537191892543,0.9753936004472606,0.9938271376391532
2023-06-16,0.019049649985673506,0.9746667181858611,0.9937163681715346
2023-06-20,0.01962120362712857,0.9740064756191944,0.993627679246323
2023-06-21,0.01600062497356746,0.9781343477659468,0.9941349727395142
2023-06-22,0.016445051231233593,0.9775834050964953,0.994028456327729
2023-06-23,0.016938694110749625,0.9769845062191653,0.993923200329915
2023-06-26,0.017405570491995082,0.9764249164365641,0.9938304869285592
2023-06-27,0.014796577250356043,0.9794561375415224,0.9942527147918784
2023-06-28,0.014808841055917173,0.9794519231483884,0.9942607642043055
2023-06-29,0.014555545617654092,0.9797581912560327,0.9943137368736867
2023-06-30,0.014600977808205974,0.9797080102888521,0.9943089880970581
2023-07-03,0.01485191010438346,0.9793721564079401,0.9942240665123235
2023-07-05,0.014986055704167259,0.9792075509465192,0.9941936066506865
2023-07-06,0.015280441907678473,0.9788257797762496,0.9941062216839281
2023-07-07,0.01538485239677473,0.978707115344361,0.9940919677411357
2023-07-10,0.01508274720849498,0.9791023132002294,0.9941850604087245
2023-07-11,0.015158507396773687,0.9789925784034493,0.994151085800223
2023-07-12,0.015413621360022074,0.9786651292000041,0.9940787505600263
2023-07-13,0.01572682614986965,0.9782633878363843,0.993990213986254
2023-07-14,0.015827506854223707,0.9781280529473079,0.9939555598015316
2023-07-17,0.01586371744687296,0.9780932465646275,0.9939569640115005
2023-07-18,0.01581930909743119,0.9781381626759073,0.9939574717733385
2023-07-19,0.015978785228838898,0.9779275256161603,0.9939063108449991
2023-07-20,0.01461387273309004,0.9795810439183475,0.9941949166514376
2023-07-21,0.01331736226076642,0.9813441097798461,0.9946614720406125
2023-07-24,0.013325041341867868,0.981249771619278,0.9945748129611458
2023-07-25,0.013362561778607389,0.9811412093970764,0.9945037711756838
2023-07-26,0.013219058196837523,0.9814433507004356,0.9946624088972732
2023-07-27,0.013216693392529656,0.9814224858941334,0.994639179286663
2023-07-28,0.01322940705681269,0.9813264685042756,0.9945558755610883
2023-07-31,0.013281813061816854,0.9811948210821315,0.9944766341439484
2023-08-01,0.0133656302858295,0.9810248889119904,0.9943905191978198
2023-08-02,0.013465000523558718,0.9808518096202103,0.994316810143769
2023-08-03,0.013616313565769329,0.9806189136205913,0.9942352271863606
2023-08-04,0.0130498407763387,0.981430535612936,0.9944803763892748
2023-08-07,0.012947583048678981,0.9816030010837766,0.9945505841324556
2023-08-08,0.01296599644365062,0.981511463435857,0.9944774598795076
2023-08-09,0.012880621096069087,0.9816725499302466,0.9945531710263157
2023-08-10,0.012897618287732737,0.9815744745234443,0.994472092811177
2023-08-11,0.012940680301375374,0.9814816346260302,0.9944223149274056
2023-08-14,0.01301419298581802,0.9813280366763288,0.9943422296621469
2023-08-15,0.013117223364540425,0.9811448964112391,0.9942621197757796
2023-08-16,0.013255795928467824,0.9809280118368217,0.9941838077652895
2023-08-17,0.013429786920089538,0.9806717703971801,0.9941015573172697
2023-08-18,0.01354839273107638,0.9805176939485286,0.9940660866796049
2023-08-21,0.013756520847091159,0.9802373993236957,0.9939939201707868
2023-08-22,0.013819133233018246,0.9801662815047777,0.9939854147377959
2023-08-23,0.014023155599588132,0.9798944475421946,0.9939176031417827
2023-08-24,0.013984531815981343,0.9799317208611151,0.9939162526770965
2023-08-25,0.014239974791727315,0.9796027308604699,0.9938427056521972
2023-08-28,0.014520479222381841,0.979246468439962,0.9937669476623439
2023-08-29,0.014832919685050626,0.9788608220887888,0.9936937417738394
2023-08-30,0.015021572689990607,0.9786210007647266,0.9936425734547172
2023-08-31,0.015333681531711092,0.9782399608215547,0.9935736423532658
2023-09-01,0.01566025281959972,0.9778552358362228,0.9935154886558225
2023-09-05,0.016084236709945944,0.9773522151146085,0.9934364518245544
2023-09-06,0.016562592063325776,0.9767923723413237,0.9933549644046494
2023-09-07,0.01705852296776448,0.9762173357816307,0.9932758587493952
2023-09-08,0.01722102706293382,0.9760216523937656,0.9932426794566994
2023-09-11,0.01764720789852633,0.9755290347618708,0.9931762426603972
2023-09-12,0.015139678994006077,0.9783903323003857,0.9935300112943918
2023-09-13,0.015396462990441916,0.9780730776668782,0.9934695406573202
2023-09-14,0.015622346216654405,0.9778056200287802,0.9934279662454346
2023-09-15,0.015979237494281328,0.9773795650527813,0.9933588025470627
2023-09-18,0.016305678298126736,0.9769977585060076,0.9933034368041342
2023-09-19,0.01648630546938695,0.9767782874477398,0.9932645929171267
2023-09-20,0.016897922761644105,0.9763017392403031,0.9931996620019472
2023-09-21,0.017288366979503485,0.9758555438599811,0.9931439108394846
2023-09-22,0.017703183158134326,0.9753860201258083,0.9930892032839427
2023-09-25,0.018224014374493985,0.974791805794618,0.9930158201691119
2023-09-26,0.01873909444249342,0.9742166129413546,0.9929557073838481
2023-09-27,0.019343521843678622,0.973539775532657,0.9928832973763356
2023-09-28,0.019837867837424816,0.9729989394251747,0.9928368072625995
2023-09-29,0.020563699538120317,0.9721915956876642,0.9927552952257845
2023-10-02,0.021360517674656954,0.9713140907479202,0.9926746084225772
2023-10-03,0.022244392544428396,0.9703441132438304,0.9925885057882589
2023-10-04,0.01847073596760858,0.9744734741869963,0.9929442101546049
2023-10-05,0.018838253216368287,0.9740544895660548,0.9928927427824231
2023-10-06,0.019292950507103303,0.9735396771936707,0.9928326277007741
2023-10-10,0.019657291792578562,0.9731374891071293,0.9927947808997079
2023-10-11,0.01858133903473422,0.9743135515800742,0.9928948906148084
2023-10-12,0.018399919600370834,0.9745067818245514,0.9929067014249222
2023-10-13,0.018314282261469746,0.9746180695791269,0.9929323518405966
2023-10-16,0.018441701532079146,0.9744615130295368,0.9929032145616159
2023-10-17,0.01867871845388043,0.9741951491274575,0.992873867581338
2023-10-18,0.018548971353943303,0.9743557523696674,0.9929047237236107
2023-10-19,0.018827930118908275,0.9740386641294666,0.9928665942483749
2023-10-20,0.01878422193436476,0.974099778408574,0.9928840003429388
2023-10-23,0.01898470970674426,0.9738632241231645,0.9928479338299088
2023-10-24,0.019336861732079335,0.9734616979890032,0.9927985597210826
2023-10-25,0.01928788509071135,0.9735059425170638,0.9927938276077751
2023-10-26,0.01952950812668482,0.9732394861593937,0.9927689942860786
2023-10-27,0.019659894150129708,0.9730850594801549,0.9927449536302846
2023-10-30,0.02000078572205519,0.9727002077806254,0.9927009935026806
2023-10-31,0.020368230900406042,0.9722961155038599,0.9926643464042659
2023-11-01,0.020798394195547097,0.9718239338768498,0.9926223280723969
2023-11-02,0.020018362273993916,0.9726571842660503,0.9926755465400442
2023-11-03,0.019761629384779517,0.9729312365453566,0.9926928659301362
2023-11-06,0.019831539667488504,0.9728436327243031,0.9926751723917916
2023-11-07,0.01956307922467668,0.9731579087779391,0.9927209880026158
2023-11-08,0.01955861857702223,0.9731497483786188,0.992708366955641
2023-11-09,0.019659335926139266,0.973025466399708,0.9926848023258472
2023-11-10,0.01953686376898503,0.9731795679195439,0.9927164316885289
2023-11-13,0.01976951054457471,0.9729090341332098,0.9926785446777846
2023-11-14,0.019981304514323697,0.9726635121782597,0.9926448166925834
2023-11-15,0.020198136418682032,0.9724149660126993,0.9926131024313813
2023-11-16,0.0204617985424138,0.972124933324245,0.9925867318666588
2023-11-17,0.02048393105418445,0.9720910406750592,0.9925749717292437
2023-11-20,0.02053964751743035,0.9720391474240793,0.9925787949415096
2023-11-21,0.020353218545856172,0.9722571822261565,0.9926104007720127
2023-11-22,0.020466502827026882,0.9721412274097562,0.9926077302367831
2023-11-24,0.020499249143573654,0.9720964115272125,0.9925956606707862
2023-11-27,0.020681565508622175,0.9718985929821548,0.992580158490777
2023-11-28,0.020578827983131567,0.9719981588111037,0.9925769867942353
2023-11-29,0.0208054901684881,0.9717457310739194,0.9925512212424075
2023-11-30,0.020835292602871265,0.9717039876454834,0.9925392802483547
2023-12-01,0.021107875042795078,0.9714045468382555,0.9925124218810506
2023-12-04,0.020693953466363338,0.971837609948868,0.9925315634152314
2023-12-05,0.020936435022467812,0.9715700646488545,0.9925064996713223
2023-12-06,0.020757334341442224,0.9717522297906571,0.9925095641320993
2023-12-07,0.02050057221755737,0.9720223308711522,0.9925229030887096
2023-12-08,0.020674502855410785,0.9718253571186318,0.9924998599740427
2023-12-11,0.020875347207736532,0.9716050884777233,0.9924804356854598
2023-12-12,0.021072454578313388,0.9713851627156956,0.992457617294009
2023-12-13,0.021319740640877625,0.9711134943637897,0.9924332350046673
2023-12-14,0.020049446340097695,0.9724448843305404,0.9924943306706381
2023-12-15,0.020165106602741425,0.9723110794012934,0.9924761860040348
2023-12-18,0.02030956924855405,0.9721411592473597,0.9924507284959138
2023-12-19,0.02047517891666794,0.971953836914416,0.9924290158310839
2023-12-20,0.020666695841554124,0.9717404115355269,0.992407107377081
2023-12-21,0.020606692144155184,0.971795852372031,0.9924025445161863
2023-12-22,0.020817417223139397,0.9715685735415369,0.9923859907646763
2023-12-26,0.021010416329611172,0.9713628960243528,0.992373312353964
2023-12-27,0.021215257198753997,0.97114232400643,0.9923575812051839
2023-12-28,0.02108293636631291,0.9712712450088893,0.9923541813752021
2023-12-29,0.020529084524554493,0.9718740581471672,0.9924031426717217
2024-01-02,0.020668631688481078,0.9717222550104523,0.9923908866989334
2024-01-03,0.020604926233097905,0.9717815638650306,0.9923864900981285
2024-01-04,0.020767414626655486,0.9716022420589749,0.9923696566856304
2024-01-05,0.02080633081740878,0.9715681163293992,0.992374447146808
2024-01-08,0.02052915520199607,0.9718802230032614,0.9924093782052574
2024-01-09,0.020579697606754932,0.971816564613007,0.992396262219762
2024-01-10,0.020689162934977853,0.9716928075206904,0.9923819704556682
2024-01-11,0.020846027877989115,0.9715192723211397,0.9923653001991288
2024-01-12,0.02084537507645912,0.9715119086788807,0.9923572837553398
2024-01-16,0.020962601823204016,0.9713810641410411,0.9923436659642451
2024-01-17,0.021155803006577902,0.9711780207430109,0.9923338237495888
2024-01-18,0.021327263445258395,0.9710042167092211,0.9923314801544795
2024-01-19,0.02156535618376187,0.9707574989677434,0.9923228551515053
2024-01-22,0.021819023122055387,0.9704986523094318,0.9923176754314872
2024-01-23,0.02208411972937789,0.970224109126267,0.9923082288556448
2024-01-24,0.022063273806236072,0.9702580572094583,0.9923213310156944
2024-01-25,0.022094951499850645,0.9702323600886679,0.9923273115885185
2024-01-26,0.022040911839678302,0.9702751426215905,0.9923160544612688
2024-01-29,0.02229953919702735,0.9700132927033454,0.9923128319003727
2024-01-30,0.022195634210533263,0.9701071478492623,0.9923027820597956
2024-01-31,0.02245621607613388,0.969845343481322,0.9923015595574559
2024-02-01,0.022478783321717467,0.9698149748728763,0.9922937581945938
2024-02-02,0.022136618748502517,0.9701409734069989,0.9922775921555014
2024-02-05,0.02207673116583025,0.9702114156678958,0.992288146833726
2024-02-06,0.021888158680268374,0.9704120659015633,0.9923002245818316
2024-02-07,0.021992450334639025,0.9703022858796445,0.9922947362142835
2024-02-08,0.02216948104914006,0.9701248780641919,0.992294359113332
2024-02-09,0.02236385569195623,0.9699366878760914,0.9923005435680476
2024-02-12,0.022573566216905625,0.9697308417838845,0.9923044080007901
2024-02-13,0.022831073082139487,0.9694792059952188,0.9923102790773582
2024-02-14,0.023118651500940973,0.9691992010483654,0.9923178525493064
2024-02-15,0.02304641624412888,0.9692774357458921,0.9923238519900209
2024-02-16,0.023215158878005474,0.9691106518171104,0.9923258106951159
2024-02-20,0.02342611945801727,0.9689128430854083,0.9923389625434256
2024-02-21,0.023684122829850284,0.9686625505894525,0.9923466734193028
2024-02-22,0.023902927995696367,0.9684581640327105,0.9923610920284068
2024-02-23,0.02421095010750452,0.9681630839091007,0.9923740340166052
2024-02-26,0.024332050988658625,0.968042642956547,0.9923746939452056
2024-02-27,0.024706058325724856,0.9676878566238498,0.9923939149495746
2024-02-28,0.025064690945085896,0.9673541738320279,0.9924188647771138
2024-02-29,0.025352031636172258,0.9670823924342297,0.9924344240704019
2024-03-01,0.02570812805603429,0.9667535560287518,0.9924616840847861
2024-03-04,0.025726685744759985,0.9667267828596794,0.9924534686044394
2024-03-05,0.026138417191018025,0.9663524115240787,0.9924908287150968
2024-03-06,0.02640368117237591,0.9661031645406416,0.9925068457130175
2024-03-07,0.026831357879462257,0.9657105898250238,0.992541947704486
2024-03-08,0.02733870958600999,0.9652510546571176,0.9925897642431276
2024-03-11,0.027894917572934795,0.9647510316954425,0.9926459492683773
2024-03-12,0.02844316597632561,0.9642588044853889,0.9927019704617145
2024-03-13,0.02870184076191297,0.9640326945514426,0.9927345353133555
2024-03-14,0.02933802976196609,0.9634728852542801,0.9928109150162462
2024-03-15,0.02932825653454366,0.9634843796818316,0.9928126362163753
2024-03-18,0.029925426218920775,0.9629653821025264,0.9928908083214472
2024-03-19,0.030603792111007576,0.962379459909417,0.9929832520204246
2024-03-20,0.03105122030495481,0.9619918819298483,0.9930431022348031
2024-03-21,0.03146484331424071,0.9616379875544552,0.9931028308686959
2024-03-22,0.03204659186670929,0.9611452206159814,0.9931918124826907
2024-03-25,0.028623788186553253,0.9640357111220189,0.9926594993085721
2024-03-26,0.028517818209516158,0.9641279567502026,0.9926457749597187
2024-03-27,0.028721500289749603,0.9639661591164389,0.9926876594061885
2024-03-28,0.02873489887303304,0.9639509973260566,0.9926858961990896
2024-04-01,0.029031196622109266,0.9637314543016411,0.9927626509237504
2024-04-02,0.029351473863467526,0.9634848056397606,0.9928362795032281
2024-04-03,0.02883299911786825,0.9638928768960497,0.992725876013918
2024-04-04,0.029092012315598385,0.9637062616646351,0.9927982739802336
2024-04-05,0.029391215668838674,0.9634888730142637,0.9928800886831023
2024-04-08,0.02957024155491328,0.9633592019516171,0.9929294435065303
2024-04-09,0.029804838322065864,0.9631915330217278,0.9929963713437936
2024-04-10,0.029883802514413225,0.9631288714276955,0.9930126739421088
2024-04-11,0.028473599223189962,0.9641813597310184,0.9926549589542083
2024-04-12,0.028603905395001444,0.9641169544906395,0.992720859885641
2024-04-15,0.028678639888697875,0.9640759825739486,0.9927546224626465
2024-04-16,0.028734358031025895,0.9640483831907176,0.9927827412217435
2024-04-17,0.028686464327054132,0.9640787125845809,0.992765176911635
2024-04-18,0.028662741176394058,0.9640869434228461,0.9927496845992401
2024-04-19,0.028773424619137827,0.9640397639534397,0.9928131885725775
2024-04-22,0.028924049297496684,0.9639567092268196,0.9928807585243163
2024-04-23,0.02910831648414278,0.9638525699044227,0.9929608863885655
2024-04-24,0.02919657219282798,0.9637950207092683,0.9929915929020963
2024-04-25,0.029372554497027206,0.9636864319363323,0.9930589864333595
2024-04-26,0.02940823599171766,0.9636664783374166,0.9930747143291343
2024-04-29,0.029623594068169647,0.9635314780803154,0.993155072148485
2024-04-30,0.029857076265652285,0.9633788474211417,0.9932359236867939
2024-05-01,0.030125776397959606,0.9632004723524011,0.9933262487503608
2024-05-02,0.030433109800411508,0.9629898661480941,0.9934229759485056
2024-05-03,0.029738652001538628,0.9634697418047788,0.9932083938063174
2024-05-06,0.029644857582664757,0.9635227416634788,0.9931675992461436
2024-05-07,0.029721190296262637,0.9634832982447723,0.9932044885410349
2024-05-08,0.029676968226558905,0.9635044873164784,0.9931814555430373
2024-05-09,0.029819173636340086,0.9634363190771131,0.9932554927134533
2024-05-10,0.029963736610988893,0.9633578974139237,0.9933216340249127
2024-05-13,0.030170397335509566,0.9632415552702976,0.9934119526058072
2024-05-14,0.030356955577570514,0.9631317388730346,0.9934886944506052
2024-05-15,0.030493783799381346,0.9630443996435506,0.993538183442932
2024-05-16,0.030603394384739302,0.9629800179962956,0.993583412381035
2024-05-17,0.030089879218023592,0.9632928482152043,0.993382727433228
2024-05-20,0.03024212752158366,0.9632244346549058,0.9934665621764894
2024-05-21,0.030413471970172596,0.9631381261207773,0.99355159809095
2024-05-22,0.030478809020464168,0.9630989738732508,0.993577782893715
2024-05-23,0.030685590048585936,0.9629890987278523,0.9936746887764383
2024-05-24,0.030709147226073777,0.9629794639865015,0.9936886112125752
2024-05-28,0.030924046734178735,0.962860437487454,0.9937844842216327
2024-05-29,0.03097070057110898,0.9628354503488865,0.9938061509199955
2024-05-30,0.031089430050869078,0.9627722716213484,0.9938617016722174
2024-05-31,0.031076459122007027,0.9627754170021732,0.9938518761241802
2024-06-03,0.031225889409131197,0.9627001027921496,0.9939259922012808
2024-06-04,0.03084566912802116,0.9629018605026008,0.993747529630622
2024-06-05,0.0308037307462327,0.9629176680709017,0.9937213988171344
2024-06-06,0.03077055189597338,0.9629233185035139,0.9936938703994872
2024-06-07,0.03088115663728558,0.9629043969493603,0.9937855535866458
2024-06-10,0.03041412120729898,0.9630621154340929,0.993476236641392
2024-06-11,0.030428108899851456,0.9631292608477017,0.9935573697475532
2024-06-12,0.03044573983181822,0.9631406278670409,0.9935863676988591
2024-06-13,0.030461774981361704,0.9631491505588887,0.9936109255402504
2024-06-14,0.03035790783754582,0.9631185293766887,0.9934764372142345
2024-06-17,0.030359833079782003,0.9631795784473929,0.9935394115271748
2024-06-18,0.03036121683810389,0.9631920318047682,0.9935532486428721
2024-06-20,0.03038236886380284,0.9632145046350973,0.9935968734989001
2024-06-21,0.030410644451239664,0.9632662637999035,0.9936769082511432
2024-06-24,0.030474675547408323,0.9632798184231889,0.9937544939705972
2024-06-25,0.0305680948575484,0.9632676043568764,0.9938356992144248
2024-06-26,0.030688627434031217,0.9632284593443129,0.9939170867783441
2024-06-27,0.030647473949142714,0.9632495088476072,0.9938969827967499
2024-06-28,0.030737469533543234,0.9632163938464278,0.993953863379971
2024-07-01,0.030640896444948065,0.963256061559436,0.993896958004384
2024-07-02,0.030742436475541472,0.963240629022302,0.9939830654978434
2024-07-03,0.030824940083040844,0.9632119691282162,0.994036909211257
2024-07-05,0.03077119056483447,0.9632317209801281,0.9940029115449626
2024-07-08,0.030592441021879607,0.9632805404450121,0.9938729814668917
2024-07-09,0.030649855626305247,0.9632999972850146,0.9939498529113199
2024-07-10,0.030737485550425398,0.963293933576904,0.9940314191273294
2024-07-11,0.03082435190960779,0.9632775784911539,0.9941019304007617
2024-07-12,0.030932218610694968,0.9632376947923974,0.9941699134030924
2024-07-15,0.03104626508000392,0.9631920405371823,0.9942383056171863
2024-07-16,0.03120852245925387,0.9631217425958107,0.9943302650550646
2024-07-17,0.031013527726362847,0.9632149203466125,0.9942284480729754
2024-07-18,0.031119862602433313,0.9631828012213075,0.9943026638237408
2024-07-19,0.03117665972302804,0.9631582787711781,0.9943349384942062
2024-07-22,0.03132992815599115,0.9630974902038877,0.9944274183598788
2024-07-23,0.03151214431459632,0.9630122384984396,0.994524382813036
2024-07-24,0.03170779484459261,0.9629118411828921,0.9946196360274847
2024-07-25,0.03154152630166477,0.9630023571385944,0.9945438834402591
2024-07-26,0.03134298811605834,0.9630943187871807,0.994437306903239
2024-07-29,0.03089482625189141,0.9632324511585857,0.9941272774104771
2024-07-30,0.030901037574644998,0.9632359746097511,0.9941370121843961
2024-07-31,0.030915035993429762,0.9633008653364662,0.9942159013298959
2024-08-01,0.030962408702575352,0.9633344986467951,0.9942969073493705
2024-08-02,0.030558065254010145,0.9632805997246602,0.9938386649786703
2024-08-05,0.030605226797678423,0.963198878263473,0.9938041050611514
2024-08-06,0.03105700536831551,0.9624968998667781,0.9935539052350936
2024-08-07,0.0308294396022022,0.9627741539707836,0.9936035935729858
2024-08-08,0.030685661146836168,0.9629554580665607,0.9936411192133968
2024-08-09,0.030553603648046674,0.9631283717186992,0.993681975366746
2024-08-12,0.030414633415324306,0.9633187235510347,0.993733356966359
2024-08-13,0.030440407294921853,0.963281751654365,0.9937221589492868
2024-08-14,0.030333614607945914,0.9634389072357471,0.993772521843693
2024-08-15,0.03026621163821712,0.9635479538364035,0.9938141654746205
2024-08-16,0.03025865829880759,0.9635664086803597,0.9938250669791673
2024-08-19,0.030212425395562723,0.9636623902977832,0.9938748156933459
2024-08-20,0.030202755493668028,0.9637036322918456,0.9939063877855137
2024-08-21,0.03020306404998814,0.9637411248970297,0.9939441889470179
2024-08-22,0.03021690267356534,0.9637600233165187,0.993976925990084
2024-08-23,0.03023734102198905,0.9637833904908718,0.9940207315128609
2024-08-26,0.03029095504163334,0.9637863392779888,0.9940772943196222
2024-08-27,0.030369554490837992,0.963765720813452,0.99413527530429
2024-08-28,0.030465768958749646,0.9637238600638806,0.9941896290226302
2024-08-29,0.030589998809089115,0.9636603385798945,0.9942503373889836
2024-08-30,0.03017678705355655,0.9638990511379374,0.9940758381914939
2024-09-03,0.030163170123876624,0.9639032124784715,0.9940663826023481
2024-09-04,0.0299103623065892,0.9638117227151254,0.9937220850217146
2024-09-05,0.029853307595030833,0.9638885276292091,0.9937418352242399
2024-09-06,0.02977503302570643,0.9639911271471295,0.9937661601728359
2024-09-09,0.029688103586140283,0.9641193990417841,0.9938075026279244
2024-09-10,0.02985888768075586,0.9638329747167599,0.9936918623975157
2024-09-11,0.029917643346306297,0.9637598273224032,0.9936774706687095
2024-09-12,0.029775953913412784,0.9639328140220965,0.9937087679355093
2024-09-13,0.029676190358084092,0.9640619677803296,0.9937381581384137
2024-09-16,0.029602166680513367,0.9641639627691069,0.9937661294496203
2024-09-17,0.029604180948342235,0.9641616382668302,0.9937658192151725
2024-09-18,0.029539949090122367,0.964258337499204,0.9937982865893263
2024-09-19,0.02951599690481753,0.9642999089910488,0.9938159058958663
2024-09-20,0.029522856119708837,0.9642801806068018,0.9938030367265106
2024-09-23,0.02950502777488285,0.964308435883493,0.9938134636583759
2024-09-24,0.02946782623988556,0.9643772585471516,0.9938450847870371
2024-09-25,0.029464081412719594,0.9644043307819252,0.9938684121946448
2024-09-26,0.029461393799412164,0.9644260365292986,0.9938874303287107
2024-09-27,0.029446249207675086,0.9644194852127895,0.9938657344204647
2024-09-30,0.029448156582522516,0.9644252240698643,0.9938733806523868
2024-10-01,0.0294424557585896,0.9644632865265271,0.9939057422851167
2024-10-02,0.029466510882346527,0.9644743612778196,0.9939408721601661
2024-10-03,0.02950493999607691,0.9644614872168916,0.9939664272129686
2024-10-04,0.029481445436999838,0.964477792163843,0.9939592376008428
2024-10-07,0.029375372076141444,0.9645122688346821,0.9938876409108236
2024-10-08,0.02937125247706726,0.9645201069275015,0.9938913594045687
2024-10-09,0.029415339700795056,0.9643510259786621,0.9937663656794571
2024-10-10,0.02931975498512903,0.9644684169341415,0.9937881719192706
2024-10-11,0.02923027047910587,0.964582195391183,0.9938124658702888
2024-10-15,0.029191950921797827,0.9646361731590817,0.9938281240808795
2024-10-16,0.029597713254684615,0.9639792557563585,0.9935769690110431
2024-10-17,0.02937506964388001,0.9642094654253286,0.9935845350692086
2024-10-18,0.02926385722438199,0.9643280960478591,0.993591953272241
2024-10-21,0.02922967324746873,0.9643631509125917,0.9935928241600605
2024-10-22,0.029054757062063764,0.9645461332664865,0.9936008903285503
2024-10-23,0.02890171360709119,0.9647081239454497,0.9936098375525408
2024-10-24,0.02877098376969612,0.964846060458955,0.9936170442286512
2024-10-25,0.02865853755805054,0.9649671632754049,0.9936257008334555
2024-10-28,0.02857104049700166,0.965063338250207,0.9936343787472086
2024-10-29,0.028505534833439594,0.9651387164273091,0.9936442512607486
2024-10-30,0.02847239715909823,0.9651830768581049,0.9936554740172031
2024-10-31,0.02845165047792758,0.9652126618610111,0.9936643123389386
2024-11-01,0.0284461173016911,0.965230232822435,0.9936763501241261
2024-11-04,0.02842264545106413,0.96524071765795,0.9936633631090142
2024-11-05,0.028417220446372633,0.965259050833281,0.9936762712796536
2024-11-06,0.02843587568528321,0.9652512068272214,0.9936870825125046
2024-11-07,0.028370693752466276,0.9652919338369477,0.9936626275894139
2024-11-08,0.02835876441784485,0.9653151301491479,0.9936738945669927
2024-11-12,0.028312985744653515,0.9652944806340185,0.9936074663786719
2024-11-13,0.02829702395055268,0.9653111002835262,0.9936081242340788
2024-11-14,0.028218508800190917,0.9653938916188902,0.9936124004190812
2024-11-15,0.02813225379768262,0.9654857595109859,0.9936180133086685
2024-11-18,0.028079536359210237,0.9655457669591744,0.9936253033183846
2024-11-19,0.028050012457107924,0.9655785115227487,0.9936285239798566
2024-11-20,0.028037592348107702,0.9655984834632284,0.9936360758113361
2024-11-21,0.028045573114556514,0.965598817304735,0.9936443904192914
2024-11-22,0.028057685749195618,0.9655919926312915,0.9936496783804871
2024-11-25,0.028098862208752122,0.9655578195675112,0.9936566817762633
2024-11-26,0.027976419311631334,0.9656570194840449,0.9936334387956762
2024-11-27,0.027977981004459793,0.9656615165278765,0.9936394975323363
2024-11-29,0.027998086308726654,0.9656498226535603,0.9936479089622869
2024-12-02,0.028012670381402684,0.9656375877843016,0.9936502581657043
2024-12-03,0.027991175414447855,0.9656504333434551,0.993641608757903
2024-12-04,0.028012762968507635,0.9656391037490492,0.9936518667175568
2024-12-05,0.028048086966913247,0.9656137639162421,0.9936618508831554
2024-12-06,0.028104723467986505,0.9655668266005568,0.9936715500685434
2024-12-09,0.028122694187049095,0.9655500308479951,0.9936727250350441
2024-12-10,0.02813413582786438,0.9655413359736496,0.9936754718015139
2024-12-11,0.028149850929459055,0.9655301981510015,0.9936800490804606
2024-12-12,0.02822822466813269,0.9654647593739345,0.9936929840420672
2024-12-13,0.02830949551934635,0.9653956856649724,0.9937051811843187
2024-12-16,0.028393715944236585,0.9653232948094191,0.9937170107536557
2024-12-17,0.028518964844964197,0.9652142770808889,0.9937332419258531
2024-12-18,0.02867938512742347,0.9650715234071245,0.9937509085345481
2024-12-19,0.02847536555721532,0.9652556609366076,0.9937310264938229
2024-12-20,0.02860305760607034,0.965145192834129,0.9937482504401993
2024-12-23,0.02876133643624722,0.9650090491943843,0.9937703856306316
2024-12-24,0.028898272714998088,0.9648903849416458,0.9937886576566439
2024-12-26,0.029095644322132193,0.9647191249532894,0.9938147692754216
2024-12-27,0.02932196855979783,0.9645191289897949,0.9938410975495927
2024-12-30,0.029536513800773493,0.9643306699916037,0.9938671837923772
2024-12-31,0.02941634366753368,0.9644355896925338,0.9938519333600675
2025-01-02,0.029636183266449886,0.9642465373994059,0.9938827206658558
2025-01-03,0.029898628592916324,0.964019293971753,0.9939179225646694
2025-01-06,0.030091387712264037,0.9638527999726249,0.9939441876848889
2025-01-07,0.030333843005413526,0.9636446059541409,0.9939784489595545
2025-01-08,0.03053965643380738,0.9634686398592581,0.9940082962930655
2025-01-09,0.030774408718790672,0.9632683855322763,0.994042794251067
2025-01-10,0.031126798687362126,0.9629673787686378,0.9940941774559999
2025-01-13,0.03100215338350695,0.9630758630331498,0.9940780164166568
2025-01-14,0.031221138774131636,0.9628947627698792,0.9941159015440109
2025-01-15,0.03157178471009263,0.9626046881059748,0.9941764728160674
2025-01-16,0.03045463335921473,0.9635249549041475,0.9939795882633622
2025-01-17,0.03042199555040538,0.9635465628387484,0.9939685583891538
2025-01-21,0.030567623999873058,0.9634441735330755,0.9940117975329485
2025-01-22,0.029909690961806134,0.9639273281721188,0.993837019133925
2025-01-23,0.029982121501026554,0.9638980415554294,0.9938801630564559
2025-01-24,0.030068151856305254,0.9638510598139333,0.9939192116702386
2025-01-27,0.029727240430769946,0.9640555920762471,0.993782832507017
2025-01-28,0.02968456253015623,0.9640170636881082,0.9937016262182645
2025-01-29,0.029662736365685238,0.9640698277943829,0.9937325641600682
2025-01-30,0.029659014676140846,0.9641178744274931,0.9937768891036339
2025-01-31,0.029680506415671035,0.964145083559896,0.993825589975567
2025-02-03,0.029728481372168696,0.9641409911239839,0.9938694724961525
2025-02-04,0.029797274659799276,0.9641196101160735,0.9939168847758728
2025-02-05,0.02987231758895478,0.9640819993814176,0.9939543169703724
2025-02-06,0.029080187369098655,0.9645032029717102,0.9935833903408089
2025-02-07,0.02905031715337905,0.9645494548226337,0.9935997719760127
2025-02-10,0.02898334091257999,0.964650270156641,0.993633611069221
2025-02-11,0.02894601243299913,0.9647225152118772,0.9936685276448763
2025-02-12,0.028916147489336172,0.964791113814667,0.9937072613040031
2025-02-13,0.02890845431603335,0.9647937600493453,0.9937022143653786
2025-02-14,0.028899821926744736,0.9648405158831252,0.99374033780987
2025-02-18,0.028893197374470932,0.9648558803207721,0.993749077695243
2025-02-19,0.028905923995540775,0.9648582084472866,0.9937641324428275
2025-02-20,0.02892612056524186,0.9648638048799039,0.9937899254451458
2025-02-21,0.02891063278440468,0.964873420981268,0.9937840537656727
2025-02-24,0.028925728889137553,0.9648681081111944,0.993793837000332
2025-02-25,0.028948789942753093,0.9648789331816173,0.9938277231243704
2025-02-26,0.028901529000893874,0.9648663842965075,0.9937679132974013
2025-02-27,0.028904373785906864,0.9648668126599321,0.993771186445839
2025-02-28,0.02891329392963468,0.9648446617817263,0.993757955711361
2025-03-03,0.02891971364006483,0.9648442370224798,0.9937639506625446
2025-03-04,0.028916978823380082,0.9648638681616222,0.9937808469850022
2025-03-05,0.02890852977929314,0.9648018524196893,0.9937103821989824
2025-03-06,0.029013332047072935,0.964624661404745,0.9936379934518179
2025-03-07,0.028910016388570197,0.964757454578179,0.9936674709667491
2025-03-10,0.028901861435870188,0.9647657650534991,0.9936676264893692
2025-03-11,0.029262938662866004,0.9642754710674192,0.9935384097302852
2025-03-12,0.029923857363310897,0.963520423390396,0.9934442807537069
2025-03-13,0.02965987114338526,0.9638054854371357,0.993465356580521
2025-03-14,0.029585224104780792,0.9638871321396686,0.9934723562444494
2025-03-17,0.029620036468355312,0.9638509923964014,0.9934710288647567
2025-03-18,0.02939705925045208,0.9640905483801611,0.9934876076306132
2025-03-19,0.029217104045126344,0.9642848729743664,0.9935019770194927
2025-03-20,0.02913426846568658,0.964375628930108,0.9935098973957945
2025-03-21,0.029197320191765467,0.9643073487709226,0.9935046689626881
2025-03-24,0.02904840371754997,0.9644699042710517,0.9935183079886017
2025-03-25,0.02902988282284122,0.9644894078879795,0.9935192907108208
2025-03-26,0.028922874049984795,0.9646076834802754,0.9935305575302602
2025-03-27,0.028834403578603392,0.9647084182899129,0.9935428218685163
2025-03-28,0.02877993939940695,0.9647724315019929,0.9935523709013998
2025-03-31,0.028804931721855616,0.9647426400762251,0.9935475717980807
2025-04-01,0.028754444515257403,0.964803653783505,0.9935580982987624
2025-04-02,0.028775055403565286,0.9647770700242765,0.9935521254278418
2025-04-03,0.028735976170689764,0.9648229742358323,0.9935589504065221
2025-04-04,0.028805981580985345,0.9647272153522732,0.9935331969332586
2025-04-07,0.02871705336513236,0.9648253747825833,0.9935424281477157
2025-04-08,0.02904946423722429,0.9644469974573525,0.9934964616945768
2025-04-09,0.028929056734643913,0.964572038118546,0.9935010948531899
2025-04-10,0.02905303163304062,0.9644432447300363,0.9934962763630769
2025-04-11,0.02929002353602188,0.9642051778802277,0.9934952014162496
2025-04-14,0.029942916976243208,0.9635554465548746,0.9934983635311178
2025-04-15,0.03086762191892036,0.9626448110810573,0.9935124329999776
2025-04-16,0.03073973527261917,0.9627700662929474,0.9935098015655666
2025-04-17,0.030481292480784575,0.9630219695864279,0.9935032620672125
2025-04-21,0.03026058238498951,0.9632319423742451,0.9934925247592347
2025-04-22,0.030011173762891467,0.9634686174378153,0.9934797912007067
2025-04-23,0.029807135361203288,0.9636585043921282,0.9934656397533315
2025-04-24,0.029614099670517494,0.9638388529183803,0.9934529525888979
2025-04-25,0.02964461501795852,0.9638091601988859,0.9934537752168444
2025-04-28,0.029581380686950876,0.9638649358702676,0.9934463165572185
2025-04-29,0.02965937179395926,0.9637952322315245,0.9934546040254838
2025-04-30,0.029533649897228703,0.9639071577829028,0.9934408076801315
2025-05-01,0.029379935955248522,0.9640396062475075,0.9934195422027561
2025-05-02,0.029255707775201742,0.9641396711756134,0.9933953789508151
2025-05-05,0.029484691875885774,0.9639714175306096,0.9934561094064953
2025-05-06,0.02932379396857503,0.9641100856036514,0.9934338795722264
2025-05-07,0.02984683745816104,0.9636942703519852,0.9935411078101463
2025-05-08,0.02977411381076612,0.9637584503639942,0.9935325641747603
2025-05-09,0.029647377204229452,0.9638694930762888,0.9935168702805183
2025-05-12,0.029484076634596384,0.9640069810290088,0.9934910576636052
2025-05-13,0.030009134791335608,0.9635852973619035,0.9935944321532391
2025-05-14,0.029777499877969286,0.9637854614376163,0.9935629613155856
2025-05-15,0.029578470539036106,0.9639540354983964,0.9935325060374325
2025-05-16,0.029497944053188455,0.9640178745100603,0.9935158185632488
2025-05-19,0.02934583375092505,0.9641349812898528,0.9934808150407778
2025-05-20,0.02921331872168527,0.9642314193153695,0.9934447380370548
2025-05-21,0.029119160868780365,0.9642910457220925,0.9934102065908729
2025-05-22,0.02928746982380074,0.9642127343730957,0.9935002041968964
2025-05-23,0.02918063109602995,0.9642900714997338,0.9934707025957638
2025-05-27,0.029113143665464396,0.9643351880092811,0.9934483316747454
2025-05-28,0.029301284995796748,0.9642201897545424,0.9935214747503391
2025-05-29,0.02917290107965797,0.9643142485483225,0.9934871496279805
2025-05-30,0.029069996073679945,0.9643798493793229,0.9934498454530029
2025-06-02,0.02911244931604885,0.9643542748759908,0.9934667241920396
2025-06-03,0.029080631060445675,0.9643748556276229,0.9934554866880686
2025-06-04,0.029018715346762695,0.9644103779136308,0.9934290932603935
2025-06-05,0.02905085132758906,0.9643885079907052,0.9934393593182943
2025-06-06,0.02898485716573844,0.9644252730575373,0.9934101302232757
2025-06-09,0.028935085895998816,0.9644432952291677,0.9933783811251665
2025-06-10,0.028897845248492558,0.9644369235605439,0.9933347688090365
2025-06-11,0.028893112420447682,0.9644158038372884,0.9933089162577361
2025-06-12,0.028904444941896486,0.9643997912302268,0.9933042361721233
2025-06-13,0.02890401963312455,0.9643570662161941,0.9932610858493186
2025-06-16,0.02892684227470693,0.9642924780872353,0.9932193203619422
2025-06-17,0.02895621368711273,0.9642343828071598,0.9931905964942725
2025-06-18,0.02896169519822981,0.9642294576696371,0.9931911528678669
2025-06-20,0.02902096295865244,0.9641259209825841,0.9931468839412365
2025-06-23,0.029100278967875957,0.9640039396753898,0.9931042186432657
2025-06-24,0.029188861784392815,0.9638773270145098,0.9930661887989026
2025-06-25,0.02928949332483692,0.9637407319652164,0.9930302252900532
2025-06-26,0.029400391555234967,0.9635953151942511,0.9929957067494861
2025-06-27,0.02956983296670203,0.9633746504757295,0.9929444834424315
2025-06-30,0.029767380418928527,0.9631267578225856,0.9928941382415142
2025-07-01,0.029982905211819556,0.9628630948989517,0.9928460001107713
2025-07-02,0.030252569073941016,0.9625370773833228,0.9927896464572639
2025-07-03,0.03048669587349622,0.962260218700792,0.9927469145742882
2025-07-07,0.030741625750220353,0.9619586226878284,0.9927002484380487
2025-07-08,0.031078218952752527,0.9615705384803219,0.9926487574330745
2025-07-09,0.03143113762936972,0.9611661043570684,0.9925972419864382
2025-07-10,0.03126350599268393,0.9613551747457654,0.9926186807384493
2025-07-11,0.031634295534743936,0.9609354408013907,0.9925697363361347
2025-07-14,0.031341392788943274,0.9612644463958425,0.9926058391847858
2025-07-15,0.03166652822623438,0.9608970222157416,0.992563550441976
2025-07-16,0.03197886838669207,0.960550866826793,0.9925297352134851
2025-07-17,0.032022810183140425,0.9605032039966633,0.9925260141798038
2025-07-18,0.032401253852337934,0.9600874944854054,0.9924887483377434
2025-07-21,0.032764902636317796,0.9596944982282881,0.9924594008646059
2025-07-22,0.03294478886710455,0.9595021685274606,0.9924469573945651
2025-07-23,0.033291039727291624,0.9591345284468344,0.9924255681741261
2025-07-24,0.03287848536252182,0.9595681904033623,0.9924466757658841
2025-07-25,0.03318367690619144,0.959249760046518,0.9924334369527094
2025-07-28,0.03308623790656798,0.959349194210449,0.9924354321170169
2025-07-29,0.03338999648592136,0.9590379368820435,0.9924279333679649
2025-07-30,0.03313505603383375,0.9592985586255464,0.9924336146593801
2025-07-31,0.03343784316184477,0.9589913612721744,0.9924292044340192
2025-08-01,0.033759631381390605,0.9586707593641358,0.9924303907455264
2025-08-04,0.03151341581355115,0.9609188784956555,0.9924322943092067
2025-08-05,0.03145839220993971,0.9609728995148861,0.9924312917248258
2025-08-06,0.03150020091105852,0.9609401148770964,0.992440315788155
2025-08-07,0.03155908362999683,0.9608877095862979,0.9924467932162947
2025-08-08,0.031645375474589385,0.9608084709765213,0.9924538464511107
2025-08-11,0.031752188423292464,0.9607110952587627,0.9924632836820552
2025-08-12,0.03187956404732662,0.9605910115775548,0.9924705756248814
2025-08-13,0.03199683385957138,0.9604841920154282,0.9924810258749996
2025-08-14,0.03205431447899487,0.9604296496095818,0.9924839640885766
2025-08-15,0.03223476676957222,0.9602638191901162,0.9924985859596884
2025-08-18,0.03240238099502443,0.9601126988989874,0.9925150798940119
2025-08-19,0.03262626221654761,0.9599056003588405,0.9925318625753882
2025-08-20,0.03284380876909096,0.9597039671590919,0.9925477759281829
2025-08-21,0.03310580655968612,0.9594651923206903,0.9925709988803764
2025-08-22,0.03330955176087911,0.9592812011962506,0.9925907529571297
2025-08-25,0.0335867874779588,0.9590283534414168,0.9926151409193756
2025-08-26,0.03373872830964213,0.9588978522313091,0.9926365805409512
2025-08-27,0.034057137591463546,0.9586174982895342,0.9926746358809978
2025-08-28,0.034372712372102175,0.9583411647327191,0.9927138771048213
2025-08-29,0.034297624883034235,0.9584067815125421,0.9927044063955763
2025-09-02,0.03460275461419825,0.9581507913232271,0.9927535459374254
2025-09-03,0.034926261748404026,0.9578807227981966,0.9928069845466007
2025-09-04,0.035084011100190035,0.9577487917034622,0.9928328028036522
2025-09-05,0.03505841711060531,0.9577671395034916,0.9928255566140969
2025-09-08,0.03522006424379215,0.9576372339735599,0.992857298217352
2025-09-09,0.035318270727937424,0.9575583159274048,0.9928765866553423
2025-09-10,0.035034397991286444,0.9577788995062743,0.9928132974975608
2025-09-11,0.035236940879923816,0.9576347739957389,0.9928717148756627
2025-09-12,0.03549131606870308,0.9574555012314625,0.9929468173001655
2025-09-15,0.035775473754477816,0.9572549371418725,0.9930304108963504
2025-09-16,0.03609252688288573,0.9570315414736807,0.9931240683565665
2025-09-17,0.03643275696446386,0.9567917225203509,0.9932244794848148
2025-09-18,0.03609467965490403,0.9570359061156904,0.9931305857705944
2025-09-19,0.03638585813674205,0.9568484599648454,0.9932343181015874
2025-09-22,0.03668068469527113,0.9566582226316714,0.9933389073269425
2025-09-23,0.03694744726031401,0.9564869037972022,0.9934343510575162
2025-09-24,0.037217274086000576,0.9563116899620158,0.9935289640480164
2025-09-25,0.037383580108109805,0.9562033721757511,0.993586952283861
2025-09-26,0.03768207808621272,0.9560219260929135,0.9937040041791262
2025-09-29,0.038028272440848616,0.955813017141304,0.9938412895821526
2025-09-30,0.038426896502861296,0.955573510776218,0.9940004072790793
2025-10-01,0.03883954934861128,0.9553307549722824,0.9941703043208936
2025-10-02,0.03930240631502058,0.9550562254069119,0.9943586317219325
2025-10-03,0.03899553732126911,0.9552320160879568,0.994227553409226
2025-10-06,0.03923385877802114,0.9551079241131,0.9943417828911211
2025-10-07,0.0394607593157307,0.9549937840166933,0.994454543332424
2025-10-08,0.039858512417085025,0.9547970707489131,0.9946555831659981
2025-10-09,0.040148553309966466,0.9546502900530827,0.9947988433630491
2025-10-10,0.0404943165790701,0.9544842152722204,0.9949785318512905
2025-10-14,0.039104299039487145,0.9551493688600514,0.9942536678995386
2025-10-15,0.03922425027010105,0.9551177220912869,0.9943419723613879
2025-10-16,0.03912298448293089,0.9551526966806176,0.9942756811635485
2025-10-17,0.03899191556607662,0.9551435098086566,0.9941354253747332
2025-10-20,0.039083682251697525,0.9551744975533123,0.9942581798050099
2025-10-21,0.03922682774710651,0.9551956761759637,0.9944225039230702
2025-10-22,0.03932068189772841,0.955187754299501,0.9945084361972294
2025-10-23,0.03944940345004757,0.9551817515973589,0.9946311550474064
2025-10-24,0.03929949517288116,0.955202132655239,0.9945016278281201
2025-10-27,0.03943930595511619,0.9552291175034846,0.9946684234586007
2025-10-28,0.03958200471315262,0.9552489226380056,0.9948309273511583
2025-10-29,0.039715860557054825,0.955257609336917,0.9949734698939717
2025-10-30,0.03991039038106221,0.9552524030874172,0.9951627934684795
2025-10-31,0.0396890890700149,0.9552940413544525,0.9949831304244674
2025-11-03,0.03983726786702524,0.9553126246605086,0.9951498925275338
2025-11-04,0.039997086799448536,0.9553101202763671,0.9953072070758157
2025-11-05,0.04015982167528838,0.9553085223755123,0.9954683440508008
2025-11-06,0.03971665437604772,0.9553434264737668,0.9950600808498146
2025-11-07,0.039755421226741305,0.9553621840856372,0.9951176053123785
2025-11-10,0.03987273001643252,0.9554244313533554,0.995297161369788
2025-11-12,0.039951687917793875,0.9554706103500729,0.9954222982678668
2025-11-13,0.04002841556939602,0.9554844897733913,0.9955129053427874
2025-11-14,0.03933428215369107,0.9553404645203666,0.9946747466740576
2025-11-17,0.039313667309874664,0.9554491593598484,0.994762826669723
2025-11-18,0.03932087855252018,0.9554796185223167,0.9948004970748369
2025-11-19,0.03930981317847161,0.9556389611637587,0.9949487743422303
2025-11-20,0.039330357116135584,0.9557687730585956,0.9950991301747312
2025-11-21,0.039371294255373265,0.9558281774862977,0.9951994717416709
2025-11-24,0.039425595362101655,0.9559294980812472,0.9953550934433488
2025-11-25,0.039511509013535256,0.9560082809210522,0.9955197899345875
2025-11-26,0.039568831366015876,0.9560497535856574,0.9956185849516732
2025-11-28,0.0396650140593752,0.9561087904248933,0.9957738044842684
2025-12-01,0.03975192923993232,0.9561443741660771,0.9958963034060094
2025-12-02,0.03943889298986434,0.9560811784093098,0.9955200713991742
2025-12-03,0.039491944702519745,0.9561902140071571,0.9956821587096768
2025-12-04,0.039571557389681204,0.9562781041051168,0.995849661494798
2025-12-05,0.03966923439248954,0.9563524742581759,0.9960217086506655
2025-12-08,0.0397122748450683,0.9563757804099745,0.9960880552550428
2025-12-09,0.03981538249642087,0.9564307146847587,0.9962460971811796
2025-12-10,0.03981396540078164,0.9564414873934932,0.9962554527942749
2025-12-11,0.03977275355370797,0.9564073098300474,0.9961800633837554
2025-12-12,0.03982123493654276,0.9564578786717901,0.9962791136083329
2025-12-15,0.039871817516070676,0.9565068324162967,0.9963786499323675
2025-12-16,0.03995593076163579,0.9565711695687403,0.9965271003303762
2025-12-17,0.04004846441868215,0.9566152662386326,0.9966637306573147
2025-12-18,0.04018217721925644,0.9566779172041826,0.996860094423439
2025-12-19,0.04030873607141129,0.9567142889585992,0.9970230250300105
2025-12-22,0.040411534294731426,0.9567415635793136,0.997153097874045
2025-12-23,0.04051521637441205,0.9567722749555412,0.9972874913299532
2025-12-24,0.040611462899407834,0.9568017309694326,0.9974131938688404
2025-12-26,0.04070439130456809,0.9568258610490872,0.9975302523536552
2025-12-29,0.040792344618173854,0.9568472124089227,0.9976395570270965
2025-12-30,0.040858381395964066,0.9568626829032275,0.9977210642991916
2025-12-31,0.04083448580655507,0.9568669140283339,0.9977013998348889
2026-01-02,0.0407378962543621,0.9568328887912382,0.9975707850456003
2026-01-05,0.04080175548864257,0.9568931997031892,0.9976949551918318
2026-01-06,0.04083688211085495,0.9569138250272627,0.9977507071381176
2026-01-07,0.04090542152490871,0.9569791741810572,0.9978845957059659
2026-01-08,0.04073386279526413,0.956828822637451,0.9975626854327151
2026-01-09,0.04057868888861437,0.956535713886591,0.9971144027752054
2026-01-12,0.04055535993980046,0.9567134508129874,0.9972688107527878
2026-01-13,0.040555166321467946,0.9568115377776292,0.9973667040990971
2026-01-14,0.04056307467143893,0.9568903001869885,0.9974533748584274
2026-01-15,0.04057877597253007,0.9570465693223298,0.9976253452948598
2026-01-16,0.040552592437044156,0.9569662757144739,0.997518868151518
2026-01-20,0.04056059223066347,0.9570657743613199,0.9976263665919833
2026-01-21,0.04049151774159916,0.9566948559245808,0.99718637366618
2026-01-22,0.0405049352249192,0.9566439622860484,0.9971488975109676
2026-01-23,0.04046818809955025,0.9567583469949061,0.9972265350944564
2026-01-26,0.04041121115650759,0.9569579963965724,0.99736920755308
2026-01-27,0.04037454588349264,0.957144072076337,0.9975186179598297
2026-01-28,0.040369684704529604,0.9573044142204817,0.9976740989250114
2026-01-29,0.040374957511709296,0.9573244508040671,0.9976994083157764
2026-01-30,0.04038066914039458,0.9574499731387343,0.9978306422791289
2026-02-02,0.04040601387007847,0.9575878466166124,0.9979938604866909
2026-02-03,0.040403533149920644,0.9575841088670497,0.9979876420169703
2026-02-04,0.04043302096683946,0.9577111211412113,0.9981441421080507
2026-02-05,0.04047796141465303,0.9578145079936927,0.9982924694083457
2026-02-06,0.04033059773020159,0.9575706484721459,0.9979012462023475
2026-02-09,0.040326766057841065,0.9576956657565407,0.9980224318143818
2026-02-10,0.040319018813379036,0.9576488420272314,0.9979678608406105
2026-02-11,0.04031557052907715,0.9577634875073444,0.9980790580364216
2026-02-12,0.040319512012049696,0.957854637940756,0.9981741499528056
2026-02-13,0.04032297939997014,0.9578610390606955,0.9981840184606656
2026-02-17,0.040313424053540305,0.9577732605554065,0.9980866846089468
2026-02-18,0.040303022135304005,0.9579017742154539,0.9982047963507579
2026-02-19,0.04031233761576726,0.9580436535356965,0.9983559911514638
2026-02-20,0.04033424122849071,0.9581816992323763,0.998515940460867
2026-02-23,0.04037469418171614,0.9582976428314588,0.9986723370131749
2026-02-24,0.040351482986300855,0.9582432248433751,0.998594707829676
2026-02-25,0.04018772805231051,0.9578450924066171,0.9980328204589276
2026-02-26,0.04022575687173243,0.9577236025084165,0.997949359380149
2026-02-27,0.04031694073020547,0.957487607125772,0.9978045478559774
2026-03-02,0.04075724740129072,0.9565745236534449,0.9973317710547356
2026-03-03,0.040570713272624896,0.9568403071130638,0.9974110203856886
2026-03-04,0.04046607489180316,0.957001485682595,0.9974675605743982
2026-03-05,0.040574601343584545,0.9568284695885474,0.997403070932132
2026-03-06,0.04047760880252603,0.9569761048753165,0.9974537136778425
2026-03-09,0.040328274614293065,0.9572082938202913,0.9975365684345844
2026-03-10,0.04024012820049303,0.9573570801051513,0.9975972083056444
2026-03-11,0.04086309808846488,0.9561891839200708,0.9970522820085357
2026-03-12,0.0413438872304327,0.9555888360842971,0.9969327233147298
2026-03-13,0.04130497192090133,0.9556377860634142,0.9969427579843155
2026-03-16,0.041372088150351136,0.9555549761229534,0.9969270642733045
2026-03-17,0.04135467675531592,0.9555719897657847,0.9969266665211006
2026-03-18,0.0411280572551525,0.95583990675368,0.9969679640088325
2026-03-19,0.041656703832644845,0.9552061668532756,0.9968628706859205
2026-03-20,0.04192962477519992,0.9548943868489179,0.9968240116241178
2026-03-23,0.044001253998301994,0.9526398068724865,0.9966410608707885
2026-03-24,0.04361769274806095,0.9530237279403785,0.9966414206884394
2026-03-25,0.0432401310989951,0.9534008438901342,0.9966409749891293
2026-03-26,0.0440028150668018,0.9526300758225396,0.9966328908893414
2026-03-27,0.0439704845678792,0.9526605708076898,0.9966310553755691
2026-03-30,0.04360998050428989,0.9530128571660834,0.9966228376703733
2026-03-31,0.043689699705356314,0.9529335370056214,0.9966232367109777
2026-04-01,0.04341355223553825,0.9532018685228313,0.9966154207583695
2026-04-02,0.04336267881704007,0.9532554441861424,0.9966181230031824
2026-04-03,0.0432835451912038,0.9533289264400093,0.9966124716312131
2026-04-06,0.04303773643257917,0.953568836314833,0.9966065727474122
2026-04-07,0.042831550735711155,0.9537722274441862,0.9966037781798973
2026-04-08,0.04290745045685968,0.9537004145549964,0.9966078650118562
2026-04-09,0.042744728175801196,0.9538601947283951,0.9966049229041963
2026-04-10,0.04257507762249005,0.9540269067185922,0.9966019843410823
2026-04-13,0.04246481306917099,0.9541379364202147,0.9966027494893857
2026-04-14,0.042400858506438655,0.9542009276671107,0.9966017861735494
2026-04-15,0.04232009290557841,0.9542826946379255,0.9966027875435038
2026-04-16,0.0422443016283893,0.9543644251106933,0.9966087267390826
2026-04-17,0.04220570102611199,0.954410798086148,0.99661649911226
2026-04-20,0.04220279802138886,0.9544136762777048,0.9966164742990936
2026-04-21,0.042195302458139364,0.9544304024889927,0.9966257049471321
2026-04-22,0.04220506019358303,0.9544293168769256,0.9966343770705086
2026-04-23,0.04222851705828213,0.9544130143859488,0.996641531444231
2026-04-24,0.04226193552750541,0.9543924234814521,0.9966543590089576
2026-04-27,0.042218019644766215,0.954419767507882,0.9966377871526483
2026-04-28,0.04219460621216658,0.9544387879782562,0.9966333941904227
2026-04-29,0.042198686211612324,0.9544400072102012,0.9966386934218134
2026-04-30,0.042189139857898794,0.9544480172988921,0.9966371571567909
2026-05-01,0.042186066492061434,0.9544649135719917,0.9966509800640532
2026-05-04,0.04220744921930959,0.9544609080634421,0.9966683572827517
2026-05-05,0.042255084956351795,0.9544331584875708,0.9966882434439226
2026-05-06,0.042334958683681985,0.9543736671427293,0.9967086258264113
2026-05-07,0.04241116224060475,0.9543118931354992,0.996723055376104
2026-05-08,0.04234179156718235,0.9543728564183389,0.9967146479855212
2026-05-11,0.04241864514459337,0.9543153035292873,0.9967339486738807
2026-05-12,0.04238110841606609,0.9543498211786238,0.9967309295946899
2026-05-13,0.0423723303414833,0.954358245769363,0.9967305761108463
2026-05-14,0.042445786978796494,0.9543142828201339,0.9967600697989304
2026-05-15,0.042500168886789896,0.9542791100891757,0.9967792789759655
2026-05-18,0.042591588034923716,0.9542188235794448,0.9968104116143685
2026-05-19,0.04257310829029674,0.9542334823003328,0.9968065905906295
2026-05-20,0.04267492314851802,0.954164253890393,0.9968391770389111
2026-05-21,0.042774596967936576,0.9540940199072392,0.9968686168751758
2026-05-22,0.042888360079827645,0.9540101051939816,0.9968984652738092
2026-05-26,0.042968948105850883,0.9539538446876271,0.996922792793478
2026-05-27,0.04295155730168807,0.9539608504180502,0.9969124077197383
2026-05-28,0.043103306896585925,0.9538571358004307,0.9969604426970167
2026-05-29,0.043208258172607386,0.9537805906734795,0.996988848846087
2026-06-01,0.043382286940957256,0.9536578087384885,0.9970400956794457
2026-06-02,0.04359962568245199,0.953504919603764,0.9971045452862161
2026-06-03,0.04383580824469643,0.9533333500852419,0.9971691583299384
2026-06-04,0.04410100718875564,0.9531384402676346,0.9972394474563903
2026-06-05,0.04431310400890674,0.9529790435336769,0.9972921475425837
2026-06-08,0.043001965637883235,0.9539442800407048,0.996946245678588
2026-06-09,0.043092758505682026,0.9539115780706118,0.9970043365762938
2026-06-10,0.04321174157146853,0.9538493728891765,0.997061114460645
2026-06-11,0.04335269811988322,0.9537737113667468,0.99712640948663
2026-06-12,0.04273269459686769,0.9541282758089605,0.9968609704058282
2026-06-15,0.042729687784357054,0.9541271706030998,0.9968568583874569
2026-06-16,0.04274310917859008,0.9541684300440461,0.9969115392226361
2026-06-17,0.04277484303837777,0.9541794763899318,0.9969543194283096
2026-06-18,0.04268489263774531,0.9541844976641841,0.9968693903019294
2026-06-22,0.04267963493413026,0.9541305202441703,0.9968101551783006
2026-06-23,0.04264674813614559,0.9542028480993509,0.9968495962354964
2026-06-24,0.04265962103229557,0.9541539415796583,0.9968135626119539
2026-06-25,0.04297524418625762,0.9534809554524366,0.9964561996386943
2026-06-26,0.042800719132883414,0.9536745520665164,0.9964752711993998
2026-06-29,0.04262479523613424,0.9538706160044598,0.996495411240594
2026-06-30,0.04245524362882231,0.9540660378187873,0.9965212814476097
2026-07-01,0.04269647121193442,0.9537823396178499,0.9964788108297843
2026-07-02,0.042557598009307696,0.9539364027956384,0.9964940008049461
2026-07-06,0.0425982039889648,0.9538928330263696,0.9964910370153344
2026-07-07,0.04263150636779153,0.953852321049164,0.9964838274169555
2026-07-08,0.04286069063171125,0.9536014456165877,0.9964621362482989
2026-07-09,0.04265103466676639,0.9538269708846447,0.9964780055514111
2026-07-10,0.042476605618706614,0.9540190464844794,0.996495652103186
2026-07-13,0.04252440000714338,0.953968138680083,0.9964925386872264
2026-07-14,0.04245606192901611,0.9540465505146489,0.996502612443665
2026-07-15,0.04232630280321978,0.9541949630802153,0.9965212658834351
2026-07-16,0.042244789059216505,0.9542921058956534,0.9965368949548699
2026-07-17,0.0421906521842785,0.9543612411778374,0.9965518933621159
2026-07-20,0.042131806543285175,0.9544444437849198,0.996576250328205
2026-07-21,0.042155554526080816,0.9544012130034214,0.9965567675295022
2026-07-22,0.04212865121063081,0.954441636310558,0.9965702875211888
2026-07-23,0.04209133071301882,0.9545016862433944,0.9965930169564132
2026-07-24,0.042087718307608706,0.9545109295458092,0.9965986478534179
2026-07-27,0.04207696751005525,0.9545461696762794,0.9966231371863347
2026-07-28,0.042085978439542135,0.954558576362354,0.9966445548018961
2026-07-29,0.042083949233012945,0.9545554193270984,0.9966393685601114
2026-07-30,0.04204592455329091,0.9545444105568611,0.996590335110152
2026-07-31,0.042033790182085154,0.9545648499726058,0.996598640154691
2026-08-03,0.04201001280050323,0.954602818414226,0.9966128312147292
2026-08-04,0.04201158570842974,0.9546034215954351,0.9966150073038649
2026-08-05,0.04201396299172843,0.9545973064884982,0.9966112694802266
2026-08-06,0.04198384875127876,0.9546509778320308,0.9966348265833096
2026-08-07,0.041983573179134336,0.9546585854151827,0.996642158594317
2026-08-10,0.04197724507568089,0.9546879405935791,0.99666518566926
2026-08-11,0.04197979317269243,0.9546844445571558,0.9966642377298482
2026-08-12,0.0419829025100706,0.9547117342050057,0.9966946367150763
2026-08-13,0.04201992943683657,0.9547063897440389,0.9967263191808754
2026-08-14,0.04199255791625995,0.9547178068699591,0.9967103647862191
2026-08-17,0.04201512400286358,0.9547062068696718,0.9967213308725353
2026-08-18,0.042039878250557876,0.9547114031304049,0.9967512813809628
2026-08-19,0.0420924069937601,0.954691924452626,0.996784331446386
2026-08-20,0.042171570860226285,0.9546481826291487,0.996819753489375
2026-08-21,0.04203851045795979,0.9547319841674946,0.9967704946254544
2026-08-24,0.04206330839553531,0.9547232462681978,0.9967865546637331
2026-08-25,0.042094724964053525,0.9547128365590336,0.9968075615230871
2026-08-26,0.042022311037712916,0.9547317128259525,0.9967540238636654
2026-08-27,0.04203431143584284,0.9547546336786884,0.9967889451145312
2026-08-28,0.04206077376712639,0.9547595222085774,0.9968202959757038
