model,caliber,conf,n_pass_uc_core,n_core_scopes,pass_core,under_coverage,prudent,rate_base_pct,nominal_pct,rate_over_nominal,cal_dev,cap_idx_vs_M1,mean_var_base_pct,T_base,es_base_pct,rate_full_pct,rate_highvol_pct,rate_calm_pct,T_highvol,stab_scope_pp,gap_regime_pp,signed_gap_pp,gap_evaluable,n_ind_suspect,verdict
M1,主,95,2,5,False,False,True,2.8461,5.0,0.5692,0.4308,1.0,0.3956,773,0.5071,2.8348,3.01,2.7624,299,0.1954,0.2476,0.2476,True,0,淘汰
M1g,主,95,0,5,False,False,True,3.2342,5.0,0.6468,0.3532,0.9814,0.3882,773,0.5177,2.9326,2.0067,3.3149,299,0.5196,1.3082,-1.3082,True,1,淘汰
M1e,主,95,5,5,True,False,True,4.6572,5.0,0.9314,0.0686,0.8996,0.3559,773,0.4492,4.3988,3.01,4.9724,299,0.7848,1.9623,-1.9623,True,0,淘汰
HS250,主,95,5,5,True,False,True,4.9159,5.0,0.9832,0.0168,0.896,0.3544,773,0.4473,4.3011,3.6789,4.558,299,0.6325,0.8791,-0.8791,True,0,推荐
HS500,主,95,1,5,False,False,True,2.5873,5.0,0.5175,0.4825,1.0384,0.4108,773,0.5239,2.5873,2.2727,2.6277,88,0.2118,0.355,-0.355,False,1,淘汰
HS750,主,95,0,4,False,False,True,1.7208,5.0,0.3442,0.6558,1.0697,0.4232,523,0.5577,1.7208,,1.7544,0,0.0168,,,False,0,淘汰
FHS-E,主,95,5,5,True,False,False,5.6921,5.0,1.1384,0.1384,0.8114,0.321,773,0.4253,5.6921,4.5455,5.8394,88,0.5376,1.294,-1.294,False,0,淘汰
FHS-G,主,95,5,5,True,False,True,5.4334,5.0,1.0867,0.0867,0.8269,0.3271,773,0.4346,5.4334,3.4091,5.6934,88,0.9528,2.2843,-2.2843,False,1,淘汰
M1,主,99,5,5,True,False,True,0.9056,1.0,0.9056,0.0944,1.0,0.5595,773,0.6804,0.782,0.3344,0.9669,299,0.2645,0.6324,-0.6324,True,0,淘汰
M1g,主,99,5,5,True,False,True,0.9056,1.0,0.9056,0.0944,0.9814,0.5491,773,0.6271,0.8798,0.6689,0.9669,299,0.1209,0.298,-0.298,True,0,淘汰
M1e,主,99,5,5,True,False,False,1.5524,1.0,1.5524,0.5524,0.8996,0.5033,773,0.5706,1.4663,1.0033,1.6575,299,0.2546,0.6541,-0.6541,True,0,淘汰
HS250,主,99,5,5,True,False,True,1.0349,1.0,1.0349,0.0349,0.9583,0.5361,773,0.6659,0.8798,0.3344,1.105,299,0.3068,0.7705,-0.7705,True,0,推荐
HS500,主,99,5,5,True,False,True,0.5175,1.0,0.5175,0.4825,1.0717,0.5996,773,0.7937,0.5175,0.0,0.5839,88,0.2471,0.5839,-0.5839,False,0,淘汰
HS750,主,99,0,4,False,False,True,0.1912,1.0,0.1912,0.8088,1.1047,0.618,523,1.1491,0.1912,,0.1949,0,0.0019,,,False,0,淘汰
FHS-E,主,99,5,5,True,False,False,1.423,1.0,1.423,0.423,0.9248,0.5174,773,0.5821,1.423,0.0,1.6058,88,0.6547,1.6058,-1.6058,False,0,淘汰
FHS-G,主,99,5,5,True,False,False,1.423,1.0,1.423,0.423,0.8899,0.4979,773,0.5821,1.423,0.0,1.6058,88,0.6547,1.6058,-1.6058,False,0,淘汰
M1,次,95,5,5,True,False,True,3.9062,5.0,0.7812,0.2188,1.0,0.4702,768,0.5689,4.0275,3.3445,4.3115,299,0.4815,0.9671,-0.9671,True,0,推荐
M1g,次,95,5,5,True,False,True,3.9062,5.0,0.7812,0.2188,0.9717,0.4569,768,0.5571,3.9293,3.01,4.3115,299,0.6089,1.3015,-1.3015,True,0,推荐
M1e,次,95,5,5,True,False,True,5.2083,5.0,1.0417,0.0417,0.8697,0.4089,768,0.5111,5.1081,4.3478,5.4242,299,0.5915,1.0764,-1.0764,True,0,淘汰
HS250,次,95,5,5,True,False,True,4.2969,5.0,0.8594,0.1406,0.9473,0.4454,768,0.5554,4.3222,3.3445,4.7288,299,0.6887,1.3843,-1.3843,True,1,推荐
HS500,次,95,2,5,False,False,True,3.125,5.0,0.625,0.375,1.0756,0.5057,768,0.596,3.125,0.0,3.5294,88,1.5559,3.5294,-3.5294,False,6,淘汰
HS750,次,95,0,4,False,False,True,1.9305,5.0,0.3861,0.6139,1.1008,0.5176,518,0.6656,1.9305,,1.9685,0,0.019,,,False,0,淘汰
FHS-E,次,95,5,5,True,False,True,5.3385,5.0,1.0677,0.0677,0.841,0.3954,768,0.5116,5.3385,4.5455,5.4412,88,0.3762,0.8957,-0.8957,False,0,淘汰
FHS-G,次,95,5,5,True,False,False,5.599,5.0,1.1198,0.1198,0.8331,0.3917,768,0.5132,5.599,4.5455,5.7353,88,0.5524,1.1898,-1.1898,False,0,淘汰
M1,次,99,5,5,True,False,True,0.9115,1.0,0.9115,0.0885,1.0,0.6649,768,0.7024,1.3752,2.0067,1.1127,299,0.4125,0.894,0.894,True,0,推荐
M1g,次,99,5,5,True,False,True,0.651,1.0,0.651,0.349,0.9717,0.6461,768,0.745,0.7859,0.6689,0.8345,299,0.1041,0.1656,-0.1656,True,0,推荐
M1e,次,99,5,5,True,False,False,1.3021,1.0,1.3021,0.3021,0.8697,0.5783,768,0.6033,1.4735,1.3378,1.5299,299,0.0976,0.1921,-0.1921,True,0,淘汰
HS250,次,99,5,5,True,False,True,0.9115,1.0,0.9115,0.0885,1.0919,0.726,768,0.7024,1.277,2.0067,0.9736,299,0.4359,1.0331,1.0331,True,0,推荐
HS500,次,99,5,5,True,False,True,0.5208,1.0,0.5208,0.4792,1.2733,0.8466,768,0.7212,0.5208,0.0,0.5882,88,0.2876,0.5882,-0.5882,False,0,淘汰
HS750,次,99,0,4,False,False,True,0.193,1.0,0.193,0.807,1.2893,0.8573,518,0.7011,0.193,,0.1968,0,0.0019,,,False,0,淘汰
FHS-E,次,99,5,5,True,False,False,1.3021,1.0,1.3021,0.3021,0.933,0.6204,768,0.6033,1.3021,0.0,1.4706,88,0.6106,1.4706,-1.4706,False,0,淘汰
FHS-G,次,99,5,5,True,False,False,1.4323,1.0,1.4323,0.4323,0.9254,0.6153,768,0.622,1.4323,0.0,1.6176,88,0.7074,1.6176,-1.6176,False,0,淘汰
