date,rv60_ann_%,chronic_high,crisis_window,regime
2021-08-03,,False,False,平稳
2021-08-04,0.21439696826214694,False,False,平稳
2021-08-05,1.9777014233700698,False,False,平稳
2021-08-06,2.95394674122605,False,False,平稳
2021-08-09,2.560520474434836,False,False,平稳
2021-08-10,2.309436749512747,False,False,平稳
2021-08-11,2.53710740805351,False,False,平稳
2021-08-12,2.3710033825366,False,False,平稳
2021-08-13,2.9467019089144397,False,False,平稳
2021-08-16,2.8583491123374,False,False,平稳
2021-08-17,2.7117284188234168,False,False,平稳
2021-08-18,2.6486859491590784,False,False,平稳
2021-08-19,2.6784571712949865,False,False,平稳
2021-08-20,2.589055499004044,False,False,平稳
2021-08-23,2.4985259190170512,False,False,平稳
2021-08-24,2.5214518630146405,False,False,平稳
2021-08-25,2.5502681739608577,False,False,平稳
2021-08-26,2.5117008177024314,False,False,平稳
2021-08-27,2.5068041991012344,False,False,平稳
2021-08-30,2.4960134993941634,False,False,平稳
2021-08-31,2.4606817616262373,False,False,平稳
2021-09-01,2.4020991138434056,False,False,平稳
2021-09-02,2.356437250002975,False,False,平稳
2021-09-03,2.3449513547842202,False,False,平稳
2021-09-07,2.331348546914425,False,False,平稳
2021-09-08,2.312079112460671,False,False,平稳
2021-09-09,2.341119776341973,False,False,平稳
2021-09-10,2.3940509288651324,False,False,平稳
2021-09-13,2.366573615719717,False,False,平稳
2021-09-14,2.405389158592818,False,False,平稳
2021-09-15,2.4864278300534925,False,False,平稳
2021-09-16,2.4899372365535255,False,False,平稳
2021-09-17,2.508834863356078,False,False,平稳
2021-09-20,2.4723998679756023,False,False,平稳
2021-09-21,2.447586187342662,False,False,平稳
2021-09-22,2.412535433107667,False,False,平稳
2021-09-23,2.565801916160516,False,False,平稳
2021-09-24,2.557954329688829,False,False,平稳
2021-09-27,2.526619252664561,False,False,平稳
2021-09-28,2.593523081180383,False,False,平稳
2021-09-29,2.5668033421111898,False,False,平稳
2021-09-30,2.5459480346468095,False,False,平稳
2021-10-01,2.5155966340246763,False,False,平稳
2021-10-04,2.8330437429543167,False,False,平稳
2021-10-05,2.929989899517186,False,False,平稳
2021-10-06,2.8996907531666207,False,False,平稳
2021-10-07,2.9071678788629827,False,False,平稳
2021-10-08,2.8947116401697155,False,False,平稳
2021-10-12,2.885900053956924,False,False,平稳
2021-10-13,2.85795520558718,False,False,平稳
2021-10-14,2.830804445798569,False,False,平稳
2021-10-15,2.909123987494412,False,False,平稳
2021-10-18,2.8924079896677375,False,False,平稳
2021-10-19,2.8714503229171724,False,False,平稳
2021-10-20,2.845431945438375,False,False,平稳
2021-10-21,2.831374238454151,False,False,平稳
2021-10-22,2.862791050337894,False,False,平稳
2021-10-25,2.8458619529238978,False,False,平稳
2021-10-26,2.8315415351321023,False,False,平稳
2021-10-27,2.886931441220087,False,False,平稳
2021-10-28,2.902641272224376,False,False,平稳
2021-10-29,2.9138738087911986,False,False,平稳
2021-11-01,2.9143632779850557,False,False,平稳
2021-11-02,2.8457820935910383,False,False,平稳
2021-11-03,2.855793526310202,False,False,平稳
2021-11-04,2.9210424888025566,False,False,平稳
2021-11-05,2.9249884285386067,False,False,平稳
2021-11-08,3.013510372154831,False,False,平稳
2021-11-09,2.9334459511708544,False,False,平稳
2021-11-10,3.013823745794015,False,False,平稳
2021-11-12,3.0378140479293023,False,False,平稳
2021-11-15,3.025043027630674,False,False,平稳
2021-11-16,2.980050922349585,False,False,平稳
2021-11-17,3.077966665379345,False,False,平稳
2021-11-18,3.1001850763779597,False,False,平稳
2021-11-19,3.1064269500614046,False,False,平稳
2021-11-22,3.148677885140505,False,False,平稳
2021-11-23,3.1649097864402216,False,False,平稳
2021-11-24,3.1830417804730886,False,False,平稳
2021-11-26,3.3219200567733753,False,False,平稳
2021-11-29,3.3430118730605387,False,False,平稳
2021-11-30,3.3744974209603122,False,False,平稳
2021-12-01,3.3692279699044474,False,False,平稳
2021-12-02,3.377115397510381,False,False,平稳
2021-12-03,3.4707224339306983,False,False,平稳
2021-12-06,3.4944647439406324,False,False,平稳
2021-12-07,3.4617924176670316,False,False,平稳
2021-12-08,3.4474139527074548,False,False,平稳
2021-12-09,3.460712667978243,False,False,平稳
2021-12-10,3.4214100556171236,False,False,平稳
2021-12-13,3.459265305185628,False,False,平稳
2021-12-14,3.4576145847110813,False,False,平稳
2021-12-15,3.4547364582408173,False,False,平稳
2021-12-16,3.4736867259147894,False,False,平稳
2021-12-17,3.4822364617769446,False,False,平稳
2021-12-20,3.4862353176651157,False,False,平稳
2021-12-21,3.4191417286421997,False,False,平稳
2021-12-22,3.411491335258287,False,False,平稳
2021-12-23,3.430363163479332,False,False,平稳
2021-12-27,3.384122526406042,False,False,平稳
2021-12-28,3.384646480380564,False,False,平稳
2021-12-29,3.402872110333877,False,False,平稳
2021-12-30,3.4436783772932813,False,False,平稳
2021-12-31,3.2350045457228425,False,False,平稳
2022-01-03,3.3059799460002672,False,False,平稳
2022-01-04,3.6162940809431423,False,False,平稳
2022-01-05,3.6168767141774847,False,False,平稳
2022-01-06,3.6605431472086583,False,False,平稳
2022-01-07,3.654427823288773,False,False,平稳
2022-01-10,3.6548425456636595,False,False,平稳
2022-01-11,3.662499841198585,False,False,平稳
2022-01-12,3.602846846644037,False,False,平稳
2022-01-13,3.5984866531004913,False,False,平稳
2022-01-14,3.7886288475169074,False,False,平稳
2022-01-18,3.9797524386638483,False,False,平稳
2022-01-19,4.033426631348905,False,False,平稳
2022-01-20,4.014002909540128,False,False,平稳
2022-01-21,4.075282237845827,False,False,平稳
2022-01-24,4.075032177475121,False,False,平稳
2022-01-25,4.015197286007167,False,False,平稳
2022-01-26,4.067458733515001,False,False,平稳
2022-01-27,4.071972979127656,False,False,平稳
2022-01-28,4.0693876559927,False,False,平稳
2022-01-31,4.066810021905521,False,False,平稳
2022-02-01,4.061637262888961,False,False,平稳
2022-02-02,4.006591641173161,False,False,平稳
2022-02-03,3.9837402689100596,False,False,平稳
2022-02-04,4.155321035544748,False,False,平稳
2022-02-07,4.1486835873931245,False,False,平稳
2022-02-08,4.112962699481,False,False,平稳
2022-02-09,4.109821563032402,False,False,平稳
2022-02-10,4.268151336216589,False,False,平稳
2022-02-11,4.473244923349402,False,False,平稳
2022-02-14,4.5350487272287365,False,False,平稳
2022-02-15,4.5165821031777735,False,False,平稳
2022-02-16,4.527492261225593,False,False,平稳
2022-02-17,4.5386461660062665,False,False,平稳
2022-02-18,4.539516408187483,False,False,平稳
2022-02-22,4.5079435354133,False,False,平稳
2022-02-23,4.4042142995590785,False,False,平稳
2022-02-24,4.408856213577393,False,False,平稳
2022-02-25,4.3751413521572,False,False,平稳
2022-02-28,4.464924654873238,False,False,平稳
2022-03-01,4.5724562305955265,False,False,平稳
2022-03-02,4.886679902867051,True,False,高波动
2022-03-03,4.910588841821692,True,False,高波动
2022-03-04,4.973044701592162,True,False,高波动
2022-03-07,5.0613473002012235,True,False,高波动
2022-03-08,5.147697594501901,True,False,高波动
2022-03-09,5.208595575841721,True,False,高波动
2022-03-10,5.144393970464929,True,False,高波动
2022-03-11,5.159644355156167,True,False,高波动
2022-03-14,5.493987219805831,True,False,高波动
2022-03-15,5.503934688701485,True,False,高波动
2022-03-16,5.537991535039528,True,False,高波动
2022-03-17,5.784479466421987,True,False,高波动
2022-03-18,5.826461977852075,True,False,高波动
2022-03-21,5.9058837818063585,True,False,高波动
2022-03-22,5.922781913700201,True,False,高波动
2022-03-23,6.161510574897706,True,False,高波动
2022-03-24,6.174135857550553,True,False,高波动
2022-03-25,6.250339030194512,True,False,高波动
2022-03-28,6.252893537736843,True,False,高波动
2022-03-29,6.392054541768956,True,False,高波动
2022-03-30,6.484383528110217,True,False,高波动
2022-03-31,6.363912643841104,True,False,高波动
2022-04-01,6.632877730346671,True,False,高波动
2022-04-04,6.620575425152679,True,False,高波动
2022-04-05,6.622600765166178,True,False,高波动
2022-04-06,6.686126066433183,True,False,高波动
2022-04-07,6.672357456869144,True,False,高波动
2022-04-08,6.694290556026715,True,False,高波动
2022-04-11,6.7101513153541585,True,False,高波动
2022-04-12,6.643054217992385,True,False,高波动
2022-04-13,6.56645870668325,True,False,高波动
2022-04-14,6.564808876547223,True,False,高波动
2022-04-18,6.545564032562272,True,False,高波动
2022-04-19,6.518184160927236,True,False,高波动
2022-04-20,6.570911367080969,True,False,高波动
2022-04-21,6.581301265794822,True,False,高波动
2022-04-22,6.558825901999972,True,False,高波动
2022-04-25,6.53838356616306,True,False,高波动
2022-04-26,6.617063536038178,True,False,高波动
2022-04-27,6.636396116207977,True,False,高波动
2022-04-28,6.633868615610836,True,False,高波动
2022-04-29,6.638617016900789,True,False,高波动
2022-05-02,6.638617016900789,True,False,高波动
2022-05-03,6.573313056713435,True,False,高波动
2022-05-04,6.678406903923485,True,False,高波动
2022-05-05,6.709851582523381,True,False,高波动
2022-05-06,6.715848238874463,True,False,高波动
2022-05-09,6.641826424117217,True,False,高波动
2022-05-10,6.497351000658862,True,False,高波动
2022-05-11,6.493735028004469,True,False,高波动
2022-05-12,6.490585597732421,True,False,高波动
2022-05-13,6.466506205391972,True,False,高波动
2022-05-16,6.466461546013229,True,False,高波动
2022-05-17,6.471897441426199,True,False,高波动
2022-05-18,6.580399034997544,True,False,高波动
2022-05-19,6.56555036789422,True,False,高波动
2022-05-20,6.623941913871149,True,False,高波动
2022-05-23,6.62444989319804,True,False,高波动
2022-05-24,6.673883544985925,True,False,高波动
2022-05-25,6.615188549317166,True,False,高波动
2022-05-26,6.353410307938324,True,False,高波动
2022-05-27,6.342670881341467,True,False,高波动
2022-05-31,6.294296300566255,True,False,高波动
2022-06-01,6.249401681517131,True,False,高波动
2022-06-02,6.1602127211537425,True,False,高波动
2022-06-03,6.093223858558658,True,False,高波动
2022-06-06,6.1254677863402005,True,True,高波动
2022-06-07,6.144250974192412,True,True,高波动
2022-06-08,5.804328843231824,True,True,高波动
2022-06-09,5.7379407725851355,True,True,高波动
2022-06-10,5.85890045331872,True,True,高波动
2022-06-13,6.2256235899625585,True,True,高波动
2022-06-14,6.276814732481619,True,True,高波动
2022-06-15,6.503549047136376,True,True,高波动
2022-06-16,6.523560254111013,True,True,高波动
2022-06-17,6.325063659086091,True,True,高波动
2022-06-21,6.295445871701656,True,True,高波动
2022-06-22,6.329111943553684,True,True,高波动
2022-06-23,6.313711303727274,True,False,高波动
2022-06-24,6.196238551914966,True,False,高波动
2022-06-27,6.063418750875992,True,False,高波动
2022-06-28,6.05958129404323,True,False,高波动
2022-06-29,5.768440842376733,True,False,高波动
2022-06-30,5.784755743509641,True,False,高波动
2022-07-01,5.784755743509641,True,False,高波动
2022-07-05,5.801059493014317,True,False,高波动
2022-07-06,6.341961748397383,True,False,高波动
2022-07-07,6.338537722786418,True,False,高波动
2022-07-08,6.310280886576407,True,False,高波动
2022-07-11,6.353173910520789,True,False,高波动
2022-07-12,6.345898192410642,True,False,高波动
2022-07-13,6.290451695971913,True,False,高波动
2022-07-14,6.31184108883548,True,False,高波动
2022-07-15,6.258380845196736,True,False,高波动
2022-07-18,6.223764932720604,True,False,高波动
2022-07-19,6.2256646067763555,True,False,高波动
2022-07-20,6.224160884894514,True,False,高波动
2022-07-21,6.391129227572028,True,False,高波动
2022-07-22,6.512602050291237,True,False,高波动
2022-07-25,6.476258182843505,True,False,高波动
2022-07-26,6.479855227918266,True,False,高波动
2022-07-27,6.461273516384014,True,False,高波动
2022-07-28,6.5547360597522895,True,False,高波动
2022-07-29,6.4956714054822715,True,False,高波动
2022-08-01,6.470987409588344,True,False,高波动
2022-08-02,6.546033707691804,True,False,高波动
2022-08-03,6.506623295720046,True,False,高波动
2022-08-04,6.51754622029602,True,False,高波动
2022-08-05,6.6772541932433915,True,False,高波动
2022-08-08,6.6564140990094325,True,False,高波动
2022-08-09,6.656121479966229,True,False,高波动
2022-08-10,6.642503239949965,True,False,高波动
2022-08-11,6.625953563405558,True,False,高波动
2022-08-12,6.597916339477623,True,False,高波动
2022-08-15,6.540504915418243,True,False,高波动
2022-08-16,6.542418397265753,True,False,高波动
2022-08-17,6.566827505225781,True,False,高波动
2022-08-18,6.552856756022459,True,False,高波动
2022-08-19,6.493732786920959,True,False,高波动
2022-08-22,6.524437710220123,True,False,高波动
2022-08-23,6.510029010542253,True,False,高波动
2022-08-24,6.496452172821929,True,False,高波动
2022-08-25,6.558258643720318,True,False,高波动
2022-08-26,6.534920815514975,True,False,高波动
2022-08-29,6.61518695372081,True,False,高波动
2022-08-30,6.623263505574215,True,False,高波动
2022-08-31,6.595681432766627,True,False,高波动
2022-09-01,6.628651960240488,True,False,高波动
2022-09-02,6.641883518400489,True,False,高波动
2022-09-06,6.719442151157031,True,False,高波动
2022-09-07,6.620629284300373,True,False,高波动
2022-09-08,6.0318163139966945,True,False,高波动
2022-09-09,5.904696265372601,True,False,高波动
2022-09-12,5.611543807276488,True,False,高波动
2022-09-13,5.607170838507013,True,False,高波动
2022-09-14,5.612926312328282,True,False,高波动
2022-09-15,5.607967036775392,True,False,高波动
2022-09-16,5.481235606079707,True,False,高波动
2022-09-19,5.468226384549017,True,False,高波动
2022-09-20,5.475395479350161,True,False,高波动
2022-09-21,5.47629541315747,True,False,高波动
2022-09-22,5.648024368840577,True,False,高波动
2022-09-23,5.633122308170985,True,False,高波动
2022-09-26,5.882257977111186,True,False,高波动
2022-09-27,5.930888708676965,True,False,高波动
2022-09-28,5.962841915432668,True,False,高波动
2022-09-29,5.428962107728566,True,False,高波动
2022-09-30,5.398134262593244,True,False,高波动
2022-10-03,5.5018638365218715,True,False,高波动
2022-10-04,5.450734522979453,True,False,高波动
2022-10-05,5.453089510807741,True,False,高波动
2022-10-06,5.802620444171641,True,False,高波动
2022-10-07,5.7964569789759235,True,False,高波动
2022-10-11,5.870447911025856,True,False,高波动
2022-10-12,5.871622963510784,True,False,高波动
2022-10-13,5.9020272607880075,True,False,高波动
2022-10-14,5.920050332444651,True,False,高波动
2022-10-17,5.721102822998559,True,False,高波动
2022-10-18,5.481300127116328,True,False,高波动
2022-10-19,5.545148598210631,True,False,高波动
2022-10-20,5.600684443172999,True,False,高波动
2022-10-21,5.579117060571447,True,False,高波动
2022-10-24,5.413975918825939,True,False,高波动
2022-10-25,5.423254141121038,True,False,高波动
2022-10-26,5.400073151557259,True,False,高波动
2022-10-27,5.402682326576157,True,False,高波动
2022-10-28,5.35856059466011,True,False,高波动
2022-10-31,5.33464439428007,True,False,高波动
2022-11-01,5.206636520806562,True,False,高波动
2022-11-02,5.151502157412977,True,False,高波动
2022-11-03,5.172110589167281,True,False,高波动
2022-11-04,5.164286499345488,True,False,高波动
2022-11-07,5.167777480828289,True,False,高波动
2022-11-08,5.2290725445243496,True,False,高波动
2022-11-09,5.285524755921371,True,False,高波动
2022-11-10,5.784777990199655,True,False,高波动
2022-11-14,6.1195289563904955,True,False,高波动
2022-11-15,6.302895146918669,True,False,高波动
2022-11-16,6.37595033421473,True,False,高波动
2022-11-17,6.362537544026958,True,False,高波动
2022-11-18,6.372565622737968,True,False,高波动
2022-11-21,6.375641964701895,True,False,高波动
2022-11-22,6.33337779422961,True,False,高波动
2022-11-23,6.3981782279073665,True,False,高波动
2022-11-25,6.423730048338912,True,False,高波动
2022-11-28,6.417602611755175,True,False,高波动
2022-11-29,6.410479069728236,True,False,高波动
2022-11-30,6.493791044372013,True,False,高波动
2022-12-01,6.7660979444480756,True,False,高波动
2022-12-02,6.70387244407594,True,False,高波动
2022-12-05,6.69426727332007,True,False,高波动
2022-12-06,6.715201452005517,True,False,高波动
2022-12-07,6.765840680997752,True,False,高波动
2022-12-08,6.767831018686238,True,False,高波动
2022-12-09,6.769448855256406,True,False,高波动
2022-12-12,6.752495268181506,True,False,高波动
2022-12-13,6.809992562976605,True,False,高波动
2022-12-14,6.8334555783578415,True,False,高波动
2022-12-15,6.829320539933136,True,False,高波动
2022-12-16,6.816978810030647,True,False,高波动
2022-12-19,6.860215842073089,True,False,高波动
2022-12-20,6.723837717455564,True,False,高波动
2022-12-21,6.711097053767351,True,False,高波动
2022-12-22,6.429572825307469,True,False,高波动
2022-12-23,6.376286936039809,True,False,高波动
2022-12-27,6.282280089687836,True,False,高波动
2022-12-28,6.293481697915714,True,False,高波动
2022-12-29,6.29762972693642,True,False,高波动
2022-12-30,6.241164897134219,True,False,高波动
2023-01-03,6.262035287310786,True,False,高波动
2023-01-04,6.314778667927746,True,False,高波动
2023-01-05,5.917800442915387,True,False,高波动
2023-01-06,5.991124020953057,True,False,高波动
2023-01-09,5.901876596932859,True,False,高波动
2023-01-10,5.941312022306759,True,False,高波动
2023-01-11,5.865092757660884,True,False,高波动
2023-01-12,5.858475170892691,True,False,高波动
2023-01-13,5.843868669564597,True,False,高波动
2023-01-17,5.8439139356764365,True,False,高波动
2023-01-18,5.835890983519609,True,False,高波动
2023-01-19,5.671549471899495,True,False,高波动
2023-01-20,5.7120705519072645,True,False,高波动
2023-01-23,5.680801221312699,True,False,高波动
2023-01-24,5.679461172281898,True,False,高波动
2023-01-25,5.670118503406963,True,False,高波动
2023-01-26,5.642716050641707,True,False,高波动
2023-01-27,5.60038431240608,True,False,高波动
2023-01-30,5.545477194315925,True,False,高波动
2023-01-31,5.560877917614288,True,False,高波动
2023-02-01,5.587864522774457,True,False,高波动
2023-02-02,5.494283246787724,True,False,高波动
2023-02-03,5.570252799229321,True,False,高波动
2023-02-06,5.707547804445791,True,False,高波动
2023-02-07,5.6974704420768205,True,False,高波动
2023-02-08,5.678589858111266,True,False,高波动
2023-02-09,5.400688281635025,True,False,高波动
2023-02-10,5.172870382816853,True,False,高波动
2023-02-13,5.02815363168872,True,False,高波动
2023-02-14,4.977138311673232,True,False,高波动
2023-02-15,4.9314647953658,True,False,高波动
2023-02-16,4.911558596478731,True,False,高波动
2023-02-17,4.912363648380712,True,False,高波动
2023-02-21,5.105351166248206,True,False,高波动
2023-02-22,5.044424458729712,True,False,高波动
2023-02-23,4.991326917098897,True,False,高波动
2023-02-24,5.0360367948737315,True,False,高波动
2023-02-27,5.042372037501431,True,False,高波动
2023-02-28,4.903456427709003,True,False,高波动
2023-03-01,4.592614740476359,False,False,平稳
2023-03-02,4.586258323074067,False,False,平稳
2023-03-03,4.625633651742822,False,False,平稳
2023-03-06,4.59388573961197,False,False,平稳
2023-03-07,4.520481065591684,False,False,平稳
2023-03-08,4.527581288206991,False,False,平稳
2023-03-09,4.545466920324332,False,False,平稳
2023-03-10,4.883889137250067,True,False,高波动
2023-03-13,5.020962761453061,True,False,高波动
2023-03-14,5.120949244354438,True,False,高波动
2023-03-15,5.356923779666142,True,False,高波动
2023-03-16,5.4519954009673866,True,False,高波动
2023-03-17,5.585663768331165,True,False,高波动
2023-03-20,5.627103930942379,True,False,高波动
2023-03-21,5.668329533965643,True,False,高波动
2023-03-22,5.840107047149867,True,False,高波动
2023-03-23,5.853029419067926,True,False,高波动
2023-03-24,5.856622026390302,True,False,高波动
2023-03-27,5.953897703453301,True,False,高波动
2023-03-28,5.944548534194156,True,False,高波动
2023-03-29,5.927210419453203,True,False,高波动
2023-03-30,5.920471630159668,True,False,高波动
2023-03-31,5.887925507309613,True,False,高波动
2023-04-03,5.987249482644246,True,False,高波动
2023-04-04,5.927209775951552,True,False,高波动
2023-04-05,5.8823777446695065,True,False,高波动
2023-04-06,5.858648668829675,True,False,高波动
2023-04-07,5.830663823462758,True,False,高波动
2023-04-10,5.757825724339394,True,False,高波动
2023-04-11,5.8181973728807685,True,False,高波动
2023-04-12,5.826300994136095,True,False,高波动
2023-04-13,5.648723238825524,True,False,高波动
2023-04-14,5.656434116835602,True,False,高波动
2023-04-17,5.642576501395595,True,False,高波动
2023-04-18,5.643135946397666,True,False,高波动
2023-04-19,5.65342735149909,True,False,高波动
2023-04-20,5.685162027519761,True,False,高波动
2023-04-21,5.691243184246949,True,False,高波动
2023-04-24,5.7132198011486794,True,False,高波动
2023-04-25,5.827109865945268,True,False,高波动
2023-04-26,5.805533212737952,True,False,高波动
2023-04-27,5.781398942370914,True,False,高波动
2023-04-28,5.844087070732702,True,False,高波动
2023-05-01,5.79613050031175,True,False,高波动
2023-05-02,5.703218354908286,True,False,高波动
2023-05-03,5.738067738123017,True,False,高波动
2023-05-04,5.721632846815914,True,False,高波动
2023-05-05,5.715232227569665,True,False,高波动
2023-05-08,5.710697276420396,True,False,高波动
2023-05-09,5.720741246199322,True,False,高波动
2023-05-10,5.764728912376237,True,False,高波动
2023-05-11,5.766455667703801,True,False,高波动
2023-05-12,5.787170049710935,True,False,高波动
2023-05-15,5.792151238658361,True,False,高波动
2023-05-16,5.616894305442159,True,False,高波动
2023-05-17,5.6469402548186745,True,False,高波动
2023-05-18,5.665961158894558,True,False,高波动
2023-05-19,5.63868504945216,True,False,高波动
2023-05-22,5.636043797883501,True,False,高波动
2023-05-23,5.625437481636133,True,False,高波动
2023-05-24,5.583842532515783,True,False,高波动
2023-05-25,5.604074047962867,True,False,高波动
2023-05-26,5.546816876573208,True,False,高波动
2023-05-30,5.692384862710918,True,False,高波动
2023-05-31,5.700985190479614,True,False,高波动
2023-06-01,5.687562759038363,True,False,高波动
2023-06-02,5.687856623854499,True,False,高波动
2023-06-05,5.4100087256767315,True,False,高波动
2023-06-06,5.206119469122826,True,False,高波动
2023-06-07,5.119299497998087,True,False,高波动
2023-06-08,4.905261000229545,True,False,高波动
2023-06-09,4.805848998029846,False,False,平稳
2023-06-12,4.572921821890104,False,False,平稳
2023-06-13,4.524317207105239,False,False,平稳
2023-06-14,4.4888684349327574,False,False,平稳
2023-06-15,4.326208600779405,False,False,平稳
2023-06-16,4.266603894954481,False,False,平稳
2023-06-20,4.277537911526027,False,False,平稳
2023-06-21,4.07375509101362,False,False,平稳
2023-06-22,4.067161315625691,False,False,平稳
2023-06-23,4.076011889301708,False,False,平稳
2023-06-26,4.058656134105885,False,False,平稳
2023-06-27,4.008896985287118,False,False,平稳
2023-06-28,3.906270317236392,False,False,平稳
2023-06-29,3.9456971339053055,False,False,平稳
2023-06-30,3.9629806242870584,False,False,平稳
2023-07-03,3.9570324474710903,False,False,平稳
2023-07-05,3.973731099702876,False,False,平稳
2023-07-06,4.653964170034635,False,False,平稳
2023-07-07,4.592424767895467,False,False,平稳
2023-07-10,4.597810199472456,False,False,平稳
2023-07-11,4.611463157180589,False,False,平稳
2023-07-12,4.741935706499651,False,False,平稳
2023-07-13,4.8673262971278115,False,False,平稳
2023-07-14,4.895065109852471,True,False,高波动
2023-07-17,4.883364156003078,True,False,高波动
2023-07-18,4.862279884291577,False,False,平稳
2023-07-19,4.880440477967446,True,False,高波动
2023-07-20,4.915251371884619,True,False,高波动
2023-07-21,4.753489915591196,False,False,平稳
2023-07-24,4.742918187278842,False,False,平稳
2023-07-25,4.693852083256523,False,False,平稳
2023-07-26,4.617613808737596,False,False,平稳
2023-07-27,4.683372587975111,False,False,平稳
2023-07-28,4.71204441050912,False,False,平稳
2023-07-31,4.658916147847914,False,False,平稳
2023-08-01,4.6931555172562325,False,False,平稳
2023-08-02,4.686874141139426,False,False,平稳
2023-08-03,4.747436250280213,False,False,平稳
2023-08-04,4.8865187644569525,True,False,高波动
2023-08-07,4.804783836051993,False,False,平稳
2023-08-08,4.8129396601140115,False,False,平稳
2023-08-09,4.784918893494654,False,False,平稳
2023-08-10,4.836467838885764,False,False,平稳
2023-08-11,4.841401764526405,False,False,平稳
2023-08-14,4.835316423824664,False,False,平稳
2023-08-15,4.819394826148315,False,False,平稳
2023-08-16,4.8284831023340535,False,False,平稳
2023-08-17,4.839295505935009,False,False,平稳
2023-08-18,4.839735312663714,False,False,平稳
2023-08-21,4.912295388757362,True,False,高波动
2023-08-22,4.880928622950662,True,False,高波动
2023-08-23,5.079886592074575,True,False,高波动
2023-08-24,4.892666091683749,True,False,高波动
2023-08-25,4.866245599060218,False,False,平稳
2023-08-28,4.867503060436223,True,False,高波动
2023-08-29,4.920593367774167,True,False,高波动
2023-08-30,4.924368715752105,True,False,高波动
2023-08-31,4.940032118522507,True,False,高波动
2023-09-01,4.900276386103487,True,False,高波动
2023-09-05,4.965976380753683,True,False,高波动
2023-09-06,4.962770076503379,True,False,高波动
2023-09-07,4.96902112052639,True,False,高波动
2023-09-08,4.943291415940933,True,False,高波动
2023-09-11,4.93866982597885,True,False,高波动
2023-09-12,4.869821082308361,True,False,高波动
2023-09-13,4.868992999274399,True,False,高波动
2023-09-14,4.855147357640841,False,False,平稳
2023-09-15,4.850127407028277,False,False,平稳
2023-09-18,4.852995671307452,False,False,平稳
2023-09-19,4.855449745130885,False,False,平稳
2023-09-20,4.84314249647752,False,False,平稳
2023-09-21,4.901219931263055,True,False,高波动
2023-09-22,4.891764031283886,True,False,高波动
2023-09-25,4.831461907279367,False,False,平稳
2023-09-26,4.811976270842636,False,False,平稳
2023-09-27,4.8162234562123,False,False,平稳
2023-09-28,4.817425914549133,False,False,平稳
2023-09-29,4.171174209963481,False,False,平稳
2023-10-02,4.159793764770531,False,False,平稳
2023-10-03,4.461925087273512,False,False,平稳
2023-10-04,4.4634482605655705,False,False,平稳
2023-10-05,4.51785846093599,False,False,平稳
2023-10-06,4.343253005255517,False,False,平稳
2023-10-10,4.554893468515535,False,False,平稳
2023-10-11,4.638045599705679,False,False,平稳
2023-10-12,4.690767016763823,False,False,平稳
2023-10-13,4.693040303199802,False,False,平稳
2023-10-16,4.670627804696073,False,False,平稳
2023-10-17,4.73765573503699,False,False,平稳
2023-10-18,4.749331646267435,False,False,平稳
2023-10-19,4.786413500463974,False,False,平稳
2023-10-20,4.7881246533729005,False,False,平稳
2023-10-23,4.739751161157616,False,False,平稳
2023-10-24,4.823512322005867,False,False,平稳
2023-10-25,4.835681041885158,False,False,平稳
2023-10-26,4.865672206894872,False,False,平稳
2023-10-27,4.8624118454437735,False,False,平稳
2023-10-30,4.78104697468052,False,False,平稳
2023-10-31,4.622690789525012,False,False,平稳
2023-11-01,4.78833753761175,False,False,平稳
2023-11-02,4.867926632651875,True,False,高波动
2023-11-03,5.003398621069692,True,False,高波动
2023-11-06,4.953753191579573,True,False,高波动
2023-11-07,4.970014774578189,True,False,高波动
2023-11-08,4.988102362911312,True,False,高波动
2023-11-09,5.0622005073797025,True,False,高波动
2023-11-10,5.04359346548854,True,False,高波动
2023-11-13,5.033137696261198,True,False,高波动
2023-11-14,5.218392940892759,True,False,高波动
2023-11-15,5.128242529495079,True,False,高波动
2023-11-16,5.1903626428903715,True,False,高波动
2023-11-17,5.016338912938168,True,False,高波动
2023-11-20,5.021308837004186,True,False,高波动
2023-11-21,5.029637027679377,True,False,高波动
2023-11-22,5.028081459202201,True,False,高波动
2023-11-24,4.966761469377704,True,False,高波动
2023-11-27,5.012740702226953,True,False,高波动
2023-11-28,5.0436312712306455,True,False,高波动
2023-11-29,5.120344636706023,True,False,高波动
2023-11-30,5.002223145287933,True,False,高波动
2023-12-01,5.088108006408808,True,False,高波动
2023-12-04,5.085546959084235,True,False,高波动
2023-12-05,5.147810055096826,True,False,高波动
2023-12-06,5.16395559767701,True,False,高波动
2023-12-07,5.161699316638842,True,False,高波动
2023-12-08,5.203711377680688,True,False,高波动
2023-12-11,5.202534496468929,True,False,高波动
2023-12-12,5.1930724226559,True,False,高波动
2023-12-13,5.4434249519325695,True,False,高波动
2023-12-14,5.630642001866795,True,False,高波动
2023-12-15,5.630963061381608,True,False,高波动
2023-12-18,5.540064745797397,True,False,高波动
2023-12-19,5.536701550528724,True,False,高波动
2023-12-20,5.494768186257899,True,False,高波动
2023-12-21,5.49711484737715,True,False,高波动
2023-12-22,5.473699011621901,True,False,高波动
2023-12-26,5.476046921293084,True,False,高波动
2023-12-27,5.5294449268086785,True,False,高波动
2023-12-28,5.5466951083307015,True,False,高波动
2023-12-29,5.208127028248538,True,False,高波动
2024-01-02,5.240806599761316,True,False,高波动
2024-01-03,5.316814730131419,True,False,高波动
2024-01-04,5.392912579940585,True,False,高波动
2024-01-05,5.34875072344239,True,False,高波动
2024-01-08,5.314050926811468,True,False,高波动
2024-01-09,5.19970400617483,True,False,高波动
2024-01-10,5.190533832524005,True,False,高波动
2024-01-11,5.1748543703213485,True,False,高波动
2024-01-12,5.061558582227622,True,False,高波动
2024-01-16,5.0874022610192515,True,False,高波动
2024-01-17,5.060943911286363,True,False,高波动
2024-01-18,5.069759494927432,True,False,高波动
2024-01-19,5.072738310483219,True,False,高波动
2024-01-22,5.012443271208644,True,False,高波动
2024-01-23,4.945305450129933,True,False,高波动
2024-01-24,4.944358957143465,True,False,高波动
2024-01-25,4.95139490982601,True,False,高波动
2024-01-26,4.947317736689526,True,False,高波动
2024-01-29,4.955945760978704,True,False,高波动
2024-01-30,4.863438086353797,False,False,平稳
2024-01-31,4.848478067687584,False,False,平稳
2024-02-01,4.786841443164802,False,False,平稳
2024-02-02,4.944194986405097,True,False,高波动
2024-02-05,5.098605256591497,True,False,高波动
2024-02-06,5.1061227604992245,True,False,高波动
2024-02-07,4.972847808118799,True,False,高波动
2024-02-08,4.987450254453085,True,False,高波动
2024-02-09,4.993593933896121,True,False,高波动
2024-02-12,4.836349491566582,False,False,平稳
2024-02-13,4.832771207664107,False,False,平稳
2024-02-14,4.849680430915018,False,False,平稳
2024-02-15,4.861663043647326,False,False,平稳
2024-02-16,4.877432273892366,True,False,高波动
2024-02-20,4.878261994423563,True,False,高波动
2024-02-21,4.897057868972743,True,False,高波动
2024-02-22,4.884210478661263,True,False,高波动
2024-02-23,4.85753465186835,False,False,平稳
2024-02-26,4.822379861560733,False,False,平稳
2024-02-27,4.755315640627872,False,False,平稳
2024-02-28,4.755655535468687,False,False,平稳
2024-02-29,4.661717877782177,False,False,平稳
2024-03-01,4.698620372703005,False,False,平稳
2024-03-04,4.635992050325155,False,False,平稳
2024-03-05,4.6156725881151965,False,False,平稳
2024-03-06,4.618299985837485,False,False,平稳
2024-03-07,4.580288970914916,False,False,平稳
2024-03-08,4.580771453047065,False,False,平稳
2024-03-11,4.579182366673587,False,False,平稳
2024-03-12,4.274196597871266,False,False,平稳
2024-03-13,3.956209211636482,False,False,平稳
2024-03-14,4.017820014630592,False,False,平稳
2024-03-15,4.020287599692011,False,False,平稳
2024-03-18,4.012886133779283,False,False,平稳
2024-03-19,3.973635581796011,False,False,平稳
2024-03-20,3.9896691505114106,False,False,平稳
2024-03-21,3.997674706329567,False,False,平稳
2024-03-22,4.027115807550585,False,False,平稳
2024-03-25,3.909511904993794,False,False,平稳
2024-03-26,3.9049940016707856,False,False,平稳
2024-03-27,3.9195687373243295,False,False,平稳
2024-03-28,3.902292805718119,False,False,平稳
2024-04-01,3.5104177560029926,False,False,平稳
2024-04-02,3.5095400880351106,False,False,平稳
2024-04-03,3.7470241323808064,False,False,平稳
2024-04-04,3.733990035296691,False,False,平稳
2024-04-05,3.7518903521797826,False,False,平稳
2024-04-08,3.7568709531709668,False,False,平稳
2024-04-09,3.6890685373622434,False,False,平稳
2024-04-10,3.888611969676575,False,False,平稳
2024-04-11,3.8432522098400916,False,False,平稳
2024-04-12,3.8305634465574077,False,False,平稳
2024-04-15,3.859441288268717,False,False,平稳
2024-04-16,3.912711836725816,False,False,平稳
2024-04-17,3.95723850195512,False,False,平稳
2024-04-18,3.960154316099576,False,False,平稳
2024-04-19,3.9551476358225384,False,False,平稳
2024-04-22,3.9268506153948852,False,False,平稳
2024-04-23,3.9434412666939105,False,False,平稳
2024-04-24,3.882007036223428,False,False,平稳
2024-04-25,3.896746618568123,False,False,平稳
2024-04-26,3.7775631410667154,False,False,平稳
2024-04-29,3.763282772243467,False,False,平稳
2024-04-30,3.6250596875460213,False,False,平稳
2024-05-01,3.4572084888764505,False,False,平稳
2024-05-02,3.536637819110036,False,False,平稳
2024-05-03,3.608116312863627,False,False,平稳
2024-05-06,3.6412541088597763,False,False,平稳
2024-05-07,3.6541790545453616,False,False,平稳
2024-05-08,3.660560148188873,False,False,平稳
2024-05-09,3.668474749228742,False,False,平稳
2024-05-10,3.600040624813164,False,False,平稳
2024-05-13,3.5734888056399403,False,False,平稳
2024-05-14,3.57278651610017,False,False,平稳
2024-05-15,3.5552675697060354,False,False,平稳
2024-05-16,3.664631750436209,False,False,平稳
2024-05-17,3.678386272911782,False,False,平稳
2024-05-20,3.6543009402666837,False,False,平稳
2024-05-21,3.6722958578053464,False,False,平稳
2024-05-22,3.6636365258245807,False,False,平稳
2024-05-23,3.687894152586004,False,False,平稳
2024-05-24,3.678921945611021,False,False,平稳
2024-05-28,3.6561720705715137,False,False,平稳
2024-05-29,3.678995225320669,False,False,平稳
2024-05-30,3.6914142641852843,False,False,平稳
2024-05-31,3.729041263690328,False,False,平稳
2024-06-03,3.8170534795301587,False,False,平稳
2024-06-04,3.8787207005770368,False,False,平稳
2024-06-05,3.899076966194071,False,False,平稳
2024-06-06,3.8795518262040862,False,False,平稳
2024-06-07,4.045423185321784,False,False,平稳
2024-06-10,3.978543022629682,False,False,平稳
2024-06-11,3.9813776080350354,False,False,平稳
2024-06-12,4.006880172864543,False,False,平稳
2024-06-13,4.1135045990584045,False,False,平稳
2024-06-14,4.10321529613968,False,False,平稳
2024-06-17,4.135331528299663,False,False,平稳
2024-06-18,4.1326755372604875,False,False,平稳
2024-06-20,4.136817827529944,False,False,平稳
2024-06-21,4.13662638457468,False,False,平稳
2024-06-24,4.128119775164206,False,False,平稳
2024-06-25,4.126751049334877,False,False,平稳
2024-06-26,4.187378650388436,False,False,平稳
2024-06-27,4.09008204215507,False,False,平稳
2024-06-28,3.8499453193343505,False,False,平稳
2024-07-01,3.8499453193343505,False,False,平稳
2024-07-02,3.853282315377381,False,False,平稳
2024-07-03,3.9970626515615875,False,False,平稳
2024-07-05,4.0741264121572565,False,False,平稳
2024-07-08,3.826737144755427,False,False,平稳
2024-07-09,3.813395631330549,False,False,平稳
2024-07-10,3.7969206313332564,False,False,平稳
2024-07-11,3.8228072169545864,False,False,平稳
2024-07-12,3.7676870007643792,False,False,平稳
2024-07-15,3.7528280397949567,False,False,平稳
2024-07-16,3.7635224963017775,False,False,平稳
2024-07-17,3.7643949051607306,False,False,平稳
2024-07-18,3.792011727186338,False,False,平稳
2024-07-19,3.807653229849027,False,False,平稳
2024-07-22,3.7961627217538987,False,False,平稳
2024-07-23,3.745966969254512,False,False,平稳
2024-07-24,3.764175943648999,False,False,平稳
2024-07-25,3.7321963920204193,False,False,平稳
2024-07-26,3.7379092184748672,False,False,平稳
2024-07-29,3.740808529657645,False,False,平稳
2024-07-30,3.6445586205944367,False,False,平稳
2024-07-31,3.683838088861836,False,False,平稳
2024-08-01,3.7083490119879405,False,False,平稳
2024-08-02,4.031598131102843,False,False,平稳
2024-08-05,4.056922951817438,False,False,平稳
2024-08-06,4.166607946218554,False,False,平稳
2024-08-07,4.167012712601574,False,False,平稳
2024-08-08,4.178614117181096,False,False,平稳
2024-08-09,4.176135850459321,False,False,平稳
2024-08-12,4.189988248513119,False,False,平稳
2024-08-13,4.119697311634873,False,False,平稳
2024-08-14,4.105293121841284,False,False,平稳
2024-08-15,4.136299855061662,False,False,平稳
2024-08-16,4.128259366174423,False,False,平稳
2024-08-19,4.13542572119962,False,False,平稳
2024-08-20,4.106843554051907,False,False,平稳
2024-08-21,4.111347702482963,False,False,平稳
2024-08-22,4.108409557583996,False,False,平稳
2024-08-23,4.087216404380537,False,False,平稳
2024-08-26,4.064749685119373,False,False,平稳
2024-08-27,4.042939061254451,False,False,平稳
2024-08-28,3.9835288115787533,False,False,平稳
2024-08-29,3.9499740520023163,False,False,平稳
2024-08-30,3.9657382885008214,False,False,平稳
2024-09-03,4.003442602455118,False,False,平稳
2024-09-04,3.8506978895356943,False,False,平稳
2024-09-05,3.8515688829578996,False,False,平稳
2024-09-06,3.850341029210323,False,False,平稳
2024-09-09,3.845952152747146,False,False,平稳
2024-09-10,3.767441255844257,False,False,平稳
2024-09-11,3.770533287961689,False,False,平稳
2024-09-12,3.727946899922816,False,False,平稳
2024-09-13,3.7286662695883854,False,False,平稳
2024-09-16,3.7396979750432306,False,False,平稳
2024-09-17,3.7401396408219205,False,False,平稳
2024-09-18,3.741954119259633,False,False,平稳
2024-09-19,3.761842603254565,False,False,平稳
2024-09-20,3.6732454611691914,False,False,平稳
2024-09-23,3.675232467223762,False,False,平稳
2024-09-24,3.5941410585062945,False,False,平稳
2024-09-25,3.629834427264693,False,False,平稳
2024-09-26,3.5983086349523923,False,False,平稳
2024-09-27,3.4125482542611887,False,False,平稳
2024-09-30,3.3514380041348506,False,False,平稳
2024-10-01,3.3543037430305174,False,False,平稳
2024-10-02,3.35363743974424,False,False,平稳
2024-10-03,4.148449963724462,False,False,平稳
2024-10-04,4.223999517009321,False,False,平稳
2024-10-07,4.245899665735354,False,False,平稳
2024-10-08,4.228513811859293,False,False,平稳
2024-10-09,4.228788353934606,False,False,平稳
2024-10-10,4.228553044646585,False,False,平稳
2024-10-11,4.206447312041733,False,False,平稳
2024-10-15,4.206770118426749,False,False,平稳
2024-10-16,4.205966673627014,False,False,平稳
2024-10-17,4.253063181456126,False,False,平稳
2024-10-18,4.239898719285247,False,False,平稳
2024-10-21,4.316326415984095,False,False,平稳
2024-10-22,4.301857434226156,False,False,平稳
2024-10-23,4.30833731940325,False,False,平稳
2024-10-24,4.311106712914407,False,False,平稳
2024-10-25,4.231561690175718,False,False,平稳
2024-10-28,4.182959520264277,False,False,平稳
2024-10-29,3.8193476794351735,False,False,平稳
2024-10-30,3.796205379791692,False,False,平稳
2024-10-31,3.7069168939215165,False,False,平稳
2024-11-01,3.809622773371387,False,False,平稳
2024-11-04,3.864599179409372,False,False,平稳
2024-11-05,3.852945505850156,False,False,平稳
2024-11-06,3.9731437552904447,False,False,平稳
2024-11-07,4.069109710310406,False,False,平稳
2024-11-08,4.084738117759574,False,False,平稳
2024-11-12,4.157283946561631,False,False,平稳
2024-11-13,4.1511009996287385,False,False,平稳
2024-11-14,4.133175101742132,False,False,平稳
2024-11-15,4.09366853269282,False,False,平稳
2024-11-18,4.079752823120878,False,False,平稳
2024-11-19,4.056116030583862,False,False,平稳
2024-11-20,4.008183352499521,False,False,平稳
2024-11-21,4.005150340414464,False,False,平稳
2024-11-22,4.00341814819389,False,False,平稳
2024-11-25,4.215854101739362,False,False,平稳
2024-11-26,4.2121983244631584,False,False,平稳
2024-11-27,4.2170199918136495,False,False,平稳
2024-11-29,4.22299242216477,False,False,平稳
2024-12-02,4.15333727058787,False,False,平稳
2024-12-03,4.154256033646074,False,False,平稳
2024-12-04,4.194862720086671,False,False,平稳
2024-12-05,4.168485914760824,False,False,平稳
2024-12-06,4.1313321607040825,False,False,平稳
2024-12-09,4.134885316877468,False,False,平稳
2024-12-10,4.134973437297101,False,False,平稳
2024-12-11,4.118077962066901,False,False,平稳
2024-12-12,4.088701042542509,False,False,平稳
2024-12-13,4.107527568163165,False,False,平稳
2024-12-16,4.107783311825895,False,False,平稳
2024-12-17,4.103978242050073,False,False,平稳
2024-12-18,4.168546494211962,False,False,平稳
2024-12-19,4.182876253468488,False,False,平稳
2024-12-20,4.173512561010847,False,False,平稳
2024-12-23,4.1689067256642005,False,False,平稳
2024-12-24,4.172386436914637,False,False,平稳
2024-12-26,4.124348349550599,False,False,平稳
2024-12-27,4.1206657673985445,False,False,平稳
2024-12-30,4.185923112977923,False,False,平稳
2024-12-31,4.165064592235227,False,False,平稳
2025-01-02,3.517909838405842,False,False,平稳
2025-01-03,3.8980480926671284,False,False,平稳
2025-01-06,3.874020649140396,False,False,平稳
2025-01-07,3.8815938750702816,False,False,平稳
2025-01-08,3.8768094659423764,False,False,平稳
2025-01-09,3.8749057317303452,False,False,平稳
2025-01-10,3.902907023541152,False,False,平稳
2025-01-13,3.8663468576764397,False,False,平稳
2025-01-14,3.849997452603173,False,False,平稳
2025-01-15,3.9857088485049834,False,False,平稳
2025-01-16,4.036178500092662,False,False,平稳
2025-01-17,3.976127832541597,False,False,平稳
2025-01-21,4.001456675592546,False,False,平稳
2025-01-22,3.9967310749271348,False,False,平稳
2025-01-23,3.9801915355496518,False,False,平稳
2025-01-24,3.9857360784108424,False,False,平稳
2025-01-27,4.056045950898077,False,False,平稳
2025-01-28,4.051035420938082,False,False,平稳
2025-01-29,4.050412537030724,False,False,平稳
2025-01-30,4.045890276267177,False,False,平稳
2025-01-31,3.945166032621343,False,False,平稳
2025-02-03,3.8846772541157315,False,False,平稳
2025-02-04,3.8972602002484713,False,False,平稳
2025-02-05,3.8120030550968704,False,False,平稳
2025-02-06,3.677375069714267,False,False,平稳
2025-02-07,3.66584272996178,False,False,平稳
2025-02-10,3.553147369085717,False,False,平稳
2025-02-11,3.5544330937243407,False,False,平稳
2025-02-12,3.6061977180347995,False,False,平稳
2025-02-13,3.668691305569248,False,False,平稳
2025-02-14,3.7055235986706605,False,False,平稳
2025-02-18,3.7115701562884302,False,False,平稳
2025-02-19,3.7147125002744144,False,False,平稳
2025-02-20,3.7182042280822727,False,False,平稳
2025-02-21,3.7754791209970717,False,False,平稳
2025-02-24,3.5741096584810506,False,False,平稳
2025-02-25,3.658454272818667,False,False,平稳
2025-02-26,3.654033061510287,False,False,平稳
2025-02-27,3.595390255044349,False,False,平稳
2025-02-28,3.6499232395179155,False,False,平稳
2025-03-03,3.6516707464030307,False,False,平稳
2025-03-04,3.6384738459032664,False,False,平稳
2025-03-05,3.6883044247265837,False,False,平稳
2025-03-06,3.6837671556185025,False,False,平稳
2025-03-07,3.6831131786362663,False,False,平稳
2025-03-10,3.7398524736561383,False,False,平稳
2025-03-11,3.7461495964048392,False,False,平稳
2025-03-12,3.734440420569022,False,False,平稳
2025-03-13,3.7184821562804826,False,False,平稳
2025-03-14,3.7583181765883857,False,False,平稳
2025-03-17,3.7593008000091226,False,False,平稳
2025-03-18,3.660303345195249,False,False,平稳
2025-03-19,3.642092737950337,False,False,平稳
2025-03-20,3.6495959721405438,False,False,平稳
2025-03-21,3.634018350074479,False,False,平稳
2025-03-24,3.7126997631994283,False,False,平稳
2025-03-25,3.7124628610640316,False,False,平稳
2025-03-26,3.7244263279607037,False,False,平稳
2025-03-27,3.679478099833265,False,False,平稳
2025-03-28,3.7561006320520445,False,False,平稳
2025-03-31,3.7610386116747785,False,False,平稳
2025-04-01,3.446603997373637,False,False,平稳
2025-04-02,3.440409223589947,False,False,平稳
2025-04-03,3.4909944955314063,False,False,平稳
2025-04-04,3.4908215929583792,False,False,平稳
2025-04-07,4.255877208531957,False,False,平稳
2025-04-08,4.239528808308141,False,False,平稳
2025-04-09,4.401092715624779,False,False,平稳
2025-04-10,4.401072269437714,False,False,平稳
2025-04-11,4.344763285935568,False,False,平稳
2025-04-14,4.4066006956090815,False,False,平稳
2025-04-15,4.440099909869955,False,False,平稳
2025-04-16,4.462515484399863,False,False,平稳
2025-04-17,4.4619047482558996,False,False,平稳
2025-04-21,4.458944901663157,False,False,平稳
2025-04-22,4.461763618684547,False,False,平稳
2025-04-23,4.4281580295626,False,False,平稳
2025-04-24,4.487192093828313,False,False,平稳
2025-04-25,4.5287988856402475,False,False,平稳
2025-04-28,4.571239054874907,False,False,平稳
2025-04-29,4.5809771718876755,False,False,平稳
2025-04-30,4.580879453332752,False,False,平稳
2025-05-01,4.573037156038485,False,False,平稳
2025-05-02,4.699667330945819,False,False,平稳
2025-05-05,4.699597813315021,False,False,平稳
2025-05-06,4.683562424537805,False,False,平稳
2025-05-07,4.69773734140316,False,False,平稳
2025-05-08,4.750974136368325,False,False,平稳
2025-05-09,4.711191991151666,False,False,平稳
2025-05-12,4.69363604785192,False,False,平稳
2025-05-13,4.664163207013782,False,False,平稳
2025-05-14,4.661447844764296,False,False,平稳
2025-05-15,4.693097173855908,False,False,平稳
2025-05-16,4.689011330348399,False,False,平稳
2025-05-19,4.641055904257215,False,False,平稳
2025-05-20,4.627895311851566,False,False,平稳
2025-05-21,4.613501440224033,False,False,平稳
2025-05-22,4.6086758636257095,False,False,平稳
2025-05-23,4.616265515228172,False,False,平稳
2025-05-27,4.6430867044401865,False,False,平稳
2025-05-28,4.622335068141378,False,False,平稳
2025-05-29,4.636231893086739,False,False,平稳
2025-05-30,4.628943637210833,False,False,平稳
2025-06-02,4.658801755612893,False,False,平稳
2025-06-03,4.655840351010951,False,False,平稳
2025-06-04,4.697474841440471,False,False,平稳
2025-06-05,4.677162143034745,False,False,平稳
2025-06-06,4.717486460005907,False,False,平稳
2025-06-09,4.70414171782589,False,False,平稳
2025-06-10,4.687089830049049,False,False,平稳
2025-06-11,4.712491997651804,False,False,平稳
2025-06-12,4.754938112327843,False,False,平稳
2025-06-13,4.7633339927237275,False,False,平稳
2025-06-16,4.764403882038814,False,False,平稳
2025-06-17,4.795270370999234,False,False,平稳
2025-06-18,4.742479829890196,False,False,平稳
2025-06-20,4.742985092784181,False,False,平稳
2025-06-23,4.73879277650733,False,False,平稳
2025-06-24,4.77139304336138,False,False,平稳
2025-06-25,4.710917865579634,False,False,平稳
2025-06-26,4.715720290450102,False,False,平稳
2025-06-27,4.524679068173365,False,False,平稳
2025-06-30,4.536635462707094,False,False,平稳
2025-07-01,4.470190280980171,False,False,平稳
2025-07-02,4.877161205062795,True,False,高波动
2025-07-03,4.260893766984283,False,False,平稳
2025-07-07,4.248747239710694,False,False,平稳
2025-07-08,4.069232160627461,False,False,平稳
2025-07-09,4.094066695121342,False,False,平稳
2025-07-10,4.010270775755852,False,False,平稳
2025-07-11,3.961023672991628,False,False,平稳
2025-07-14,3.930997793220593,False,False,平稳
2025-07-15,3.9041853640654844,False,False,平稳
2025-07-16,3.911538402266667,False,False,平稳
2025-07-17,3.912274898797732,False,False,平稳
2025-07-18,3.91515726244312,False,False,平稳
2025-07-21,3.912951245959286,False,False,平稳
2025-07-22,3.861162568647623,False,False,平稳
2025-07-23,3.826639881596362,False,False,平稳
2025-07-24,3.774802865922452,False,False,平稳
2025-07-25,3.766763515098612,False,False,平稳
2025-07-28,3.7672574542690667,False,False,平稳
2025-07-29,3.8366081005386423,False,False,平稳
2025-07-30,3.625203989192101,False,False,平稳
2025-07-31,3.6257618751729566,False,False,平稳
2025-08-01,3.7846757239680797,False,False,平稳
2025-08-04,3.7757793169811262,False,False,平稳
2025-08-05,3.694006397615901,False,False,平稳
2025-08-06,3.697181372347587,False,False,平稳
2025-08-07,3.655040534779532,False,False,平稳
2025-08-08,3.666285904091832,False,False,平稳
2025-08-11,3.656374984645184,False,False,平稳
2025-08-12,3.6195664236601903,False,False,平稳
2025-08-13,3.6610284746275856,False,False,平稳
2025-08-14,3.66316470635684,False,False,平稳
2025-08-15,3.677684899226698,False,False,平稳
2025-08-18,3.57806525638497,False,False,平稳
2025-08-19,3.5809572484018077,False,False,平稳
2025-08-20,3.5784593465079713,False,False,平稳
2025-08-21,3.5291433663815166,False,False,平稳
2025-08-22,3.5612705007280785,False,False,平稳
2025-08-25,3.5395942231096593,False,False,平稳
2025-08-26,3.514832146490084,False,False,平稳
2025-08-27,3.461559991014155,False,False,平稳
2025-08-28,3.457530945234522,False,False,平稳
2025-08-29,3.3574296732339683,False,False,平稳
2025-09-02,3.3827417178167347,False,False,平稳
2025-09-03,3.2990701008473846,False,False,平稳
2025-09-04,3.3284713889590116,False,False,平稳
2025-09-05,3.369109714741595,False,False,平稳
2025-09-08,3.3729372986026847,False,False,平稳
2025-09-09,3.3562390561510944,False,False,平稳
2025-09-10,3.3174370305495033,False,False,平稳
2025-09-11,3.294716389759404,False,False,平稳
2025-09-12,3.266123685058756,False,False,平稳
2025-09-15,3.2685484793971744,False,False,平稳
2025-09-16,3.2709989479761545,False,False,平稳
2025-09-17,3.2838514296529904,False,False,平稳
2025-09-18,3.2551181449307975,False,False,平稳
2025-09-19,3.2570329926775257,False,False,平稳
2025-09-22,3.252848988997249,False,False,平稳
2025-09-23,3.252140957058344,False,False,平稳
2025-09-24,3.2381634941555135,False,False,平稳
2025-09-25,3.2476922183219954,False,False,平稳
2025-09-26,2.570437550407024,False,False,平稳
2025-09-29,2.554947727953815,False,False,平稳
2025-09-30,2.526491254718603,False,False,平稳
2025-10-01,2.517936298914236,False,False,平稳
2025-10-02,2.817245179002044,False,False,平稳
2025-10-03,2.8308973910722637,False,False,平稳
2025-10-06,2.787547747618743,False,False,平稳
2025-10-07,2.786130696193428,False,False,平稳
2025-10-08,2.756026118913913,False,False,平稳
2025-10-09,2.7403267385972927,False,False,平稳
2025-10-10,2.797162535886962,False,False,平稳
2025-10-14,2.781823028104952,False,False,平稳
2025-10-15,2.7548459687538633,False,False,平稳
2025-10-16,2.815044730300624,False,False,平稳
2025-10-17,2.8156500625153087,False,False,平稳
2025-10-20,2.8153970228136367,False,False,平稳
2025-10-21,2.8176848642584713,False,False,平稳
2025-10-22,2.8159493338024504,False,False,平稳
2025-10-23,2.774632543477086,False,False,平稳
2025-10-24,2.747471003280016,False,False,平稳
2025-10-27,2.7490549613843585,False,False,平稳
2025-10-28,2.532796045901778,False,False,平稳
2025-10-29,2.5251348886340113,False,False,平稳
2025-10-30,2.6797221373790623,False,False,平稳
2025-10-31,2.6748098328666443,False,False,平稳
2025-11-03,2.672199804363582,False,False,平稳
2025-11-04,2.659501493341343,False,False,平稳
2025-11-05,2.720680480127948,False,False,平稳
2025-11-06,2.7705083269492263,False,False,平稳
2025-11-07,2.708640504329617,False,False,平稳
2025-11-10,2.707937568040827,False,False,平稳
2025-11-12,2.7362241656049977,False,False,平稳
2025-11-13,2.7735566476693054,False,False,平稳
2025-11-14,2.7870089771616717,False,False,平稳
2025-11-17,2.788725986739954,False,False,平稳
2025-11-18,2.7625482387628297,False,False,平稳
2025-11-19,2.7026236485863864,False,False,平稳
2025-11-20,2.7163471660438883,False,False,平稳
2025-11-21,2.719600714056825,False,False,平稳
2025-11-24,2.723464126190054,False,False,平稳
2025-11-25,2.731115511859345,False,False,平稳
2025-11-26,2.729309846922581,False,False,平稳
2025-11-28,2.706826640470241,False,False,平稳
2025-12-01,2.75300923895956,False,False,平稳
2025-12-02,2.7061510884950235,False,False,平稳
2025-12-03,2.6364290480798847,False,False,平稳
2025-12-04,2.5977764688743665,False,False,平稳
2025-12-05,2.5818006242589324,False,False,平稳
2025-12-08,2.5719650817080524,False,False,平稳
2025-12-09,2.563231136677686,False,False,平稳
2025-12-10,2.6047044235838688,False,False,平稳
2025-12-11,2.5954999053707835,False,False,平稳
2025-12-12,2.5885502892807932,False,False,平稳
2025-12-15,2.577396599717896,False,False,平稳
2025-12-16,2.595396966992,False,False,平稳
2025-12-17,2.592707930788381,False,False,平稳
2025-12-18,2.600879529300096,False,False,平稳
2025-12-19,2.5904316714021767,False,False,平稳
2025-12-22,2.582496132610703,False,False,平稳
2025-12-23,2.5743344811518845,False,False,平稳
2025-12-24,2.5795717864582897,False,False,平稳
2025-12-26,2.551069156760819,False,False,平稳
2025-12-29,2.5694248515829936,False,False,平稳
2025-12-30,2.5701589522235784,False,False,平稳
2025-12-31,2.259292392111064,False,False,平稳
2026-01-02,2.247698027964464,False,False,平稳
2026-01-05,2.7026422189706865,False,False,平稳
2026-01-06,2.703527590358677,False,False,平稳
2026-01-07,2.695929043167994,False,False,平稳
2026-01-08,2.7074773267654964,False,False,平稳
2026-01-09,2.6283545453898096,False,False,平稳
2026-01-12,2.620832740451747,False,False,平稳
2026-01-13,2.62418565687127,False,False,平稳
2026-01-14,2.5334529125688277,False,False,平稳
2026-01-15,2.5296885173301376,False,False,平稳
2026-01-16,2.532351798136568,False,False,平稳
2026-01-20,2.5442910140554824,False,False,平稳
2026-01-21,2.5625936605884707,False,False,平稳
2026-01-22,2.539140352700486,False,False,平稳
2026-01-23,2.545490406182311,False,False,平稳
2026-01-26,2.548990713383503,False,False,平稳
2026-01-27,2.540209365720668,False,False,平稳
2026-01-28,2.540427574688436,False,False,平稳
2026-01-29,2.4049392191551515,False,False,平稳
2026-01-30,2.407502554895963,False,False,平稳
2026-02-02,2.413700154092154,False,False,平稳
2026-02-03,2.4205356094209107,False,False,平稳
2026-02-04,2.362740296479969,False,False,平稳
2026-02-05,2.407631408526255,False,False,平稳
2026-02-06,2.414094928265674,False,False,平稳
2026-02-09,2.417415511811291,False,False,平稳
2026-02-10,2.4061935386041626,False,False,平稳
2026-02-11,2.3865271390077303,False,False,平稳
2026-02-12,2.4547443274647613,False,False,平稳
2026-02-13,2.4613486019811703,False,False,平稳
2026-02-17,2.4612476241994026,False,False,平稳
2026-02-18,2.4595817720547153,False,False,平稳
2026-02-19,2.4426145882181975,False,False,平稳
2026-02-20,2.437876920990555,False,False,平稳
2026-02-23,2.460903041464984,False,False,平稳
2026-02-24,2.447927709405378,False,False,平稳
2026-02-25,2.4438523603149664,False,False,平稳
2026-02-26,2.456660139322425,False,False,平稳
2026-02-27,2.417182469105143,False,False,平稳
2026-03-02,2.559165119417026,False,False,平稳
2026-03-03,2.565766445109052,False,False,平稳
2026-03-04,2.589648234105718,False,False,平稳
2026-03-05,2.5811471767282637,False,False,平稳
2026-03-06,2.5770990817163266,False,False,平稳
2026-03-09,2.5751070829470666,False,False,平稳
2026-03-10,2.5388192833197114,False,False,平稳
2026-03-11,2.5753151293431666,False,False,平稳
2026-03-12,2.6235291606756226,False,False,平稳
2026-03-13,2.6335190446966097,False,False,平稳
2026-03-16,2.652879585478943,False,False,平稳
2026-03-17,2.6570812670156525,False,False,平稳
2026-03-18,2.6735464568779848,False,False,平稳
2026-03-19,2.6680253019154634,False,False,平稳
2026-03-20,2.8446641847084155,False,False,平稳
2026-03-23,2.8434625302940995,False,False,平稳
2026-03-24,2.844266732056758,False,False,平稳
2026-03-25,2.9552811173690476,False,False,平稳
2026-03-26,3.037176286713755,False,False,平稳
2026-03-27,3.037792155976991,False,False,平稳
2026-03-30,3.107879534426738,False,False,平稳
2026-03-31,3.118802638513711,False,False,平稳
2026-04-01,3.137730187058751,False,False,平稳
2026-04-02,3.14022549873657,False,False,平稳
2026-04-03,3.1339192670801777,False,False,平稳
2026-04-06,3.127052051032169,False,False,平稳
2026-04-07,3.1243323163544936,False,False,平稳
2026-04-08,3.192019162632057,False,False,平稳
2026-04-09,3.1875856456370353,False,False,平稳
2026-04-10,3.1799278238851167,False,False,平稳
2026-04-13,3.1893552205496882,False,False,平稳
2026-04-14,3.2522078959753107,False,False,平稳
2026-04-15,3.227285461288505,False,False,平稳
2026-04-16,3.217200284993585,False,False,平稳
2026-04-17,3.263527435833928,False,False,平稳
2026-04-20,3.257951458389218,False,False,平稳
2026-04-21,3.2743865191171864,False,False,平稳
2026-04-22,3.276146339517253,False,False,平稳
2026-04-23,3.2810342388452263,False,False,平稳
2026-04-24,3.2957345427442095,False,False,平稳
2026-04-27,3.2980842003363975,False,False,平稳
2026-04-28,3.2936575062753817,False,False,平稳
2026-04-29,3.329997815803238,False,False,平稳
2026-04-30,3.3327550358041713,False,False,平稳
2026-05-01,3.245022539129385,False,False,平稳
2026-05-04,3.245124727962547,False,False,平稳
2026-05-05,3.246689918723234,False,False,平稳
2026-05-06,3.3074283827597606,False,False,平稳
2026-05-07,3.3054203242758233,False,False,平稳
2026-05-08,3.23600659859273,False,False,平稳
2026-05-11,3.2340259012830415,False,False,平稳
2026-05-12,3.2492244922990516,False,False,平稳
2026-05-13,3.248915073901413,False,False,平稳
2026-05-14,3.24922247187368,False,False,平稳
2026-05-15,3.354677550874164,False,False,平稳
2026-05-18,3.3205918128642535,False,False,平稳
2026-05-19,3.326727565942257,False,False,平稳
2026-05-20,3.4056970854880486,False,False,平稳
2026-05-21,3.3929217265619855,False,False,平稳
2026-05-22,3.3622443610163937,False,False,平稳
2026-05-26,3.366026685247267,False,False,平稳
2026-05-27,3.366987138810505,False,False,平稳
2026-05-28,3.356636396479307,False,False,平稳
2026-05-29,3.3715397011967485,False,False,平稳
2026-06-01,3.371271884897212,False,False,平稳
2026-06-02,3.3712679730182233,False,False,平稳
2026-06-03,3.378541856592258,False,False,平稳
2026-06-04,3.355012294963467,False,False,平稳
2026-06-05,3.366236058371139,False,False,平稳
2026-06-08,3.38658375049529,False,False,平稳
2026-06-09,3.3807245783176088,False,False,平稳
2026-06-10,3.379362691772292,False,False,平稳
2026-06-11,3.45282644279551,False,False,平稳
2026-06-12,3.4519328456260507,False,False,平稳
2026-06-15,3.305010584926268,False,False,平稳
2026-06-16,3.3115415607553937,False,False,平稳
2026-06-17,3.3680408426808306,False,False,平稳
2026-06-18,3.294823570102319,False,False,平稳
2026-06-22,3.204295188538071,False,False,平稳
2026-06-23,3.2053284418769286,False,False,平稳
2026-06-24,3.2007131368451276,False,False,平稳
2026-06-25,3.196533043073029,False,False,平稳
2026-06-26,2.7936551957387405,False,False,平稳
2026-06-29,2.7931533760614515,False,False,平稳
2026-06-30,2.842954850366153,False,False,平稳
2026-07-01,2.842954850366153,False,False,平稳
2026-07-02,3.588832405171196,False,False,平稳
2026-07-06,3.548121450179014,False,False,平稳
2026-07-07,3.605372147715894,False,False,平稳
2026-07-08,3.612697057197689,False,False,平稳
2026-07-09,3.609293481353722,False,False,平稳
2026-07-10,3.540209793223277,False,False,平稳
2026-07-13,3.5616199955466987,False,False,平稳
2026-07-14,3.564465210635476,False,False,平稳
2026-07-15,3.5298998137413116,False,False,平稳
2026-07-16,3.5322251635573707,False,False,平稳
2026-07-17,3.5103863326140456,False,False,平稳
2026-07-20,3.519918985079845,False,False,平稳
2026-07-21,3.524515911195648,False,False,平稳
2026-07-22,3.5210547339480156,False,False,平稳
2026-07-23,3.5311913265850174,False,False,平稳
2026-07-24,3.531967791395857,False,False,平稳
2026-07-27,3.527528026843953,False,False,平稳
2026-07-28,3.5403029972741846,False,False,平稳
2026-07-29,3.579707179086035,False,False,平稳
2026-07-30,3.57708610984616,False,False,平稳
2026-07-31,3.5727425102967403,False,False,平稳
2026-08-03,3.4878997448612954,False,False,平稳
2026-08-04,3.538358047245724,False,False,平稳
2026-08-05,3.539574393547581,False,False,平稳
2026-08-06,3.548947212023435,False,False,平稳
2026-08-07,3.54775217768537,False,False,平稳
2026-08-10,3.564354371470916,False,False,平稳
2026-08-11,3.5654363269059286,False,False,平稳
2026-08-12,3.462819861033231,False,False,平稳
2026-08-13,3.501382427052875,False,False,平稳
2026-08-14,3.5032722043826547,False,False,平稳
2026-08-17,3.4417271396391835,False,False,平稳
2026-08-18,3.4361431628982384,False,False,平稳
2026-08-19,3.4883237074560762,False,False,平稳
2026-08-20,3.429315021192479,False,False,平稳
2026-08-21,3.4326510997443904,False,False,平稳
2026-08-24,3.432958028961361,False,False,平稳
2026-08-25,3.4897295320188024,False,False,平稳
2026-08-26,3.494310386216491,False,False,平稳
2026-08-27,3.4957591286140177,False,False,平稳
2026-08-28,3.5196767487890424,False,False,平稳
2026-08-31,3.5169592069989974,False,False,平稳
2026-09-01,3.502423006477828,False,False,平稳
2026-09-02,3.4790146946455147,False,False,平稳
2026-09-03,3.447280596580357,False,False,平稳
2026-09-04,3.4461014882406378,False,False,平稳
