date,DEXCHUS,flag
2021-08-02,6.462,0
2021-08-03,6.47,0
2021-08-04,6.4655,0
2021-08-05,6.4608,0
2021-08-06,6.4825,0
2021-08-09,6.4857,0
2021-08-10,6.4852,0
2021-08-11,6.4783,0
2021-08-12,6.4782,0
2021-08-13,6.4768,0
2021-08-16,6.4742,0
2021-08-17,6.4854,0
2021-08-18,6.4841,0
2021-08-19,6.4942,0
2021-08-20,6.5012,0
2021-08-23,6.4805,0
2021-08-24,6.471,0
2021-08-25,6.4756,0
2021-08-26,6.4809,0
2021-08-27,6.4711,0
2021-08-30,6.4658,0
2021-08-31,6.4604,0
2021-09-01,6.4586,0
2021-09-02,6.456,0
2021-09-03,6.4528,0
2021-09-07,6.4662,0
2021-09-08,6.4612,0
2021-09-09,6.4547,0
2021-09-10,6.444,0
2021-09-13,6.4511,0
2021-09-14,6.4382,0
2021-09-15,6.432,0
2021-09-16,6.4566,0
2021-09-17,6.4655,0
2021-09-20,6.4651,0
2021-09-21,6.4651,0
2021-09-22,6.4611,0
2021-09-23,6.459,0
2021-09-24,6.466,0
2021-09-27,6.456,0
2021-09-28,6.4595,0
2021-09-29,6.4702,0
2021-09-30,6.4434,0
2021-10-01,6.4434,0
2021-10-04,6.4434,0
2021-10-05,6.4434,0
2021-10-06,6.4434,0
2021-10-07,6.4434,0
2021-10-08,6.4435,0
2021-10-12,6.4485,0
2021-10-13,6.4262,0
2021-10-14,6.438,0
2021-10-15,6.434,0
2021-10-18,6.429,0
2021-10-19,6.3822,0
2021-10-20,6.3936,0
2021-10-21,6.3925,0
2021-10-22,6.3839,0
2021-10-25,6.3856,0
2021-10-26,6.382,0
2021-10-27,6.3915,0
2021-10-28,6.3917,0
2021-10-29,6.405,0
2021-11-01,6.3972,0
2021-11-02,6.3995,0
2021-11-03,6.4061,0
2021-11-04,6.397,0
2021-11-05,6.3961,0
2021-11-08,6.3902,0
2021-11-09,6.3916,0
2021-11-10,6.3882,0
2021-11-12,6.3787,0
2021-11-15,6.3824,0
2021-11-16,6.3919,0
2021-11-17,6.3775,0
2021-11-18,6.3851,0
2021-11-19,6.3863,0
2021-11-22,6.3842,0
2021-11-23,6.391,0
2021-11-24,6.3917,0
2021-11-26,6.3924,0
2021-11-29,6.3875,0
2021-11-30,6.364,0
2021-12-01,6.3641,0
2021-12-02,6.3763,0
2021-12-03,6.3758,0
2021-12-06,6.3756,0
2021-12-07,6.3657,0
2021-12-08,6.3435,0
2021-12-09,6.3772,0
2021-12-10,6.3685,0
2021-12-13,6.3659,0
2021-12-14,6.3671,0
2021-12-15,6.3673,0
2021-12-16,6.3674,0
2021-12-17,6.3748,0
2021-12-20,6.3756,0
2021-12-21,6.3716,0
2021-12-22,6.3695,0
2021-12-23,6.3696,0
2021-12-27,6.3705,0
2021-12-28,6.3684,0
2021-12-29,6.368,0
2021-12-30,6.3726,0
2021-12-31,6.3726,1
2022-01-03,6.355,0
2022-01-04,6.3721,0
2022-01-05,6.364,0
2022-01-06,6.3822,0
2022-01-07,6.3769,0
2022-01-10,6.3756,0
2022-01-11,6.3735,0
2022-01-12,6.358,0
2022-01-13,6.3595,0
2022-01-14,6.3524,0
2022-01-18,6.3525,0
2022-01-19,6.3447,0
2022-01-20,6.3406,0
2022-01-21,6.3385,0
2022-01-24,6.3304,0
2022-01-25,6.3257,0
2022-01-26,6.3206,0
2022-01-27,6.3677,0
2022-01-28,6.3605,0
2022-01-31,6.361,0
2022-02-01,6.361,0
2022-02-02,6.361,0
2022-02-03,6.361,0
2022-02-04,6.361,0
2022-02-07,6.361,0
2022-02-08,6.366,0
2022-02-09,6.3619,0
2022-02-10,6.3526,0
2022-02-11,6.354,0
2022-02-14,6.3567,0
2022-02-15,6.3385,0
2022-02-16,6.3366,0
2022-02-17,6.3381,0
2022-02-18,6.3251,0
2022-02-22,6.326,0
2022-02-23,6.3134,0
2022-02-24,6.3283,0
2022-02-25,6.3169,0
2022-02-28,6.3084,0
2022-03-01,6.3116,0
2022-03-02,6.321,0
2022-03-03,6.3195,0
2022-03-04,6.3188,0
2022-03-07,6.3194,0
2022-03-08,6.3178,0
2022-03-09,6.3174,0
2022-03-10,6.3212,0
2022-03-11,6.3389,0
2022-03-14,6.3645,0
2022-03-15,6.3696,0
2022-03-16,6.351,0
2022-03-17,6.3459,0
2022-03-18,6.3609,0
2022-03-21,6.3552,0
2022-03-22,6.366,0
2022-03-23,6.372,0
2022-03-24,6.367,0
2022-03-25,6.3658,0
2022-03-28,6.3714,0
2022-03-29,6.3635,0
2022-03-30,6.347,0
2022-03-31,6.3393,0
2022-04-01,6.3625,0
2022-04-04,6.3619,0
2022-04-05,6.3619,0
2022-04-06,6.359,0
2022-04-07,6.36,0
2022-04-08,6.3643,0
2022-04-11,6.3692,0
2022-04-12,6.3651,0
2022-04-13,6.3678,0
2022-04-14,6.3775,0
2022-04-18,6.363,0
2022-04-19,6.393,0
2022-04-20,6.4188,0
2022-04-21,6.45,0
2022-04-22,6.501,0
2022-04-25,6.5585,0
2022-04-26,6.5552,0
2022-04-27,6.5595,0
2022-04-28,6.6243,0
2022-04-29,6.608,0
2022-05-02,6.6079,0
2022-05-03,6.6079,0
2022-05-04,6.6079,0
2022-05-05,6.6535,0
2022-05-06,6.6651,0
2022-05-09,6.7295,0
2022-05-10,6.7343,0
2022-05-11,6.7186,0
2022-05-12,6.786,0
2022-05-13,6.788,0
2022-05-16,6.7852,0
2022-05-17,6.7361,0
2022-05-18,6.754,0
2022-05-19,6.7109,0
2022-05-20,6.6921,0
2022-05-23,6.649,0
2022-05-24,6.653,0
2022-05-25,6.6916,0
2022-05-26,6.738,0
2022-05-27,6.698,0
2022-05-31,6.6715,0
2022-06-01,6.6858,0
2022-06-02,6.6596,0
2022-06-03,6.6595,0
2022-06-06,6.6534,0
2022-06-07,6.6675,0
2022-06-08,6.6825,0
2022-06-09,6.6915,0
2022-06-10,6.7081,0
2022-06-13,6.753,0
2022-06-14,6.7395,0
2022-06-15,6.7128,0
2022-06-16,6.703,0
2022-06-17,6.716,0
2022-06-21,6.688,0
2022-06-22,6.6983,0
2022-06-23,6.698,0
2022-06-24,6.6878,0
2022-06-27,6.6899,0
2022-06-28,6.707,0
2022-06-29,6.6997,0
2022-06-30,6.6981,0
2022-07-01,6.7,0
2022-07-05,6.7192,0
2022-07-06,6.707,0
2022-07-07,6.7005,0
2022-07-08,6.6945,0
2022-07-11,6.7175,0
2022-07-12,6.7234,0
2022-07-13,6.7175,0
2022-07-14,6.7542,0
2022-07-15,6.7565,0
2022-07-18,6.742,0
2022-07-19,6.743,0
2022-07-20,6.754,0
2022-07-21,6.7655,0
2022-07-22,6.75,0
2022-07-25,6.7499,0
2022-07-26,6.7616,0
2022-07-27,6.757,0
2022-07-28,6.7465,0
2022-07-29,6.7433,0
2022-08-01,6.7674,0
2022-08-02,6.7499,0
2022-08-03,6.7565,0
2022-08-04,6.7485,0
2022-08-05,6.7607,0
2022-08-08,6.7505,0
2022-08-09,6.7525,0
2022-08-10,6.723,0
2022-08-11,6.7445,0
2022-08-12,6.7425,0
2022-08-15,6.7715,0
2022-08-16,6.7875,0
2022-08-17,6.7805,0
2022-08-18,6.7855,0
2022-08-19,6.8164,0
2022-08-22,6.8476,0
2022-08-23,6.8476,0
2022-08-24,6.8581,0
2022-08-25,6.8477,0
2022-08-26,6.8715,0
2022-08-29,6.9067,0
2022-08-30,6.91,0
2022-08-31,6.889,0
2022-09-01,6.9066,0
2022-09-02,6.8985,0
2022-09-06,6.9532,0
2022-09-07,6.965,0
2022-09-08,6.9562,0
2022-09-09,6.924,0
2022-09-12,6.9265,0
2022-09-13,6.9245,0
2022-09-14,6.9612,0
2022-09-15,6.9934,0
2022-09-16,6.9799,0
2022-09-19,7.005,0
2022-09-20,7.0176,0
2022-09-21,7.0479,0
2022-09-22,7.0772,0
2022-09-23,7.1266,0
2022-09-26,7.1384,0
2022-09-27,7.176,0
2022-09-28,7.199,0
2022-09-29,7.1196,0
2022-09-30,7.1135,0
2022-10-03,7.1103,0
2022-10-04,7.1103,0
2022-10-05,7.1103,0
2022-10-06,7.1103,0
2022-10-07,7.1103,0
2022-10-11,7.1639,0
2022-10-12,7.172,0
2022-10-13,7.17,0
2022-10-14,7.1895,0
2022-10-17,7.1946,0
2022-10-18,7.2001,0
2022-10-19,7.228,0
2022-10-20,7.2129,0
2022-10-21,7.2399,0
2022-10-24,7.2629,0
2022-10-25,7.2688,0
2022-10-26,7.171,0
2022-10-27,7.2239,0
2022-10-28,7.2499,0
2022-10-31,7.3048,0
2022-11-01,7.273,0
2022-11-02,7.289,0
2022-11-03,7.3,0
2022-11-04,7.2996,0
2022-11-07,7.2266,0
2022-11-08,7.2485,0
2022-11-09,7.2401,0
2022-11-10,7.184,0
2022-11-14,7.071,0
2022-11-15,7.044,0
2022-11-16,7.0964,0
2022-11-17,7.1551,0
2022-11-18,7.1192,0
2022-11-21,7.164,0
2022-11-22,7.1388,0
2022-11-23,7.158,0
2022-11-25,7.1642,0
2022-11-28,7.2074,0
2022-11-29,7.1568,0
2022-11-30,7.0879,0
2022-12-01,7.0424,0
2022-12-02,7.019,0
2022-12-05,6.961,0
2022-12-06,6.9935,0
2022-12-07,6.9702,0
2022-12-08,6.9649,0
2022-12-09,6.9559,0
2022-12-12,6.9773,0
2022-12-13,6.943,0
2022-12-14,6.9498,0
2022-12-15,6.9716,0
2022-12-16,6.9708,0
2022-12-19,6.9772,0
2022-12-20,6.96,0
2022-12-21,6.981,0
2022-12-22,6.9829,0
2022-12-23,6.988,0
2022-12-27,6.96,0
2022-12-28,6.9774,0
2022-12-29,6.9625,0
2022-12-30,6.8972,0
2023-01-03,6.9135,0
2023-01-04,6.8875,0
2023-01-05,6.88,0
2023-01-06,6.837,0
2023-01-09,6.77,0
2023-01-10,6.777,0
2023-01-11,6.77,0
2023-01-12,6.7365,0
2023-01-13,6.701,0
2023-01-17,6.7723,0
2023-01-18,6.7534,0
2023-01-19,6.7738,0
2023-01-20,6.7825,0
2023-01-23,6.7899,0
2023-01-24,6.7899,0
2023-01-25,6.7899,0
2023-01-26,6.7899,0
2023-01-27,6.7899,0
2023-01-30,6.7501,0
2023-01-31,6.754,0
2023-02-01,6.7406,0
2023-02-02,6.7266,0
2023-02-03,6.7733,0
2023-02-06,6.7918,0
2023-02-07,6.791,0
2023-02-08,6.789,0
2023-02-09,6.7782,0
2023-02-10,6.8106,0
2023-02-13,6.8198,0
2023-02-14,6.8255,0
2023-02-15,6.851,0
2023-02-16,6.859,0
2023-02-17,6.8661,0
2023-02-21,6.87,0
2023-02-22,6.8908,0
2023-02-23,6.9075,0
2023-02-24,6.9545,0
2023-02-27,6.945,0
2023-02-28,6.9325,0
2023-03-01,6.8656,0
2023-03-02,6.9122,0
2023-03-03,6.9048,0
2023-03-06,6.9295,0
2023-03-07,6.9605,0
2023-03-08,6.9496,0
2023-03-09,6.963,0
2023-03-10,6.9025,0
2023-03-13,6.8455,0
2023-03-14,6.868,0
2023-03-15,6.9005,0
2023-03-16,6.8965,0
2023-03-17,6.887,0
2023-03-20,6.877,0
2023-03-21,6.883,0
2023-03-22,6.8802,0
2023-03-23,6.8188,0
2023-03-24,6.8675,0
2023-03-27,6.8834,0
2023-03-28,6.8725,0
2023-03-29,6.8862,0
2023-03-30,6.87,0
2023-03-31,6.8676,0
2023-04-03,6.8776,0
2023-04-04,6.878,0
2023-04-05,6.8781,0
2023-04-06,6.875,0
2023-04-07,6.875,0
2023-04-10,6.8807,0
2023-04-11,6.8866,0
2023-04-12,6.873,0
2023-04-13,6.8677,0
2023-04-14,6.869,0
2023-04-17,6.8786,0
2023-04-18,6.8755,0
2023-04-19,6.8851,0
2023-04-20,6.8725,0
2023-04-21,6.892,0
2023-04-24,6.8958,0
2023-04-25,6.932,0
2023-04-26,6.9261,0
2023-04-27,6.922,0
2023-04-28,6.911,0
2023-05-01,6.9164,0
2023-05-02,6.9164,0
2023-05-03,6.9164,0
2023-05-04,6.9094,0
2023-05-05,6.9101,0
2023-05-08,6.9125,0
2023-05-09,6.9201,0
2023-05-10,6.9321,0
2023-05-11,6.948,0
2023-05-12,6.9575,0
2023-05-15,6.952,0
2023-05-16,6.9751,0
2023-05-17,6.9981,0
2023-05-18,7.0355,0
2023-05-19,7.006,0
2023-05-22,7.0351,0
2023-05-23,7.049,0
2023-05-24,7.0585,0
2023-05-25,7.0775,0
2023-05-26,7.063,0
2023-05-30,7.0792,0
2023-05-31,7.11,0
2023-06-01,7.0934,0
2023-06-02,7.0827,0
2023-06-05,7.105,0
2023-06-06,7.119,0
2023-06-07,7.1287,0
2023-06-08,7.1109,0
2023-06-09,7.1273,0
2023-06-12,7.1437,0
2023-06-13,7.1585,0
2023-06-14,7.148,0
2023-06-15,7.13,0
2023-06-16,7.125,0
2023-06-20,7.1811,0
2023-06-21,7.1779,0
2023-06-22,7.1777,0
2023-06-23,7.1777,0
2023-06-26,7.2364,0
2023-06-27,7.2193,0
2023-06-28,7.2436,0
2023-06-29,7.2515,0
2023-06-30,7.2513,0
2023-07-03,7.24,0
2023-07-05,7.2465,0
2023-07-06,7.25,0
2023-07-07,7.2205,0
2023-07-10,7.2315,0
2023-07-11,7.209,0
2023-07-12,7.1656,0
2023-07-13,7.15,0
2023-07-14,7.1403,0
2023-07-17,7.1711,0
2023-07-18,7.1786,0
2023-07-19,7.226,0
2023-07-20,7.1761,0
2023-07-21,7.1861,0
2023-07-24,7.1855,0
2023-07-25,7.134,0
2023-07-26,7.1503,0
2023-07-27,7.173,0
2023-07-28,7.1488,0
2023-07-31,7.1426,0
2023-08-01,7.1775,0
2023-08-02,7.192,0
2023-08-03,7.1651,0
2023-08-04,7.1709,0
2023-08-07,7.1895,0
2023-08-08,7.216,0
2023-08-09,7.2085,0
2023-08-10,7.2165,0
2023-08-11,7.2367,0
2023-08-14,7.2585,0
2023-08-15,7.2817,0
2023-08-16,7.2985,0
2023-08-17,7.291,0
2023-08-18,7.28,0
2023-08-21,7.2865,0
2023-08-22,7.293,0
2023-08-23,7.2771,0
2023-08-24,7.2786,0
2023-08-25,7.289,0
2023-08-28,7.29,0
2023-08-29,7.2796,0
2023-08-30,7.2839,0
2023-08-31,7.2582,0
2023-09-01,7.2606,0
2023-09-05,7.3018,0
2023-09-06,7.316,0
2023-09-07,7.3287,0
2023-09-08,7.343,0
2023-09-11,7.2882,0
2023-09-12,7.2911,0
2023-09-13,7.27,0
2023-09-14,7.277,0
2023-09-15,7.2744,0
2023-09-18,7.2915,0
2023-09-19,7.2964,0
2023-09-20,7.287,0
2023-09-21,7.3066,0
2023-09-22,7.298,0
2023-09-25,7.311,0
2023-09-26,7.31,0
2023-09-27,7.3105,0
2023-09-28,7.301,0
2023-09-29,7.296,0
2023-10-02,7.296,0
2023-10-03,7.296,0
2023-10-04,7.296,0
2023-10-05,7.296,0
2023-10-06,7.296,0
2023-10-10,7.2948,0
2023-10-11,7.2992,0
2023-10-12,7.3019,0
2023-10-13,7.3049,0
2023-10-16,7.3105,0
2023-10-17,7.3105,0
2023-10-18,7.3161,0
2023-10-19,7.3126,0
2023-10-20,7.3155,0
2023-10-23,7.3158,0
2023-10-24,7.309,0
2023-10-25,7.3165,0
2023-10-26,7.315,0
2023-10-27,7.3171,0
2023-10-30,7.3133,0
2023-10-31,7.3166,0
2023-11-01,7.3175,0
2023-11-02,7.316,0
2023-11-03,7.3005,0
2023-11-06,7.2695,0
2023-11-07,7.2788,0
2023-11-08,7.28,0
2023-11-09,7.2835,0
2023-11-10,7.2835,1
2023-11-13,7.289,0
2023-11-14,7.253,0
2023-11-15,7.2466,0
2023-11-16,7.2416,0
2023-11-17,7.212,0
2023-11-20,7.168,0
2023-11-21,7.1352,0
2023-11-22,7.155,0
2023-11-24,7.1488,0
2023-11-27,7.1528,0
2023-11-28,7.138,0
2023-11-29,7.13,0
2023-11-30,7.136,0
2023-12-01,7.1386,0
2023-12-04,7.1424,0
2023-12-05,7.1444,0
2023-12-06,7.158,0
2023-12-07,7.1515,0
2023-12-08,7.1645,0
2023-12-11,7.1765,0
2023-12-12,7.1755,0
2023-12-13,7.1725,0
2023-12-14,7.1088,0
2023-12-15,7.1179,0
2023-12-18,7.1297,0
2023-12-19,7.1287,0
2023-12-20,7.1355,0
2023-12-21,7.1381,0
2023-12-22,7.1315,0
2023-12-26,7.1432,0
2023-12-27,7.1405,0
2023-12-28,7.1065,0
2023-12-29,7.0999,0
2024-01-02,7.1426,0
2024-01-03,7.1497,0
2024-01-04,7.1589,0
2024-01-05,7.145,0
2024-01-08,7.154,0
2024-01-09,7.1675,0
2024-01-10,7.1711,0
2024-01-11,7.167,0
2024-01-12,7.1665,0
2024-01-16,7.1874,0
2024-01-17,7.196,0
2024-01-18,7.1961,0
2024-01-19,7.1931,0
2024-01-22,7.192,0
2024-01-23,7.172,0
2024-01-24,7.158,0
2024-01-25,7.169,0
2024-01-26,7.1763,0
2024-01-29,7.1798,0
2024-01-30,7.1755,0
2024-01-31,7.1673,0
2024-02-01,7.1799,0
2024-02-02,7.192,0
2024-02-05,7.1982,0
2024-02-06,7.1908,0
2024-02-07,7.1943,0
2024-02-08,7.1965,0
2024-02-09,7.1929,0
2024-02-12,7.1928,0
2024-02-13,7.1928,0
2024-02-14,7.1928,0
2024-02-15,7.1928,0
2024-02-16,7.1928,0
2024-02-20,7.1905,0
2024-02-21,7.1891,0
2024-02-22,7.1944,0
2024-02-23,7.197,0
2024-02-26,7.1972,0
2024-02-27,7.1977,0
2024-02-28,7.1976,0
2024-02-29,7.1977,0
2024-03-01,7.196,0
2024-03-04,7.1987,0
2024-03-05,7.1965,0
2024-03-06,7.1977,0
2024-03-07,7.1925,0
2024-03-08,7.1855,0
2024-03-11,7.182,0
2024-03-12,7.1804,0
2024-03-13,7.1875,0
2024-03-14,7.1932,0
2024-03-15,7.1953,0
2024-03-18,7.1981,0
2024-03-19,7.1991,0
2024-03-20,7.1992,0
2024-03-21,7.1993,0
2024-03-22,7.2289,0
2024-03-25,7.2102,0
2024-03-26,7.2176,0
2024-03-27,7.227,0
2024-03-28,7.2262,0
2024-04-01,7.2308,0
2024-04-02,7.232,0
2024-04-03,7.233,0
2024-04-04,7.2339,0
2024-04-05,7.2339,0
2024-04-08,7.2305,0
2024-04-09,7.2316,0
2024-04-10,7.2341,0
2024-04-11,7.2373,0
2024-04-12,7.2374,0
2024-04-15,7.2382,0
2024-04-16,7.2383,0
2024-04-17,7.2389,0
2024-04-18,7.2382,0
2024-04-19,7.2403,0
2024-04-22,7.2403,0
2024-04-23,7.2445,0
2024-04-24,7.246,0
2024-04-25,7.246,0
2024-04-26,7.2464,0
2024-04-29,7.2318,0
2024-04-30,7.2401,0
2024-05-01,7.2405,0
2024-05-02,7.2405,0
2024-05-03,7.2405,0
2024-05-06,7.2071,0
2024-05-07,7.2185,0
2024-05-08,7.2185,0
2024-05-09,7.2198,0
2024-05-10,7.226,0
2024-05-13,7.2325,0
2024-05-14,7.2335,0
2024-05-15,7.219,0
2024-05-16,7.2181,0
2024-05-17,7.2233,0
2024-05-20,7.2344,0
2024-05-21,7.2376,0
2024-05-22,7.2405,0
2024-05-23,7.2421,0
2024-05-24,7.2425,0
2024-05-28,7.2451,0
2024-05-29,7.2494,0
2024-05-30,7.2493,0
2024-05-31,7.241,0
2024-06-03,7.242,0
2024-06-04,7.2393,0
2024-06-05,7.2475,0
2024-06-06,7.2451,0
2024-06-07,7.2466,0
2024-06-10,7.2475,0
2024-06-11,7.2544,0
2024-06-12,7.2544,0
2024-06-13,7.2519,0
2024-06-14,7.2557,0
2024-06-17,7.2561,0
2024-06-18,7.2543,0
2024-06-20,7.2604,0
2024-06-21,7.2609,0
2024-06-24,7.2586,0
2024-06-25,7.2629,0
2024-06-26,7.2666,0
2024-06-27,7.2688,0
2024-06-28,7.2672,0
2024-07-01,7.2683,0
2024-07-02,7.2712,0
2024-07-03,7.2699,0
2024-07-05,7.268,0
2024-07-08,7.2683,0
2024-07-09,7.2725,0
2024-07-10,7.2758,0
2024-07-11,7.2573,0
2024-07-12,7.2495,0
2024-07-15,7.2592,0
2024-07-16,7.2685,0
2024-07-17,7.2607,0
2024-07-18,7.26,0
2024-07-19,7.2695,0
2024-07-22,7.2736,0
2024-07-23,7.2748,0
2024-07-24,7.2622,0
2024-07-25,7.231,0
2024-07-26,7.2502,0
2024-07-29,7.2597,0
2024-07-30,7.2511,0
2024-07-31,7.2193,0
2024-08-01,7.2441,0
2024-08-02,7.16,0
2024-08-05,7.13,0
2024-08-06,7.1563,0
2024-08-07,7.176,0
2024-08-08,7.1747,0
2024-08-09,7.166,0
2024-08-12,7.1744,0
2024-08-13,7.1558,0
2024-08-14,7.1382,0
2024-08-15,7.1734,0
2024-08-16,7.1644,0
2024-08-19,7.1393,0
2024-08-20,7.132,0
2024-08-21,7.1344,0
2024-08-22,7.144,0
2024-08-23,7.1244,0
2024-08-26,7.1212,0
2024-08-27,7.1244,0
2024-08-28,7.1245,0
2024-08-29,7.0972,0
2024-08-30,7.09,0
2024-09-03,7.1209,0
2024-09-04,7.1119,0
2024-09-05,7.0921,0
2024-09-06,7.0876,0
2024-09-09,7.1133,0
2024-09-10,7.1205,0
2024-09-11,7.1192,0
2024-09-12,7.1173,0
2024-09-13,7.093,0
2024-09-16,7.0958,0
2024-09-17,7.0958,0
2024-09-18,7.0812,0
2024-09-19,7.0675,0
2024-09-20,7.0505,0
2024-09-23,7.0508,0
2024-09-24,7.0318,0
2024-09-25,7.0315,0
2024-09-26,7.0106,0
2024-09-27,7.0111,0
2024-09-30,7.0176,0
2024-10-01,7.0175,0
2024-10-02,7.0175,0
2024-10-03,7.0175,0
2024-10-04,7.0175,0
2024-10-07,7.0175,0
2024-10-08,7.0595,0
2024-10-09,7.0818,0
2024-10-10,7.0794,0
2024-10-11,7.0667,0
2024-10-15,7.1192,0
2024-10-16,7.1192,0
2024-10-17,7.1216,0
2024-10-18,7.1015,0
2024-10-21,7.1189,0
2024-10-22,7.123,0
2024-10-23,7.1252,0
2024-10-24,7.119,0
2024-10-25,7.1199,0
2024-10-28,7.1254,0
2024-10-29,7.1301,0
2024-10-30,7.1229,0
2024-10-31,7.1178,0
2024-11-01,7.1214,0
2024-11-04,7.0995,0
2024-11-05,7.1047,0
2024-11-06,7.1782,0
2024-11-07,7.1412,0
2024-11-08,7.1785,0
2024-11-12,7.232,0
2024-11-13,7.2245,0
2024-11-14,7.2272,0
2024-11-15,7.2288,0
2024-11-18,7.2364,0
2024-11-19,7.2392,0
2024-11-20,7.2459,0
2024-11-21,7.2368,0
2024-11-22,7.2455,0
2024-11-25,7.2395,0
2024-11-26,7.252,0
2024-11-27,7.2458,0
2024-11-29,7.2423,0
2024-12-02,7.2714,0
2024-12-03,7.2858,0
2024-12-04,7.2632,0
2024-12-05,7.2558,0
2024-12-06,7.27,0
2024-12-09,7.2604,0
2024-12-10,7.25,0
2024-12-11,7.2605,0
2024-12-12,7.2685,0
2024-12-13,7.2756,0
2024-12-16,7.2836,0
2024-12-17,7.2846,0
2024-12-18,7.2864,0
2024-12-19,7.2965,0
2024-12-20,7.2953,0
2024-12-23,7.2977,0
2024-12-24,7.2946,0
2024-12-26,7.2981,0
2024-12-27,7.298,0
2024-12-30,7.2993,0
2024-12-31,7.2993,0
2025-01-02,7.2994,0
2025-01-03,7.3199,0
2025-01-06,7.3223,0
2025-01-07,7.3264,0
2025-01-08,7.3316,0
2025-01-09,7.3321,0
2025-01-10,7.3326,0
2025-01-13,7.3319,0
2025-01-14,7.3311,0
2025-01-15,7.3304,0
2025-01-16,7.3316,0
2025-01-17,7.3249,0
2025-01-21,7.2712,0
2025-01-22,7.2728,0
2025-01-23,7.288,0
2025-01-24,7.244,0
2025-01-27,7.2507,0
2025-01-28,7.2422,0
2025-01-29,7.2422,0
2025-01-30,7.2422,0
2025-01-31,7.2422,0
2025-02-03,7.2422,0
2025-02-04,7.2422,0
2025-02-05,7.272,0
2025-02-06,7.2883,0
2025-02-07,7.2943,0
2025-02-10,7.3045,0
2025-02-11,7.3072,0
2025-02-12,7.3088,0
2025-02-13,7.2888,0
2025-02-14,7.253,0
2025-02-18,7.2786,0
2025-02-19,7.2833,0
2025-02-20,7.2555,0
2025-02-21,7.2501,0
2025-02-24,7.2476,0
2025-02-25,7.2512,0
2025-02-26,7.2595,0
2025-02-27,7.2853,0
2025-02-28,7.2828,0
2025-03-03,7.2843,0
2025-03-04,7.2651,0
2025-03-05,7.2506,0
2025-03-06,7.2468,0
2025-03-07,7.234,0
2025-03-10,7.2591,0
2025-03-11,7.2278,0
2025-03-12,7.2372,0
2025-03-13,7.2439,0
2025-03-14,7.2377,0
2025-03-17,7.2327,0
2025-03-18,7.2273,0
2025-03-19,7.23,0
2025-03-20,7.2477,0
2025-03-21,7.2486,0
2025-03-24,7.2531,0
2025-03-25,7.2569,0
2025-03-26,7.2675,0
2025-03-27,7.2645,0
2025-03-28,7.2628,0
2025-03-31,7.2567,0
2025-04-01,7.2697,0
2025-04-02,7.2675,0
2025-04-03,7.2813,0
2025-04-04,7.2803,0
2025-04-07,7.3081,0
2025-04-08,7.3388,0
2025-04-09,7.3499,0
2025-04-10,7.314,0
2025-04-11,7.2915,0
2025-04-14,7.3119,0
2025-04-15,7.315,0
2025-04-16,7.3053,0
2025-04-17,7.299,0
2025-04-21,7.2914,0
2025-04-22,7.3118,0
2025-04-23,7.286,0
2025-04-24,7.2879,0
2025-04-25,7.2864,0
2025-04-28,7.2942,0
2025-04-29,7.269,0
2025-04-30,7.2706,0
2025-05-01,7.2706,0
2025-05-02,7.2706,0
2025-05-05,7.2706,0
2025-05-06,7.2164,0
2025-05-07,7.225,0
2025-05-08,7.234,0
2025-05-09,7.2364,0
2025-05-12,7.2018,0
2025-05-13,7.2057,0
2025-05-14,7.208,0
2025-05-15,7.2067,0
2025-05-16,7.209,0
2025-05-19,7.2144,0
2025-05-20,7.2194,0
2025-05-21,7.2019,0
2025-05-22,7.2037,0
2025-05-23,7.1798,0
2025-05-27,7.195,0
2025-05-28,7.1941,0
2025-05-29,7.1855,0
2025-05-30,7.1991,0
2025-06-02,7.1975,0
2025-06-03,7.1872,0
2025-06-04,7.1844,0
2025-06-05,7.175,0
2025-06-06,7.1886,0
2025-06-09,7.1802,0
2025-06-10,7.187,0
2025-06-11,7.1928,0
2025-06-12,7.1726,0
2025-06-13,7.181,0
2025-06-16,7.179,0
2025-06-17,7.1845,0
2025-06-18,7.1888,0
2025-06-20,7.1785,0
2025-06-23,7.179,0
2025-06-24,7.1713,0
2025-06-25,7.1764,0
2025-06-26,7.1675,0
2025-06-27,7.1721,0
2025-06-30,7.1636,0
2025-07-01,7.1647,0
2025-07-02,7.1649,0
2025-07-03,7.1684,0
2025-07-07,7.1744,0
2025-07-08,7.1738,0
2025-07-09,7.18,0
2025-07-10,7.1748,0
2025-07-11,7.1681,0
2025-07-14,7.167,0
2025-07-15,7.1729,0
2025-07-16,7.1791,0
2025-07-17,7.1832,0
2025-07-18,7.1776,0
2025-07-21,7.176,0
2025-07-22,7.1748,0
2025-07-23,7.1599,0
2025-07-24,7.1541,0
2025-07-25,7.1679,0
2025-07-28,7.1778,0
2025-07-29,7.1769,0
2025-07-30,7.1934,0
2025-07-31,7.2002,0
2025-08-01,7.2116,0
2025-08-04,7.178,0
2025-08-05,7.1835,0
2025-08-06,7.1822,0
2025-08-07,7.1806,0
2025-08-08,7.1839,0
2025-08-11,7.1884,0
2025-08-12,7.1785,0
2025-08-13,7.1744,0
2025-08-14,7.1795,0
2025-08-15,7.1817,0
2025-08-18,7.1847,0
2025-08-19,7.1819,0
2025-08-20,7.1757,0
2025-08-21,7.1793,0
2025-08-22,7.1651,0
2025-08-25,7.151,0
2025-08-26,7.152,0
2025-08-27,7.1536,0
2025-08-28,7.1306,0
2025-08-29,7.1304,0
2025-09-02,7.139,0
2025-09-03,7.1415,0
2025-09-04,7.1414,0
2025-09-05,7.1323,0
2025-09-08,7.1293,0
2025-09-09,7.1209,0
2025-09-10,7.1207,0
2025-09-11,7.1184,0
2025-09-12,7.1242,0
2025-09-15,7.1186,0
2025-09-16,7.1142,0
2025-09-17,7.1033,0
2025-09-18,7.1125,0
2025-09-19,7.1142,0
2025-09-22,7.114,0
2025-09-23,7.1116,0
2025-09-24,7.1315,0
2025-09-25,7.1338,0
2025-09-26,7.1328,0
2025-09-29,7.1194,0
2025-09-30,7.119,0
2025-10-01,7.12,0
2025-10-02,7.12,0
2025-10-03,7.12,0
2025-10-06,7.12,0
2025-10-07,7.12,0
2025-10-08,7.12,0
2025-10-09,7.1275,0
2025-10-10,7.134,0
2025-10-14,7.1384,0
2025-10-15,7.1262,0
2025-10-16,7.123,0
2025-10-17,7.1264,0
2025-10-20,7.1195,0
2025-10-21,7.1218,0
2025-10-22,7.1257,0
2025-10-23,7.1221,0
2025-10-24,7.1211,0
2025-10-27,7.1102,0
2025-10-28,7.0988,0
2025-10-29,7.098,0
2025-10-30,7.1097,0
2025-10-31,7.1169,0
2025-11-03,7.1222,0
2025-11-04,7.1295,0
2025-11-05,7.126,0
2025-11-06,7.1195,0
2025-11-07,7.1219,0
2025-11-10,7.1193,0
2025-11-12,7.112,0
2025-11-13,7.095,0
2025-11-14,7.0992,0
2025-11-17,7.1075,0
2025-11-18,7.1074,0
2025-11-19,7.1106,0
2025-11-20,7.1098,0
2025-11-21,7.1066,0
2025-11-24,7.102,0
2025-11-25,7.0845,0
2025-11-26,7.0758,0
2025-11-28,7.0751,0
2025-12-01,7.0717,0
2025-12-02,7.07,0
2025-12-03,7.0636,0
2025-12-04,7.0714,0
2025-12-05,7.0696,0
2025-12-08,7.071,0
2025-12-09,7.0633,0
2025-12-10,7.064,0
2025-12-11,7.0579,0
2025-12-12,7.0548,0
2025-12-15,7.047,0
2025-12-16,7.0417,0
2025-12-17,7.0431,0
2025-12-18,7.0404,0
2025-12-19,7.0409,0
2025-12-22,7.0367,0
2025-12-23,7.028,0
2025-12-24,7.0142,0
2025-12-26,7.0063,0
2025-12-29,7.0056,0
2025-12-30,6.9961,0
2025-12-31,6.9931,0
2026-01-02,6.9877,0
2026-01-05,6.988,0
2026-01-06,6.9834,0
2026-01-07,6.9965,0
2026-01-08,6.9835,0
2026-01-09,6.9772,0
2026-01-12,6.9731,0
2026-01-13,6.9775,0
2026-01-14,6.973,0
2026-01-15,6.966,0
2026-01-16,6.9681,0
2026-01-20,6.9599,0
2026-01-21,6.9637,0
2026-01-22,6.97,0
2026-01-23,6.9631,0
2026-01-26,6.9542,0
2026-01-27,6.9545,0
2026-01-28,6.9462,0
2026-01-29,6.948,0
2026-01-30,6.951,0
2026-02-02,6.9463,0
2026-02-03,6.9377,0
2026-02-04,6.9415,0
2026-02-05,6.9378,0
2026-02-06,6.9388,0
2026-02-09,6.92,0
2026-02-10,6.9106,0
2026-02-11,6.9125,0
2026-02-12,6.901,0
2026-02-13,6.908,0
2026-02-17,6.9031,0
2026-02-18,6.9031,0
2026-02-19,6.9031,0
2026-02-20,6.9031,0
2026-02-23,6.9031,0
2026-02-24,6.883,0
2026-02-25,6.8692,0
2026-02-26,6.8409,0
2026-02-27,6.8579,0
2026-03-02,6.8821,0
2026-03-03,6.8996,0
2026-03-04,6.8969,0
2026-03-05,6.8912,0
2026-03-06,6.8965,0
2026-03-09,6.9066,0
2026-03-10,6.8766,0
2026-03-11,6.8655,0
2026-03-12,6.8689,0
2026-03-13,6.8961,0
2026-03-16,6.8955,0
2026-03-17,6.8863,0
2026-03-18,6.8726,0
2026-03-19,6.8998,0
2026-03-20,6.8857,0
2026-03-23,6.8807,0
2026-03-24,6.8918,0
2026-03-25,6.9011,0
2026-03-26,6.9107,0
2026-03-27,6.9116,0
2026-03-30,6.9119,0
2026-03-31,6.898,0
2026-04-01,6.872,0
2026-04-02,6.8856,0
2026-04-03,6.8824,0
2026-04-06,6.8778,0
2026-04-07,6.8567,0
2026-04-08,6.8287,0
2026-04-09,6.8314,0
2026-04-10,6.8278,0
2026-04-13,6.8303,0
2026-04-14,6.8157,0
2026-04-15,6.818,0
2026-04-16,6.8208,0
2026-04-17,6.817,0
2026-04-20,6.8172,0
2026-04-21,6.8208,0
2026-04-22,6.8275,0
2026-04-23,6.826,0
2026-04-24,6.8359,0
2026-04-27,6.8228,0
2026-04-28,6.8374,0
2026-04-29,6.8375,0
2026-04-30,6.8273,0
2026-05-01,6.8276,0
2026-05-04,6.83,0
2026-05-05,6.8276,0
2026-05-06,6.811,0
2026-05-07,6.8014,0
2026-05-08,6.8005,0
2026-05-11,6.7948,0
2026-05-12,6.792,0
2026-05-13,6.7908,0
2026-05-14,6.7851,0
2026-05-15,6.8092,0
2026-05-18,6.8,0
2026-05-19,6.8145,0
2026-05-20,6.8005,0
2026-05-21,6.8025,0
2026-05-22,6.7945,0
2026-05-26,6.786,0
2026-05-27,6.7788,0
2026-05-28,6.7796,0
2026-05-29,6.7662,0
2026-06-01,6.765,0
2026-06-02,6.7622,0
2026-06-03,6.7692,0
2026-06-04,6.7735,0
2026-06-05,6.7655,0
2026-06-08,6.7832,0
2026-06-09,6.7722,0
2026-06-10,6.7745,0
2026-06-11,6.7756,0
2026-06-12,6.7626,0
2026-06-15,6.757,0
2026-06-16,6.7562,0
2026-06-17,6.7577,0
2026-06-18,6.7686,0
2026-06-22,6.7745,0
2026-06-23,6.79,0
2026-06-24,6.8106,0
2026-06-25,6.7976,0
2026-06-26,6.798,0
2026-06-29,6.7936,0
2026-06-30,6.7851,0
2026-07-01,6.7942,0
2026-07-02,6.7886,0
2026-07-06,6.7958,0
2026-07-07,6.7934,0
2026-07-08,6.8025,0
2026-07-09,6.7921,0
2026-07-10,6.7766,0
2026-07-13,6.7795,0
2026-07-14,6.77,0
2026-07-15,6.7682,0
2026-07-16,6.7726,0
2026-07-17,6.776,0
2026-07-20,6.7668,0
2026-07-21,6.7656,0
2026-07-22,6.7725,0
2026-07-23,6.7701,0
2026-07-24,6.7719,0
2026-07-27,6.7657,0
2026-07-28,6.771,0
2026-07-29,6.7661,0
2026-07-30,6.755,0
2026-07-31,6.7509,0
2026-08-03,6.7563,0
2026-08-04,6.7532,0
2026-08-05,6.7483,0
2026-08-06,6.7488,0
2026-08-07,6.7474,0
2026-08-10,6.7452,0
2026-08-11,6.745,0
2026-08-12,6.7433,0
2026-08-13,6.7428,0
2026-08-14,6.7412,0
2026-08-17,6.7399,0
2026-08-18,6.743,0
2026-08-19,6.7295,0
2026-08-20,6.7225,0
2026-08-21,6.721,0
2026-08-24,6.7219,0
2026-08-25,6.7203,0
2026-08-26,6.7225,0
2026-08-27,6.7198,0
2026-08-28,6.726,0
