date,nav_usd,mkt_usd,source,flag
2021-08-02,2.0906,2.08,MoneyDJ(净値=华夏基金(香港)官方NAV镜像),0
2021-08-03,2.0915,2.084,MoneyDJ(净値=华夏基金(香港)官方NAV镜像),0
2021-08-04,2.0928,2.086,MoneyDJ(净値=华夏基金(香港)官方NAV镜像),0
2021-08-05,2.0894,2.088,MoneyDJ(净値=华夏基金(香港)官方NAV镜像),0
2021-08-06,2.0825,2.088,MoneyDJ(净値=华夏基金(香港)官方NAV镜像),0
2021-08-09,2.0808,2.084,MoneyDJ(净値=华夏基金(香港)官方NAV镜像),0
2021-08-10,2.0798,2.082,MoneyDJ(净値=华夏基金(香港)官方NAV镜像),0
2021-08-11,2.0829,2.082,MoneyDJ(净値=华夏基金(香港)官方NAV镜像),0
2021-08-12,2.083,2.082,MoneyDJ(净値=华夏基金(香港)官方NAV镜像),0
2021-08-13,2.0897,2.082,MoneyDJ(净値=华夏基金(香港)官方NAV镜像),0
2021-08-16,2.0924,2.086,MoneyDJ(净値=华夏基金(香港)官方NAV镜像),0
2021-08-17,2.0925,2.092,MoneyDJ(净値=华夏基金(香港)官方NAV镜像),0
2021-08-18,2.0953,2.092,MoneyDJ(净値=华夏基金(香港)官方NAV镜像),0
2021-08-19,2.0998,2.094,MoneyDJ(净値=华夏基金(香港)官方NAV镜像),0
2021-08-20,2.0991,2.094,MoneyDJ(净値=华夏基金(香港)官方NAV镜像),0
2021-08-23,2.1004,2.094,MoneyDJ(净値=华夏基金(香港)官方NAV镜像),0
2021-08-24,2.0972,2.094,MoneyDJ(净値=华夏基金(香港)官方NAV镜像),0
2021-08-25,2.0936,2.094,MoneyDJ(净値=华夏基金(香港)官方NAV镜像),0
2021-08-26,2.0962,2.094,MoneyDJ(净値=华夏基金(香港)官方NAV镜像),0
2021-08-27,2.0998,2.094,MoneyDJ(净値=华夏基金(香港)官方NAV镜像),0
2021-08-30,2.1034,2.096,MoneyDJ(净値=华夏基金(香港)官方NAV镜像),0
2021-08-31,2.1018,2.1,MoneyDJ(净値=华夏基金(香港)官方NAV镜像),0
2021-09-01,2.1027,2.1,MoneyDJ(净値=华夏基金(香港)官方NAV镜像),0
2021-09-02,2.1046,2.1,MoneyDJ(净値=华夏基金(香港)官方NAV镜像),0
2021-09-03,2.1024,2.1,MoneyDJ(净値=华夏基金(香港)官方NAV镜像),0
2021-09-07,2.1002,2.1,MoneyDJ(净値=华夏基金(香港)官方NAV镜像),0
2021-09-08,2.103,2.1,MoneyDJ(净値=华夏基金(香港)官方NAV镜像),0
2021-09-09,2.1075,2.1,MoneyDJ(净値=华夏基金(香港)官方NAV镜像),0
2021-09-10,2.1034,2.102,MoneyDJ(净値=华夏基金(香港)官方NAV镜像),0
2021-09-13,2.1058,2.102,MoneyDJ(净値=华夏基金(香港)官方NAV镜像),0
2021-09-14,2.1108,2.102,MoneyDJ(净値=华夏基金(香港)官方NAV镜像),0
2021-09-15,2.1058,2.104,MoneyDJ(净値=华夏基金(香港)官方NAV镜像),0
2021-09-16,2.1028,2.104,MoneyDJ(净値=华夏基金(香港)官方NAV镜像),0
2021-09-17,2.0991,2.102,MoneyDJ(净値=华夏基金(香港)官方NAV镜像),0
2021-09-20,2.1001,2.098,MoneyDJ(净値=华夏基金(香港)官方NAV镜像),0
2021-09-21,2.0985,2.098,MoneyDJ(净値=华夏基金(香港)官方NAV镜像),0
2021-09-22,2.0985,,,1
2021-09-23,2.091,2.098,MoneyDJ(净値=华夏基金(香港)官方NAV镜像),0
2021-09-24,2.088,2.092,MoneyDJ(净値=华夏基金(香港)官方NAV镜像),0
2021-09-27,2.087,2.088,MoneyDJ(净値=华夏基金(香港)官方NAV镜像),0
2021-09-28,2.081,2.082,MoneyDJ(净値=华夏基金(香港)官方NAV镜像),0
2021-09-29,2.0793,2.08,MoneyDJ(净値=华夏基金(香港)官方NAV镜像),0
2021-09-30,2.081,2.078,MoneyDJ(净値=华夏基金(香港)官方NAV镜像),0
2021-10-01,2.081,,,1
2021-10-04,2.069,2.063,MoneyDJ(净値=华夏基金(香港)官方NAV镜像),0
2021-10-05,2.061,2.062,MoneyDJ(净値=华夏基金(香港)官方NAV镜像),0
2021-10-06,2.0593,2.06,MoneyDJ(净値=华夏基金(香港)官方NAV镜像),0
2021-10-07,2.0544,2.06,MoneyDJ(净値=华夏基金(香港)官方NAV镜像),0
2021-10-08,2.0507,2.056,MoneyDJ(净値=华夏基金(香港)官方NAV镜像),0
2021-10-12,2.0467,2.04,MoneyDJ(净値=华夏基金(香港)官方NAV镜像),0
2021-10-13,2.0467,,,1
2021-10-14,2.0467,,,1
2021-10-15,2.0531,2.052,MoneyDJ(净値=华夏基金(香港)官方NAV镜像),0
2021-10-18,2.0548,2.052,MoneyDJ(净値=华夏基金(香港)官方NAV镜像),0
2021-10-19,2.0523,2.054,MoneyDJ(净値=华夏基金(香港)官方NAV镜像),0
2021-10-20,2.0522,2.054,MoneyDJ(净値=华夏基金(香港)官方NAV镜像),0
2021-10-21,2.049,2.054,MoneyDJ(净値=华夏基金(香港)官方NAV镜像),0
2021-10-22,2.0538,2.052,MoneyDJ(净値=华夏基金(香港)官方NAV镜像),0
2021-10-25,2.0553,2.052,MoneyDJ(净値=华夏基金(香港)官方NAV镜像),0
2021-10-26,2.0571,2.052,MoneyDJ(净値=华夏基金(香港)官方NAV镜像),0
2021-10-27,2.0633,2.054,MoneyDJ(净値=华夏基金(香港)官方NAV镜像),0
2021-10-28,2.0595,2.062,MoneyDJ(净値=华夏基金(香港)官方NAV镜像),0
2021-10-29,2.0621,2.058,MoneyDJ(净値=华夏基金(香港)官方NAV镜像),0
2021-11-01,2.0587,2.058,MoneyDJ(净値=华夏基金(香港)官方NAV镜像),0
2021-11-02,2.0594,2.058,MoneyDJ(净値=华夏基金(香港)官方NAV镜像),0
2021-11-03,2.0563,2.058,MoneyDJ(净値=华夏基金(香港)官方NAV镜像),0
2021-11-04,2.0621,2.058,MoneyDJ(净値=华夏基金(香港)官方NAV镜像),0
2021-11-05,2.0655,2.064,MoneyDJ(净値=华夏基金(香港)官方NAV镜像),0
2021-11-08,2.0579,2.064,MoneyDJ(净値=华夏基金(香港)官方NAV镜像),0
2021-11-09,2.0591,2.058,MoneyDJ(净値=华夏基金(香港)官方NAV镜像),0
2021-11-10,2.0509,2.058,MoneyDJ(净値=华夏基金(香港)官方NAV镜像),0
2021-11-12,2.0541,2.058,MoneyDJ(净値=华夏基金(香港)官方NAV镜像),0
2021-11-15,2.0514,2.058,MoneyDJ(净値=华夏基金(香港)官方NAV镜像),0
2021-11-16,2.0503,2.056,MoneyDJ(净値=华夏基金(香港)官方NAV镜像),0
2021-11-17,2.0572,2.056,MoneyDJ(净値=华夏基金(香港)官方NAV镜像),0
2021-11-18,2.0607,2.06,MoneyDJ(净値=华夏基金(香港)官方NAV镜像),0
2021-11-19,2.0633,2.06,MoneyDJ(净値=华夏基金(香港)官方NAV镜像),0
2021-11-22,2.0568,2.062,MoneyDJ(净値=华夏基金(香港)官方NAV镜像),0
2021-11-23,2.0516,2.062,MoneyDJ(净値=华夏基金(香港)官方NAV镜像),0
2021-11-24,2.0563,2.056,MoneyDJ(净値=华夏基金(香港)官方NAV镜像),0
2021-11-26,2.066,2.056,MoneyDJ(净値=华夏基金(香港)官方NAV镜像),0
2021-11-29,2.0615,2.056,MoneyDJ(净値=华夏基金(香港)官方NAV镜像),0
2021-11-30,2.0657,2.06,MoneyDJ(净値=华夏基金(香港)官方NAV镜像),0
2021-12-01,2.0667,2.06,MoneyDJ(净値=华夏基金(香港)官方NAV镜像),0
2021-12-02,2.0633,2.06,MoneyDJ(净値=华夏基金(香港)官方NAV镜像),0
2021-12-03,2.0709,2.062,MoneyDJ(净値=华夏基金(香港)官方NAV镜像),0
2021-12-06,2.0651,2.068,MoneyDJ(净値=华夏基金(香港)官方NAV镜像),0
2021-12-07,2.0626,2.068,MoneyDJ(净値=华夏基金(香港)官方NAV镜像),0
2021-12-08,2.0609,2.068,MoneyDJ(净値=华夏基金(香港)官方NAV镜像),0
2021-12-09,2.0645,2.066,MoneyDJ(净値=华夏基金(香港)官方NAV镜像),0
2021-12-10,2.0659,2.066,MoneyDJ(净値=华夏基金(香港)官方NAV镜像),0
2021-12-13,2.0719,2.066,MoneyDJ(净値=华夏基金(香港)官方NAV镜像),0
2021-12-14,2.0692,2.07,MoneyDJ(净値=华夏基金(香港)官方NAV镜像),0
2021-12-15,2.0659,2.07,MoneyDJ(净値=华夏基金(香港)官方NAV镜像),0
2021-12-16,2.0693,2.07,MoneyDJ(净値=华夏基金(香港)官方NAV镜像),0
2021-12-17,2.0715,2.07,MoneyDJ(净値=华夏基金(香港)官方NAV镜像),0
2021-12-20,2.0693,2.078,MoneyDJ(净値=华夏基金(香港)官方NAV镜像),0
2021-12-21,2.0674,2.074,MoneyDJ(净値=华夏基金(香港)官方NAV镜像),0
2021-12-22,2.0683,2.072,MoneyDJ(净値=华夏基金(香港)官方NAV镜像),0
2021-12-23,2.0643,2.072,MoneyDJ(净値=华夏基金(香港)官方NAV镜像),0
2021-12-27,2.0643,,,1
2021-12-28,2.0656,2.072,MoneyDJ(净値=华夏基金(香港)官方NAV镜像),0
2021-12-29,2.0613,2.072,MoneyDJ(净値=华夏基金(香港)官方NAV镜像),0
2021-12-30,2.0663,2.068,MoneyDJ(净値=华夏基金(香港)官方NAV镜像),0
2021-12-31,2.0661,2.068,MoneyDJ(净値=华夏基金(香港)官方NAV镜像),0
2022-01-03,2.0556,2.068,MoneyDJ(净値=华夏基金(香港)官方NAV镜像),0
2022-01-04,2.0408,2.046,MoneyDJ(净値=华夏基金(香港)官方NAV镜像),0
2022-01-05,2.0359,2.046,MoneyDJ(净値=华夏基金(香港)官方NAV镜像),0
2022-01-06,2.0291,2.036,MoneyDJ(净値=华夏基金(香港)官方NAV镜像),0
2022-01-07,2.0258,2.034,MoneyDJ(净値=华夏基金(香港)官方NAV镜像),0
2022-01-10,2.0248,2.028,MoneyDJ(净値=华夏基金(香港)官方NAV镜像),0
2022-01-11,2.0268,2.028,MoneyDJ(净値=华夏基金(香港)官方NAV镜像),0
2022-01-12,2.0245,2.028,MoneyDJ(净値=华夏基金(香港)官方NAV镜像),0
2022-01-13,2.0253,2.026,MoneyDJ(净値=华夏基金(香港)官方NAV镜像),0
2022-01-14,2.013,2.018,MoneyDJ(净値=华夏基金(香港)官方NAV镜像),0
2022-01-18,2.0004,2.006,MoneyDJ(净値=华夏基金(香港)官方NAV镜像),0
2022-01-19,2.0064,2.0,MoneyDJ(净値=华夏基金(香港)官方NAV镜像),0
2022-01-20,2.0095,2.004,MoneyDJ(净値=华夏基金(香港)官方NAV镜像),0
2022-01-21,2.016,2.006,MoneyDJ(净値=华夏基金(香港)官方NAV镜像),0
2022-01-24,2.0129,2.01,MoneyDJ(净値=华夏基金(香港)官方NAV镜像),0
2022-01-25,2.0111,2.01,MoneyDJ(净値=华夏基金(香港)官方NAV镜像),0
2022-01-26,2.0033,2.01,MoneyDJ(净値=华夏基金(香港)官方NAV镜像),0
2022-01-27,2.0063,2.002,MoneyDJ(净値=华夏基金(香港)官方NAV镜像),0
2022-01-28,2.0074,2.002,MoneyDJ(净値=华夏基金(香港)官方NAV镜像),0
2022-01-31,2.0059,2.002,MoneyDJ(净値=华夏基金(香港)官方NAV镜像),0
2022-02-01,2.0059,,,1
2022-02-02,2.0059,,,1
2022-02-03,2.0059,,,1
2022-02-04,1.9918,2.002,MoneyDJ(净値=华夏基金(香港)官方NAV镜像),0
2022-02-07,1.9906,1.986,MoneyDJ(净値=华夏基金(香港)官方NAV镜像),0
2022-02-08,1.9851,1.986,MoneyDJ(净値=华夏基金(香港)官方NAV镜像),0
2022-02-09,1.9879,1.986,MoneyDJ(净値=华夏基金(香港)官方NAV镜像),0
2022-02-10,1.9756,1.986,MoneyDJ(净値=华夏基金(香港)官方NAV镜像),0
2022-02-11,1.9873,1.978,MoneyDJ(净値=华夏基金(香港)官方NAV镜像),0
2022-02-14,1.9755,1.978,MoneyDJ(净値=华夏基金(香港)官方NAV镜像),0
2022-02-15,1.9714,1.976,MoneyDJ(净値=华夏基金(香港)官方NAV镜像),0
2022-02-16,1.9749,1.974,MoneyDJ(净値=华夏基金(香港)官方NAV镜像),0
2022-02-17,1.9793,1.974,MoneyDJ(净値=华夏基金(香港)官方NAV镜像),0
2022-02-18,1.982,1.974,MoneyDJ(净値=华夏基金(香港)官方NAV镜像),0
2022-02-22,1.9782,1.98,MoneyDJ(净値=华夏基金(香港)官方NAV镜像),0
2022-02-23,1.9713,1.974,MoneyDJ(净値=华夏基金(香港)官方NAV镜像),0
2022-02-24,1.9664,1.97,MoneyDJ(净値=华夏基金(香港)官方NAV镜像),0
2022-02-25,1.9669,1.968,MoneyDJ(净値=华夏基金(香港)官方NAV镜像),0
2022-02-28,1.9742,1.968,MoneyDJ(净値=华夏基金(香港)官方NAV镜像),0
2022-03-01,1.9824,1.97,MoneyDJ(净値=华夏基金(香港)官方NAV镜像),0
2022-03-02,1.9622,1.976,MoneyDJ(净値=华夏基金(香港)官方NAV镜像),0
2022-03-03,1.9665,1.966,MoneyDJ(净値=华夏基金(香港)官方NAV镜像),0
2022-03-04,1.9725,1.966,MoneyDJ(净値=华夏基金(香港)官方NAV镜像),0
2022-03-07,1.962,1.968,MoneyDJ(净値=华夏基金(香港)官方NAV镜像),0
2022-03-08,1.95,1.956,MoneyDJ(净値=华夏基金(香港)官方NAV镜像),0
2022-03-09,1.9399,1.948,MoneyDJ(净値=华夏基金(香港)官方NAV镜像),0
2022-03-10,1.9388,1.946,MoneyDJ(净値=华夏基金(香港)官方NAV镜像),0
2022-03-11,1.9329,1.936,MoneyDJ(净値=华夏基金(香港)官方NAV镜像),0
2022-03-14,1.913,1.93,MoneyDJ(净値=华夏基金(香港)官方NAV镜像),0
2022-03-15,1.904,1.908,MoneyDJ(净値=华夏基金(香港)官方NAV镜像),0
2022-03-16,1.9087,1.896,MoneyDJ(净値=华夏基金(香港)官方NAV镜像),0
2022-03-17,1.9217,1.912,MoneyDJ(净値=华夏基金(香港)官方NAV镜像),0
2022-03-18,1.9259,1.918,MoneyDJ(净値=华夏基金(香港)官方NAV镜像),0
2022-03-21,1.914,1.92,MoneyDJ(净値=华夏基金(香港)官方NAV镜像),0
2022-03-22,1.9072,1.914,MoneyDJ(净値=华夏基金(香港)官方NAV镜像),0
2022-03-23,1.9207,1.912,MoneyDJ(净値=华夏基金(香港)官方NAV镜像),0
2022-03-24,1.9132,1.914,MoneyDJ(净値=华夏基金(香港)官方NAV镜像),0
2022-03-25,1.9016,1.914,MoneyDJ(净値=华夏基金(香港)官方NAV镜像),0
2022-03-28,1.9064,1.898,MoneyDJ(净値=华夏基金(香港)官方NAV镜像),0
2022-03-29,1.9164,1.906,MoneyDJ(净値=华夏基金(香港)官方NAV镜像),0
2022-03-30,1.9268,1.92,MoneyDJ(净値=华夏基金(香港)官方NAV镜像),0
2022-03-31,1.9278,1.926,MoneyDJ(净値=华夏基金(香港)官方NAV镜像),0
2022-04-01,1.9083,1.912,MoneyDJ(净値=华夏基金(香港)官方NAV镜像),0
2022-04-04,1.9086,1.912,MoneyDJ(净値=华夏基金(香港)官方NAV镜像),0
2022-04-05,1.9086,,,1
2022-04-06,1.8981,1.9,MoneyDJ(净値=华夏基金(香港)官方NAV镜像),0
2022-04-07,1.8963,1.9,MoneyDJ(净値=华夏基金(香港)官方NAV镜像),0
2022-04-08,1.8892,1.9,MoneyDJ(净値=华夏基金(香港)官方NAV镜像),0
2022-04-11,1.8818,1.888,MoneyDJ(净値=华夏基金(香港)官方NAV镜像),0
2022-04-12,1.883,1.88,MoneyDJ(净値=华夏基金(香港)官方NAV镜像),0
2022-04-13,1.8846,1.88,MoneyDJ(净値=华夏基金(香港)官方NAV镜像),0
2022-04-14,1.8751,1.886,MoneyDJ(净値=华夏基金(香港)官方NAV镜像),0
2022-04-18,1.8751,,,1
2022-04-19,1.8665,1.878,MoneyDJ(净値=华夏基金(香港)官方NAV镜像),0
2022-04-20,1.8717,1.868,MoneyDJ(净値=华夏基金(香港)官方NAV镜像),0
2022-04-21,1.866,1.868,MoneyDJ(净値=华夏基金(香港)官方NAV镜像),0
2022-04-22,1.863,1.866,MoneyDJ(净値=华夏基金(香港)官方NAV镜像),0
2022-04-25,1.8627,1.866,MoneyDJ(净値=华夏基金(香港)官方NAV镜像),0
2022-04-26,1.8702,1.866,MoneyDJ(净値=华夏基金(香港)官方NAV镜像),0
2022-04-27,1.8633,1.866,MoneyDJ(净値=华夏基金(香港)官方NAV镜像),0
2022-04-28,1.8626,1.866,MoneyDJ(净値=华夏基金(香港)官方NAV镜像),0
2022-04-29,1.857,1.864,MoneyDJ(净値=华夏基金(香港)官方NAV镜像),0
2022-05-02,1.857,,,1
2022-05-03,1.8479,1.85,MoneyDJ(净値=华夏基金(香港)官方NAV镜像),0
2022-05-04,1.8563,1.85,MoneyDJ(净値=华夏基金(香港)官方NAV镜像),0
2022-05-05,1.8476,1.85,MoneyDJ(净値=华夏基金(香港)官方NAV镜像),0
2022-05-06,1.8398,1.85,MoneyDJ(净値=华夏基金(香港)官方NAV镜像),0
2022-05-09,1.8398,,,1
2022-05-10,1.8422,1.842,MoneyDJ(净値=华夏基金(香港)官方NAV镜像),0
2022-05-11,1.8486,1.842,MoneyDJ(净値=华夏基金(香港)官方NAV镜像),0
2022-05-12,1.8465,1.846,MoneyDJ(净値=华夏基金(香港)官方NAV镜像),0
2022-05-13,1.8425,1.846,MoneyDJ(净値=华夏基金(香港)官方NAV镜像),0
2022-05-16,1.8466,1.846,MoneyDJ(净値=华夏基金(香港)官方NAV镜像),0
2022-05-17,1.8391,1.846,MoneyDJ(净値=华夏基金(香港)官方NAV镜像),0
2022-05-18,1.8476,1.842,MoneyDJ(净値=华夏基金(香港)官方NAV镜像),0
2022-05-19,1.8475,1.842,MoneyDJ(净値=华夏基金(香港)官方NAV镜像),0
2022-05-20,1.8539,1.85,MoneyDJ(净値=华夏基金(香港)官方NAV镜像),0
2022-05-23,1.8496,1.85,MoneyDJ(净値=华夏基金(香港)官方NAV镜像),0
2022-05-24,1.8591,1.852,MoneyDJ(净値=华夏基金(香港)官方NAV镜像),0
2022-05-25,1.8626,1.858,MoneyDJ(净値=华夏基金(香港)官方NAV镜像),0
2022-05-26,1.8658,1.866,MoneyDJ(净値=华夏基金(香港)官方NAV镜像),0
2022-05-27,1.8688,1.876,MoneyDJ(净値=华夏基金(香港)官方NAV镜像),0
2022-05-31,1.8651,1.876,MoneyDJ(净値=华夏基金(香港)官方NAV镜像),0
2022-06-01,1.8587,1.874,MoneyDJ(净値=华夏基金(香港)官方NAV镜像),0
2022-06-02,1.8598,1.87,MoneyDJ(净値=华夏基金(香港)官方NAV镜像),0
2022-06-03,1.8598,,,1
2022-06-06,1.8528,1.868,MoneyDJ(净値=华夏基金(香港)官方NAV镜像),0
2022-06-07,1.8576,1.864,MoneyDJ(净値=华夏基金(香港)官方NAV镜像),0
2022-06-08,1.8556,1.864,MoneyDJ(净値=华夏基金(香港)官方NAV镜像),0
2022-06-09,1.8543,1.864,MoneyDJ(净値=华夏基金(香港)官方NAV镜像),0
2022-06-10,1.8414,1.864,MoneyDJ(净値=华夏基金(香港)官方NAV镜像),0
2022-06-13,1.8168,1.83,MoneyDJ(净値=华夏基金(香港)官方NAV镜像),0
2022-06-14,1.8059,1.822,MoneyDJ(净値=华夏基金(香港)官方NAV镜像),0
2022-06-15,1.8219,1.816,MoneyDJ(净値=华夏基金(香港)官方NAV镜像),0
2022-06-16,1.8273,1.816,MoneyDJ(净値=华夏基金(香港)官方NAV镜像),0
2022-06-17,1.8234,1.822,MoneyDJ(净値=华夏基金(香港)官方NAV镜像),0
2022-06-21,1.8204,1.822,MoneyDJ(净値=华夏基金(香港)官方NAV镜像),0
2022-06-22,1.8304,1.822,MoneyDJ(净値=华夏基金(香港)官方NAV镜像),0
2022-06-23,1.8335,1.83,MoneyDJ(净値=华夏基金(香港)官方NAV镜像),0
2022-06-24,1.8305,1.832,MoneyDJ(净値=华夏基金(香港)官方NAV镜像),0
2022-06-27,1.8274,1.832,MoneyDJ(净値=华夏基金(香港)官方NAV镜像),0
2022-06-28,1.8275,1.832,MoneyDJ(净値=华夏基金(香港)官方NAV镜像),0
2022-06-29,1.831,1.832,MoneyDJ(净値=华夏基金(香港)官方NAV镜像),0
2022-06-30,1.8339,1.832,MoneyDJ(净値=华夏基金(香港)官方NAV镜像),0
2022-07-01,1.8339,,,1
2022-07-05,1.8427,1.838,MoneyDJ(净値=华夏基金(香港)官方NAV镜像),0
2022-07-06,1.8189,1.824,MoneyDJ(净値=华夏基金(香港)官方NAV镜像),0
2022-07-07,1.8124,1.822,MoneyDJ(净値=华夏基金(香港)官方NAV镜像),0
2022-07-08,1.8085,1.818,MoneyDJ(净値=华夏基金(香港)官方NAV镜像),0
2022-07-11,1.8142,1.814,MoneyDJ(净値=华夏基金(香港)官方NAV镜像),0
2022-07-12,1.8127,1.814,MoneyDJ(净値=华夏基金(香港)官方NAV镜像),0
2022-07-13,1.815,1.814,MoneyDJ(净値=华夏基金(香港)官方NAV镜像),0
2022-07-14,1.8093,1.814,MoneyDJ(净値=华夏基金(香港)官方NAV镜像),0
2022-07-15,1.8097,1.814,MoneyDJ(净値=华夏基金(香港)官方NAV镜像),0
2022-07-18,1.8069,1.812,MoneyDJ(净値=华夏基金(香港)官方NAV镜像),0
2022-07-19,1.8012,1.81,MoneyDJ(净値=华夏基金(香港)官方NAV镜像),0
2022-07-20,1.8016,1.808,MoneyDJ(净値=华夏基金(香港)官方NAV镜像),0
2022-07-21,1.8134,1.804,MoneyDJ(净値=华夏基金(香港)官方NAV镜像),0
2022-07-22,1.8263,1.814,MoneyDJ(净値=华夏基金(香港)官方NAV镜像),0
2022-07-25,1.8254,1.822,MoneyDJ(净値=华夏基金(香港)官方NAV镜像),0
2022-07-26,1.8267,1.824,MoneyDJ(净値=华夏基金(香港)官方NAV镜像),0
2022-07-27,1.8286,1.824,MoneyDJ(净値=华夏基金(香港)官方NAV镜像),0
2022-07-28,1.838,1.826,MoneyDJ(净値=华夏基金(香港)官方NAV镜像),0
2022-07-29,1.8419,1.836,MoneyDJ(净値=华夏基金(香港)官方NAV镜像),0
2022-08-01,1.8486,1.838,MoneyDJ(净値=华夏基金(香港)官方NAV镜像),0
2022-08-02,1.8362,1.848,MoneyDJ(净値=华夏基金(香港)官方NAV镜像),0
2022-08-03,1.8404,1.838,MoneyDJ(净値=华夏基金(香港)官方NAV镜像),0
2022-08-04,1.8438,1.838,MoneyDJ(净値=华夏基金(香港)官方NAV镜像),0
2022-08-05,1.8306,1.838,MoneyDJ(净値=华夏基金(香港)官方NAV镜像),0
2022-08-08,1.835,1.834,MoneyDJ(净値=华夏基金(香港)官方NAV镜像),0
2022-08-09,1.833,1.834,MoneyDJ(净値=华夏基金(香港)官方NAV镜像),0
2022-08-10,1.8331,1.834,MoneyDJ(净値=华夏基金(香港)官方NAV镜像),0
2022-08-11,1.8319,1.834,MoneyDJ(净値=华夏基金(香港)官方NAV镜像),0
2022-08-12,1.8367,1.834,MoneyDJ(净値=华夏基金(香港)官方NAV镜像),0
2022-08-15,1.8403,1.834,MoneyDJ(净値=华夏基金(香港)官方NAV镜像),0
2022-08-16,1.8416,1.838,MoneyDJ(净値=华夏基金(香港)官方NAV镜像),0
2022-08-17,1.8331,1.846,MoneyDJ(净値=华夏基金(香港)官方NAV镜像),0
2022-08-18,1.8339,1.84,MoneyDJ(净値=华夏基金(香港)官方NAV镜像),0
2022-08-19,1.8276,1.84,MoneyDJ(净値=华夏基金(香港)官方NAV镜像),0
2022-08-22,1.8201,1.832,MoneyDJ(净値=华夏基金(香港)官方NAV镜像),0
2022-08-23,1.8199,1.826,MoneyDJ(净値=华夏基金(香港)官方NAV镜像),0
2022-08-24,1.8188,1.826,MoneyDJ(净値=华夏基金(香港)官方NAV镜像),0
2022-08-25,1.8265,1.826,MoneyDJ(净値=华夏基金(香港)官方NAV镜像),0
2022-08-26,1.8289,1.826,MoneyDJ(净値=华夏基金(香港)官方NAV镜像),0
2022-08-29,1.8191,1.826,MoneyDJ(净値=华夏基金(香港)官方NAV镜像),0
2022-08-30,1.8214,1.826,MoneyDJ(净値=华夏基金(香港)官方NAV镜像),0
2022-08-31,1.8175,1.826,MoneyDJ(净値=华夏基金(香港)官方NAV镜像),0
2022-09-01,1.8089,1.822,MoneyDJ(净値=华夏基金(香港)官方NAV镜像),0
2022-09-02,1.812,1.818,MoneyDJ(净値=华夏基金(香港)官方NAV镜像),0
2022-09-06,1.8023,1.818,MoneyDJ(净値=华夏基金(香港)官方NAV镜像),0
2022-09-07,1.808,1.81,MoneyDJ(净値=华夏基金(香港)官方NAV镜像),0
2022-09-08,1.8058,1.81,MoneyDJ(净値=华夏基金(香港)官方NAV镜像),0
2022-09-09,1.8063,1.81,MoneyDJ(净値=华夏基金(香港)官方NAV镜像),0
2022-09-12,1.8063,,,1
2022-09-13,1.8006,1.81,MoneyDJ(净値=华夏基金(香港)官方NAV镜像),0
2022-09-14,1.7961,1.806,MoneyDJ(净値=华夏基金(香港)官方NAV镜像),0
2022-09-15,1.7942,1.804,MoneyDJ(净値=华夏基金(香港)官方NAV镜像),0
2022-09-16,1.7925,1.802,MoneyDJ(净値=华夏基金(香港)官方NAV镜像),0
2022-09-19,1.7901,1.8,MoneyDJ(净値=华夏基金(香港)官方NAV镜像),0
2022-09-20,1.7861,1.798,MoneyDJ(净値=华夏基金(香港)官方NAV镜像),0
2022-09-21,1.7879,1.794,MoneyDJ(净値=华夏基金(香港)官方NAV镜像),0
2022-09-22,1.7752,1.794,MoneyDJ(净値=华夏基金(香港)官方NAV镜像),0
2022-09-23,1.7718,1.78,MoneyDJ(净値=华夏基金(香港)官方NAV镜像),0
2022-09-26,1.7557,1.77,MoneyDJ(净値=华夏基金(香港)官方NAV镜像),0
2022-09-27,1.7478,1.762,MoneyDJ(净値=华夏基金(香港)官方NAV镜像),0
2022-09-28,1.7575,1.744,MoneyDJ(净値=华夏基金(香港)官方NAV镜像),0
2022-09-29,1.7511,1.748,MoneyDJ(净値=华夏基金(香港)官方NAV镜像),0
2022-09-30,1.7483,1.748,MoneyDJ(净値=华夏基金(香港)官方NAV镜像),0
2022-10-03,1.7568,1.748,MoneyDJ(净値=华夏基金(香港)官方NAV镜像),0
2022-10-04,1.7568,,,1
2022-10-05,1.7544,1.756,MoneyDJ(净値=华夏基金(香港)官方NAV镜像),0
2022-10-06,1.7362,1.742,MoneyDJ(净値=华夏基金(香港)官方NAV镜像),0
2022-10-07,1.7314,1.742,MoneyDJ(净値=华夏基金(香港)官方NAV镜像),0
2022-10-11,1.7221,1.728,MoneyDJ(净値=华夏基金(香港)官方NAV镜像),0
2022-10-12,1.7223,1.728,MoneyDJ(净値=华夏基金(香港)官方NAV镜像),0
2022-10-13,1.7145,1.726,MoneyDJ(净値=华夏基金(香港)官方NAV镜像),0
2022-10-14,1.7088,1.704,MoneyDJ(净値=华夏基金(香港)官方NAV镜像),0
2022-10-17,1.7049,1.704,MoneyDJ(净値=华夏基金(香港)官方NAV镜像),0
2022-10-18,1.7064,1.704,MoneyDJ(净値=华夏基金(香港)官方NAV镜像),0
2022-10-19,1.6974,1.704,MoneyDJ(净値=华夏基金(香港)官方NAV镜像),0
2022-10-20,1.688,1.702,MoneyDJ(净値=华夏基金(香港)官方NAV镜像),0
2022-10-21,1.6857,1.692,MoneyDJ(净値=华夏基金(香港)官方NAV镜像),0
2022-10-24,1.6824,1.692,MoneyDJ(净値=华夏基金(香港)官方NAV镜像),0
2022-10-25,1.6865,1.688,MoneyDJ(净値=华夏基金(香港)官方NAV镜像),0
2022-10-26,1.6916,1.688,MoneyDJ(净値=华夏基金(香港)官方NAV镜像),0
2022-10-27,1.6984,1.688,MoneyDJ(净値=华夏基金(香港)官方NAV镜像),0
2022-10-28,1.6937,1.688,MoneyDJ(净値=华夏基金(香港)官方NAV镜像),0
2022-10-31,1.6876,1.688,MoneyDJ(净値=华夏基金(香港)官方NAV镜像),0
2022-11-01,1.6874,1.688,MoneyDJ(净値=华夏基金(香港)官方NAV镜像),0
2022-11-02,1.6867,1.688,MoneyDJ(净値=华夏基金(香港)官方NAV镜像),0
2022-11-03,1.6805,1.688,MoneyDJ(净値=华夏基金(香港)官方NAV镜像),0
2022-11-04,1.6791,1.686,MoneyDJ(净値=华夏基金(香港)官方NAV镜像),0
2022-11-07,1.6787,1.686,MoneyDJ(净値=华夏基金(香港)官方NAV镜像),0
2022-11-08,1.6857,1.686,MoneyDJ(净値=华夏基金(香港)官方NAV镜像),0
2022-11-09,1.6918,1.686,MoneyDJ(净値=华夏基金(香港)官方NAV镜像),0
2022-11-10,1.7092,1.686,MoneyDJ(净値=华夏基金(香港)官方NAV镜像),0
2022-11-14,1.7249,1.716,MoneyDJ(净値=华夏基金(香港)官方NAV镜像),0
2022-11-15,1.7361,1.716,MoneyDJ(净値=华夏基金(香港)官方NAV镜像),0
2022-11-16,1.7439,1.722,MoneyDJ(净値=华夏基金(香港)官方NAV镜像),0
2022-11-17,1.7379,1.734,MoneyDJ(净値=华夏基金(香港)官方NAV镜像),0
2022-11-18,1.7333,1.746,MoneyDJ(净値=华夏基金(香港)官方NAV镜像),0
2022-11-21,1.7336,1.744,MoneyDJ(净値=华夏基金(香港)官方NAV镜像),0
2022-11-22,1.7384,1.742,MoneyDJ(净値=华夏基金(香港)官方NAV镜像),0
2022-11-23,1.7455,1.742,MoneyDJ(净値=华夏基金(香港)官方NAV镜像),0
2022-11-25,1.7538,1.746,MoneyDJ(净値=华夏基金(香港)官方NAV镜像),0
2022-11-28,1.755,1.748,MoneyDJ(净値=华夏基金(香港)官方NAV镜像),0
2022-11-29,1.7548,1.764,MoneyDJ(净値=华夏基金(香港)官方NAV镜像),0
2022-11-30,1.7655,1.764,MoneyDJ(净値=华夏基金(香港)官方NAV镜像),0
2022-12-01,1.7816,1.764,MoneyDJ(净値=华夏基金(香港)官方NAV镜像),0
2022-12-02,1.7859,1.772,MoneyDJ(净値=华夏基金(香港)官方NAV镜像),0
2022-12-05,1.7804,1.778,MoneyDJ(净値=华夏基金(香港)官方NAV镜像),0
2022-12-06,1.7849,1.778,MoneyDJ(净値=华夏基金(香港)官方NAV镜像),0
2022-12-07,1.7918,1.778,MoneyDJ(净値=华夏基金(香港)官方NAV镜像),0
2022-12-08,1.7901,1.788,MoneyDJ(净値=华夏基金(香港)官方NAV镜像),0
2022-12-09,1.7843,1.788,MoneyDJ(净値=华夏基金(香港)官方NAV镜像),0
2022-12-12,1.7832,1.788,MoneyDJ(净値=华夏基金(香港)官方NAV镜像),0
2022-12-13,1.7909,1.788,MoneyDJ(净値=华夏基金(香港)官方NAV镜像),0
2022-12-14,1.7961,1.8,MoneyDJ(净値=华夏基金(香港)官方NAV镜像),0
2022-12-15,1.7976,1.8,MoneyDJ(净値=华夏基金(香港)官方NAV镜像),0
2022-12-16,1.7956,1.8,MoneyDJ(净値=华夏基金(香港)官方NAV镜像),0
2022-12-19,1.7888,1.8,MoneyDJ(净値=华夏基金(香港)官方NAV镜像),0
2022-12-20,1.7838,1.792,MoneyDJ(净値=华夏基金(香港)官方NAV镜像),0
2022-12-21,1.7836,1.788,MoneyDJ(净値=华夏基金(香港)官方NAV镜像),0
2022-12-22,1.7833,1.788,MoneyDJ(净値=华夏基金(香港)官方NAV镜像),0
2022-12-23,1.7791,1.788,MoneyDJ(净値=华夏基金(香港)官方NAV镜像),0
2022-12-27,1.7791,,,1
2022-12-28,1.7719,1.782,MoneyDJ(净値=华夏基金(香港)官方NAV镜像),0
2022-12-29,1.7761,1.78,MoneyDJ(净値=华夏基金(香港)官方NAV镜像),0
2022-12-30,1.7725,1.78,MoneyDJ(净値=华夏基金(香港)官方NAV镜像),0
2023-01-03,1.7772,1.78,MoneyDJ(净値=华夏基金(香港)官方NAV镜像),0
2023-01-04,1.77,1.766,MoneyDJ(净値=华夏基金(香港)官方NAV镜像),0
2023-01-05,1.7702,1.766,MoneyDJ(净値=华夏基金(香港)官方NAV镜像),0
2023-01-06,1.7807,1.766,MoneyDJ(净値=华夏基金(香港)官方NAV镜像),0
2023-01-09,1.7874,1.776,MoneyDJ(净値=华夏基金(香港)官方NAV镜像),0
2023-01-10,1.7825,1.78,MoneyDJ(净値=华夏基金(香港)官方NAV镜像),0
2023-01-11,1.7879,1.78,MoneyDJ(净値=华夏基金(香港)官方NAV镜像),0
2023-01-12,1.7962,1.796,MoneyDJ(净値=华夏基金(香港)官方NAV镜像),0
2023-01-13,1.7934,1.796,MoneyDJ(净値=华夏基金(香港)官方NAV镜像),0
2023-01-17,1.7947,1.788,MoneyDJ(净値=华夏基金(香港)官方NAV镜像),0
2023-01-18,1.8073,1.792,MoneyDJ(净値=华夏基金(香港)官方NAV镜像),0
2023-01-19,1.8095,1.804,MoneyDJ(净値=华夏基金(香港)官方NAV镜像),0
2023-01-20,1.8041,1.804,MoneyDJ(净値=华夏基金(香港)官方NAV镜像),0
2023-01-23,1.8041,,,1
2023-01-24,1.8041,,,1
2023-01-25,1.8041,,,1
2023-01-26,1.8037,1.804,MoneyDJ(净値=华夏基金(香港)官方NAV镜像),0
2023-01-27,1.8023,1.806,MoneyDJ(净値=华夏基金(香港)官方NAV镜像),0
2023-01-30,1.7993,1.812,MoneyDJ(净値=华夏基金(香港)官方NAV镜像),0
2023-01-31,1.8055,1.808,MoneyDJ(净値=华夏基金(香港)官方NAV镜像),0
2023-02-01,1.8132,1.808,MoneyDJ(净値=华夏基金(香港)官方NAV镜像),0
2023-02-02,1.8158,1.808,MoneyDJ(净値=华夏基金(香港)官方NAV镜像),0
2023-02-03,1.8092,1.812,MoneyDJ(净値=华夏基金(香港)官方NAV镜像),0
2023-02-06,1.8002,1.812,MoneyDJ(净値=华夏基金(香港)官方NAV镜像),0
2023-02-07,1.7976,1.806,MoneyDJ(净値=华夏基金(香港)官方NAV镜像),0
2023-02-08,1.8017,1.806,MoneyDJ(净値=华夏基金(香港)官方NAV镜像),0
2023-02-09,1.7966,1.806,MoneyDJ(净値=华夏基金(香港)官方NAV镜像),0
2023-02-10,1.7911,1.802,MoneyDJ(净値=华夏基金(香港)官方NAV镜像),0
2023-02-13,1.7913,1.794,MoneyDJ(净値=华夏基金(香港)官方NAV镜像),0
2023-02-14,1.7885,1.794,MoneyDJ(净値=华夏基金(香港)官方NAV镜像),0
2023-02-15,1.7855,1.794,MoneyDJ(净値=华夏基金(香港)官方NAV镜像),0
2023-02-16,1.7823,1.792,MoneyDJ(净値=华夏基金(香港)官方NAV镜像),0
2023-02-17,1.7822,1.786,MoneyDJ(净値=华夏基金(香港)官方NAV镜像),0
2023-02-21,1.7702,1.786,MoneyDJ(净値=华夏基金(香港)官方NAV镜像),0
2023-02-22,1.7705,1.778,MoneyDJ(净値=华夏基金(香港)官方NAV镜像),0
2023-02-23,1.7759,1.778,MoneyDJ(净値=华夏基金(香港)官方NAV镜像),0
2023-02-24,1.7704,1.778,MoneyDJ(净値=华夏基金(香港)官方NAV镜像),0
2023-02-27,1.7729,1.778,MoneyDJ(净値=华夏基金(香港)官方NAV镜像),0
2023-02-28,1.7762,1.778,MoneyDJ(净値=华夏基金(香港)官方NAV镜像),0
2023-03-01,1.7697,1.778,MoneyDJ(净値=华夏基金(香港)官方NAV镜像),0
2023-03-02,1.7654,1.778,MoneyDJ(净値=华夏基金(香港)官方NAV镜像),0
2023-03-03,1.7725,1.772,MoneyDJ(净値=华夏基金(香港)官方NAV镜像),0
2023-03-06,1.7721,1.772,MoneyDJ(净値=华夏基金(香港)官方NAV镜像),0
2023-03-07,1.7706,1.772,MoneyDJ(净値=华夏基金(香港)官方NAV镜像),0
2023-03-08,1.7677,1.772,MoneyDJ(净値=华夏基金(香港)官方NAV镜像),0
2023-03-09,1.7739,1.772,MoneyDJ(净値=华夏基金(香港)官方NAV镜像),0
2023-03-10,1.7893,1.772,MoneyDJ(净値=华夏基金(香港)官方NAV镜像),0
2023-03-13,1.8021,1.78,MoneyDJ(净値=华夏基金(香港)官方NAV镜像),0
2023-03-14,1.792,1.794,MoneyDJ(净値=华夏基金(香港)官方NAV镜像),0
2023-03-15,1.8058,1.794,MoneyDJ(净値=华夏基金(香港)官方NAV镜像),0
2023-03-16,1.7968,1.798,MoneyDJ(净値=华夏基金(香港)官方NAV镜像),0
2023-03-17,1.8097,1.798,MoneyDJ(净値=华夏基金(香港)官方NAV镜像),0
2023-03-20,1.802,1.802,MoneyDJ(净値=华夏基金(香港)官方NAV镜像),0
2023-03-21,1.7963,1.802,MoneyDJ(净値=华夏基金(香港)官方NAV镜像),0
2023-03-22,1.8089,1.802,MoneyDJ(净値=华夏基金(香港)官方NAV镜像),0
2023-03-23,1.8153,1.802,MoneyDJ(净値=华夏基金(香港)官方NAV镜像),0
2023-03-24,1.814,1.806,MoneyDJ(净値=华夏基金(香港)官方NAV镜像),0
2023-03-27,1.8023,1.806,MoneyDJ(净値=华夏基金(香港)官方NAV镜像),0
2023-03-28,1.8003,1.806,MoneyDJ(净値=华夏基金(香港)官方NAV镜像),0
2023-03-29,1.7997,1.804,MoneyDJ(净値=华夏基金(香港)官方NAV镜像),0
2023-03-30,1.8037,1.804,MoneyDJ(净値=华夏基金(香港)官方NAV镜像),0
2023-03-31,1.81,1.804,MoneyDJ(净値=华夏基金(香港)官方NAV镜像),0
2023-04-03,1.8011,1.79,MoneyDJ(净値=华夏基金(香港)官方NAV镜像),0
2023-04-04,1.8086,1.792,MoneyDJ(净値=华夏基金(香港)官方NAV镜像),0
2023-04-05,1.8086,,,1
2023-04-06,1.8118,1.804,MoneyDJ(净値=华夏基金(香港)官方NAV镜像),0
2023-04-07,1.8118,,,1
2023-04-10,1.8118,,,1
2023-04-11,1.8041,1.804,MoneyDJ(净値=华夏基金(香港)官方NAV镜像),0
2023-04-12,1.8072,1.804,MoneyDJ(净値=华夏基金(香港)官方NAV镜像),0
2023-04-13,1.806,1.804,MoneyDJ(净値=华夏基金(香港)官方NAV镜像),0
2023-04-14,1.8025,1.804,MoneyDJ(净値=华夏基金(香港)官方NAV镜像),0
2023-04-17,1.7984,1.804,MoneyDJ(净値=华夏基金(香港)官方NAV镜像),0
2023-04-18,1.7976,1.804,MoneyDJ(净値=华夏基金(香港)官方NAV镜像),0
2023-04-19,1.7945,1.804,MoneyDJ(净値=华夏基金(香港)官方NAV镜像),0
2023-04-20,1.7996,1.804,MoneyDJ(净値=华夏基金(香港)官方NAV镜像),0
2023-04-21,1.7972,1.804,MoneyDJ(净値=华夏基金(香港)官方NAV镜像),0
2023-04-24,1.8017,1.804,MoneyDJ(净値=华夏基金(香港)官方NAV镜像),0
2023-04-25,1.8123,1.804,MoneyDJ(净値=华夏基金(香港)官方NAV镜像),0
2023-04-26,1.8082,1.804,MoneyDJ(净値=华夏基金(香港)官方NAV镜像),0
2023-04-27,1.8019,1.804,MoneyDJ(净値=华夏基金(香港)官方NAV镜像),0
2023-04-28,1.8097,1.804,MoneyDJ(净値=华夏基金(香港)官方NAV镜像),0
2023-05-01,1.8097,,,1
2023-05-02,1.8109,1.804,MoneyDJ(净値=华夏基金(香港)官方NAV镜像),0
2023-05-03,1.8174,1.804,MoneyDJ(净値=华夏基金(香港)官方NAV镜像),0
2023-05-04,1.8181,1.81,MoneyDJ(净値=华夏基金(香港)官方NAV镜像),0
2023-05-05,1.8135,1.81,MoneyDJ(净値=华夏基金(香港)官方NAV镜像),0
2023-05-08,1.8083,1.81,MoneyDJ(净値=华夏基金(香港)官方NAV镜像),0
2023-05-09,1.8056,1.81,MoneyDJ(净値=华夏基金(香港)官方NAV镜像),0
2023-05-10,1.8129,1.81,MoneyDJ(净値=华夏基金(香港)官方NAV镜像),0
2023-05-11,1.8171,1.81,MoneyDJ(净値=华夏基金(香港)官方NAV镜像),0
2023-05-12,1.8119,1.81,MoneyDJ(净値=华夏基金(香港)官方NAV镜像),0
2023-05-15,1.8102,1.81,MoneyDJ(净値=华夏基金(香港)官方NAV镜像),0
2023-05-16,1.8076,1.81,MoneyDJ(净値=华夏基金(香港)官方NAV镜像),0
2023-05-17,1.8031,1.81,MoneyDJ(净値=华夏基金(香港)官方NAV镜像),0
2023-05-18,1.7971,1.81,MoneyDJ(净値=华夏基金(香港)官方NAV镜像),0
2023-05-19,1.794,1.804,MoneyDJ(净値=华夏基金(香港)官方NAV镜像),0
2023-05-22,1.7928,1.802,MoneyDJ(净値=华夏基金(香港)官方NAV镜像),0
2023-05-23,1.7935,1.798,MoneyDJ(净値=华夏基金(香港)官方NAV镜像),0
2023-05-24,1.7903,1.798,MoneyDJ(净値=华夏基金(香港)官方NAV镜像),0
2023-05-25,1.7844,1.796,MoneyDJ(净値=华夏基金(香港)官方NAV镜像),0
2023-05-26,1.7844,,,1
2023-05-30,1.7958,1.794,MoneyDJ(净値=华夏基金(香港)官方NAV镜像),0
2023-05-31,1.7996,1.794,MoneyDJ(净値=华夏基金(香港)官方NAV镜像),0
2023-06-01,1.8008,1.794,MoneyDJ(净値=华夏基金(香港)官方NAV镜像),0
2023-06-02,1.7954,1.794,MoneyDJ(净値=华夏基金(香港)官方NAV镜像),0
2023-06-05,1.7965,1.794,MoneyDJ(净値=华夏基金(香港)官方NAV镜像),0
2023-06-06,1.7967,1.794,MoneyDJ(净値=华夏基金(香港)官方NAV镜像),0
2023-06-07,1.7909,1.794,MoneyDJ(净値=华夏基金(香港)官方NAV镜像),0
2023-06-08,1.7963,1.794,MoneyDJ(净値=华夏基金(香港)官方NAV镜像),0
2023-06-09,1.7938,1.794,MoneyDJ(净値=华夏基金(香港)官方NAV镜像),0
2023-06-12,1.7956,1.794,MoneyDJ(净値=华夏基金(香港)官方NAV镜像),0
2023-06-13,1.7907,1.786,MoneyDJ(净値=华夏基金(香港)官方NAV镜像),0
2023-06-14,1.7932,1.786,MoneyDJ(净値=华夏基金(香港)官方NAV镜像),0
2023-06-15,1.8003,1.786,MoneyDJ(净値=华夏基金(香港)官方NAV镜像),0
2023-06-16,1.798,1.79,MoneyDJ(净値=华夏基金(香港)官方NAV镜像),0
2023-06-20,1.8006,1.792,MoneyDJ(净値=华夏基金(香港)官方NAV镜像),0
2023-06-21,1.8025,1.792,MoneyDJ(净値=华夏基金(香港)官方NAV镜像),0
2023-06-22,1.8025,,,1
2023-06-23,1.8001,1.792,MoneyDJ(净値=华夏基金(香港)官方NAV镜像),0
2023-06-26,1.8024,1.794,MoneyDJ(净値=华夏基金(香港)官方NAV镜像),0
2023-06-27,1.7991,1.794,MoneyDJ(净値=华夏基金(香港)官方NAV镜像),0
2023-06-28,1.803,1.794,MoneyDJ(净値=华夏基金(香港)官方NAV镜像),0
2023-06-29,1.7939,1.808,MoneyDJ(净値=华夏基金(香港)官方NAV镜像),0
2023-06-30,1.7969,1.8,MoneyDJ(净値=华夏基金(香港)官方NAV镜像),0
2023-07-03,1.7938,1.8,MoneyDJ(净値=华夏基金(香港)官方NAV镜像),0
2023-07-05,1.7903,1.8,MoneyDJ(净値=华夏基金(香港)官方NAV镜像),0
2023-07-06,1.7689,1.782,MoneyDJ(净値=华夏基金(香港)官方NAV镜像),0
2023-07-07,1.7659,1.774,MoneyDJ(净値=华夏基金(香港)官方NAV镜像),0
2023-07-10,1.7694,1.77,MoneyDJ(净値=华夏基金(香港)官方NAV镜像),0
2023-07-11,1.7719,1.77,MoneyDJ(净値=华夏基金(香港)官方NAV镜像),0
2023-07-12,1.7814,1.77,MoneyDJ(净値=华夏基金(香港)官方NAV镜像),0
2023-07-13,1.7914,1.774,MoneyDJ(净値=华夏基金(香港)官方NAV镜像),0
2023-07-14,1.7867,1.782,MoneyDJ(净値=华夏基金(香港)官方NAV镜像),0
2023-07-17,1.7867,,,1
2023-07-18,1.79,1.78,MoneyDJ(净値=华夏基金(香港)官方NAV镜像),0
2023-07-19,1.7942,1.782,MoneyDJ(净値=华夏基金(香港)官方NAV镜像),0
2023-07-20,1.7872,1.782,MoneyDJ(净値=华夏基金(香港)官方NAV镜像),0
2023-07-21,1.7868,1.782,MoneyDJ(净値=华夏基金(香港)官方NAV镜像),0
2023-07-24,1.784,1.782,MoneyDJ(净値=华夏基金(香港)官方NAV镜像),0
2023-07-25,1.7838,1.782,MoneyDJ(净値=华夏基金(香港)官方NAV镜像),0
2023-07-26,1.7869,1.782,MoneyDJ(净値=华夏基金(香港)官方NAV镜像),0
2023-07-27,1.7797,1.782,MoneyDJ(净値=华夏基金(香港)官方NAV镜像),0
2023-07-28,1.784,1.782,MoneyDJ(净値=华夏基金(香港)官方NAV镜像),0
2023-07-31,1.7867,1.782,MoneyDJ(净値=华夏基金(香港)官方NAV镜像),0
2023-08-01,1.7811,1.782,MoneyDJ(净値=华夏基金(香港)官方NAV镜像),0
2023-08-02,1.7772,1.782,MoneyDJ(净値=华夏基金(香港)官方NAV镜像),0
2023-08-03,1.7687,1.78,MoneyDJ(净値=华夏基金(香港)官方NAV镜像),0
2023-08-04,1.7783,1.776,MoneyDJ(净値=华夏基金(香港)官方NAV镜像),0
2023-08-07,1.777,1.776,MoneyDJ(净値=华夏基金(香港)官方NAV镜像),0
2023-08-08,1.7817,1.776,MoneyDJ(净値=华夏基金(香港)官方NAV镜像),0
2023-08-09,1.7821,1.776,MoneyDJ(净値=华夏基金(香港)官方NAV镜像),0
2023-08-10,1.7754,1.776,MoneyDJ(净値=华夏基金(香港)官方NAV镜像),0
2023-08-11,1.7721,1.776,MoneyDJ(净値=华夏基金(香港)官方NAV镜像),0
2023-08-14,1.7683,1.776,MoneyDJ(净値=华夏基金(香港)官方NAV镜像),0
2023-08-15,1.7636,1.772,MoneyDJ(净値=华夏基金(香港)官方NAV镜像),0
2023-08-16,1.7595,1.77,MoneyDJ(净値=华夏基金(香港)官方NAV镜像),0
2023-08-17,1.7561,1.764,MoneyDJ(净値=华夏基金(香港)官方NAV镜像),0
2023-08-18,1.7569,1.762,MoneyDJ(净値=华夏基金(香港)官方NAV镜像),0
2023-08-21,1.7487,1.76,MoneyDJ(净値=华夏基金(香港)官方NAV镜像),0
2023-08-22,1.7502,1.756,MoneyDJ(净値=华夏基金(香港)官方NAV镜像),0
2023-08-23,1.7617,1.756,MoneyDJ(净値=华夏基金(香港)官方NAV镜像),0
2023-08-24,1.7601,1.756,MoneyDJ(净値=华夏基金(香港)官方NAV镜像),0
2023-08-25,1.759,1.756,MoneyDJ(净値=华夏基金(香港)官方NAV镜像),0
2023-08-28,1.7604,1.756,MoneyDJ(净値=华夏基金(香港)官方NAV镜像),0
2023-08-29,1.7676,1.756,MoneyDJ(净値=华夏基金(香港)官方NAV镜像),0
2023-08-30,1.7694,1.76,MoneyDJ(净値=华夏基金(香港)官方NAV镜像),0
2023-08-31,1.7724,1.764,MoneyDJ(净値=华夏基金(香港)官方NAV镜像),0
2023-09-01,1.7724,,,1
2023-09-05,1.763,1.764,MoneyDJ(净値=华夏基金(香港)官方NAV镜像),0
2023-09-06,1.7613,1.764,MoneyDJ(净値=华夏基金(香港)官方NAV镜像),0
2023-09-07,1.7639,1.764,MoneyDJ(净値=华夏基金(香港)官方NAV镜像),0
2023-09-08,1.7639,,,1
2023-09-11,1.7611,1.764,MoneyDJ(净値=华夏基金(香港)官方NAV镜像),0
2023-09-12,1.7633,1.764,MoneyDJ(净値=华夏基金(香港)官方NAV镜像),0
2023-09-13,1.7642,1.764,MoneyDJ(净値=华夏基金(香港)官方NAV镜像),0
2023-09-14,1.7635,1.764,MoneyDJ(净値=华夏基金(香港)官方NAV镜像),0
2023-09-15,1.7612,1.764,MoneyDJ(净値=华夏基金(香港)官方NAV镜像),0
2023-09-18,1.7621,1.764,MoneyDJ(净値=华夏基金(香港)官方NAV镜像),0
2023-09-19,1.7593,1.764,MoneyDJ(净値=华夏基金(香港)官方NAV镜像),0
2023-09-20,1.7587,1.764,MoneyDJ(净値=华夏基金(香港)官方NAV镜像),0
2023-09-21,1.7511,1.76,MoneyDJ(净値=华夏基金(香港)官方NAV镜像),0
2023-09-22,1.7541,1.758,MoneyDJ(净値=华夏基金(香港)官方NAV镜像),0
2023-09-25,1.7485,1.758,MoneyDJ(净値=华夏基金(香港)官方NAV镜像),0
2023-09-26,1.7472,1.754,MoneyDJ(净値=华夏基金(香港)官方NAV镜像),0
2023-09-27,1.7436,1.754,MoneyDJ(净値=华夏基金(香港)官方NAV镜像),0
2023-09-28,1.7456,1.748,MoneyDJ(净値=华夏基金(香港)官方NAV镜像),0
2023-09-29,1.7469,1.748,MoneyDJ(净値=华夏基金(香港)官方NAV镜像),0
2023-10-02,1.7469,,,1
2023-10-03,1.7323,1.746,MoneyDJ(净値=华夏基金(香港)官方NAV镜像),0
2023-10-04,1.7349,1.73,MoneyDJ(净値=华夏基金(香港)官方NAV镜像),0
2023-10-05,1.7225,1.716,MoneyDJ(净値=华夏基金(香港)官方NAV镜像),0
2023-10-06,1.7187,1.716,MoneyDJ(净値=华夏基金(香港)官方NAV镜像),0
2023-10-10,1.7296,1.718,MoneyDJ(净値=华夏基金(香港)官方NAV镜像),0
2023-10-11,1.7361,1.726,MoneyDJ(净値=华夏基金(香港)官方NAV镜像),0
2023-10-12,1.728,1.728,MoneyDJ(净値=华夏基金(香港)官方NAV镜像),0
2023-10-13,1.7322,1.722,MoneyDJ(净値=华夏基金(香港)官方NAV镜像),0
2023-10-16,1.7269,1.722,MoneyDJ(净値=华夏基金(香港)官方NAV镜像),0
2023-10-17,1.7192,1.722,MoneyDJ(净値=华夏基金(香港)官方NAV镜像),0
2023-10-18,1.7149,1.722,MoneyDJ(净値=华夏基金(香港)官方NAV镜像),0
2023-10-19,1.7087,1.718,MoneyDJ(净値=华夏基金(香港)官方NAV镜像),0
2023-10-20,1.7118,1.716,MoneyDJ(净値=华夏基金(香港)官方NAV镜像),0
2023-10-23,1.7118,,,1
2023-10-24,1.7198,1.716,MoneyDJ(净値=华夏基金(香港)官方NAV镜像),0
2023-10-25,1.714,1.716,MoneyDJ(净値=华夏基金(香港)官方NAV镜像),0
2023-10-26,1.7191,1.716,MoneyDJ(净値=华夏基金(香港)官方NAV镜像),0
2023-10-27,1.7205,1.716,MoneyDJ(净値=华夏基金(香港)官方NAV镜像),0
2023-10-30,1.7194,1.716,MoneyDJ(净値=华夏基金(香港)官方NAV镜像),0
2023-10-31,1.7174,1.716,MoneyDJ(净値=华夏基金(香港)官方NAV镜像),0
2023-11-01,1.7269,1.716,MoneyDJ(净値=华夏基金(香港)官方NAV镜像),0
2023-11-02,1.7352,1.722,MoneyDJ(净値=华夏基金(香港)官方NAV镜像),0
2023-11-03,1.7443,1.73,MoneyDJ(净値=华夏基金(香港)官方NAV镜像),0
2023-11-06,1.7429,1.738,MoneyDJ(净値=华夏基金(香港)官方NAV镜像),0
2023-11-07,1.7468,1.738,MoneyDJ(净値=华夏基金(香港)官方NAV镜像),0
2023-11-08,1.7514,1.74,MoneyDJ(净値=华夏基金(香港)官方NAV镜像),0
2023-11-09,1.7426,1.744,MoneyDJ(净値=华夏基金(香港)官方NAV镜像),0
2023-11-10,1.7431,1.744,MoneyDJ(净値=华夏基金(香港)官方NAV镜像),0
2023-11-13,1.7444,1.744,MoneyDJ(净値=华夏基金(香港)官方NAV镜像),0
2023-11-14,1.756,1.744,MoneyDJ(净値=华夏基金(香港)官方NAV镜像),0
2023-11-15,1.7551,1.754,MoneyDJ(净値=华夏基金(香港)官方NAV镜像),0
2023-11-16,1.7622,1.754,MoneyDJ(净値=华夏基金(香港)官方NAV镜像),0
2023-11-17,1.7635,1.754,MoneyDJ(净値=华夏基金(香港)官方NAV镜像),0
2023-11-20,1.7661,1.756,MoneyDJ(净値=华夏基金(香港)官方NAV镜像),0
2023-11-21,1.769,1.76,MoneyDJ(净値=华夏基金(香港)官方NAV镜像),0
2023-11-22,1.7698,1.764,MoneyDJ(净値=华夏基金(香港)官方NAV镜像),0
2023-11-24,1.7674,1.764,MoneyDJ(净値=华夏基金(香港)官方NAV镜像),0
2023-11-27,1.7735,1.764,MoneyDJ(净値=华夏基金(香港)官方NAV镜像),0
2023-11-28,1.7792,1.764,MoneyDJ(净値=华夏基金(香港)官方NAV镜像),0
2023-11-29,1.787,1.776,MoneyDJ(净値=华夏基金(香港)官方NAV镜像),0
2023-11-30,1.7847,1.78,MoneyDJ(净値=华夏基金(香港)官方NAV镜像),0
2023-12-01,1.7935,1.78,MoneyDJ(净値=华夏基金(香港)官方NAV镜像),0
2023-12-04,1.7924,1.786,MoneyDJ(净値=华夏基金(香港)官方NAV镜像),0
2023-12-05,1.7999,1.786,MoneyDJ(净値=华夏基金(香港)官方NAV镜像),0
2023-12-06,1.8056,1.792,MoneyDJ(净値=华夏基金(香港)官方NAV镜像),0
2023-12-07,1.8056,1.8,MoneyDJ(净値=华夏基金(香港)官方NAV镜像),0
2023-12-08,1.8005,1.8,MoneyDJ(净値=华夏基金(香港)官方NAV镜像),0
2023-12-11,1.8002,1.8,MoneyDJ(净値=华夏基金(香港)官方NAV镜像),0
2023-12-12,1.8021,1.8,MoneyDJ(净値=华夏基金(香港)官方NAV镜像),0
2023-12-13,1.8172,1.8,MoneyDJ(净値=华夏基金(香港)官方NAV镜像),0
2023-12-14,1.8316,1.816,MoneyDJ(净値=华夏基金(香港)官方NAV镜像),0
2023-12-15,1.8309,1.824,MoneyDJ(净値=华夏基金(香港)官方NAV镜像),0
2023-12-18,1.8299,1.826,MoneyDJ(净値=华夏基金(香港)官方NAV镜像),0
2023-12-19,1.8318,1.826,MoneyDJ(净値=华夏基金(香港)官方NAV镜像),0
2023-12-20,1.8373,1.826,MoneyDJ(净値=华夏基金(香港)官方NAV镜像),0
2023-12-21,1.8356,1.83,MoneyDJ(净値=华夏基金(香港)官方NAV镜像),0
2023-12-22,1.8343,1.83,MoneyDJ(净値=华夏基金(香港)官方NAV镜像),0
2023-12-26,1.8343,,,1
2023-12-27,1.8427,1.83,MoneyDJ(净値=华夏基金(香港)官方NAV镜像),0
2023-12-28,1.8401,1.832,MoneyDJ(净値=华夏基金(香港)官方NAV镜像),0
2023-12-29,1.8394,1.836,MoneyDJ(净値=华夏基金(香港)官方NAV镜像),0
2024-01-02,1.8359,1.836,MoneyDJ(净値=华夏基金(香港)官方NAV镜像),0
2024-01-03,1.8208,1.822,MoneyDJ(净値=华夏基金(香港)官方NAV镜像),0
2024-01-04,1.8127,1.822,MoneyDJ(净値=华夏基金(香港)官方NAV镜像),0
2024-01-05,1.8062,1.82,MoneyDJ(净値=华夏基金(香港)官方NAV镜像),0
2024-01-08,1.8089,1.816,MoneyDJ(净値=华夏基金(香港)官方NAV镜像),0
2024-01-09,1.8084,1.816,MoneyDJ(净値=华夏基金(香港)官方NAV镜像),0
2024-01-10,1.8083,1.816,MoneyDJ(净値=华夏基金(香港)官方NAV镜像),0
2024-01-11,1.8157,1.816,MoneyDJ(净値=华夏基金(香港)官方NAV镜像),0
2024-01-12,1.8196,1.816,MoneyDJ(净値=华夏基金(香港)官方NAV镜像),0
2024-01-16,1.8136,1.816,MoneyDJ(净値=华夏基金(香港)官方NAV镜像),0
2024-01-17,1.8084,1.816,MoneyDJ(净値=华夏基金(香港)官方NAV镜像),0
2024-01-18,1.807,1.816,MoneyDJ(净値=华夏基金(香港)官方NAV镜像),0
2024-01-19,1.8064,1.812,MoneyDJ(净値=华夏基金(香港)官方NAV镜像),0
2024-01-22,1.8087,1.812,MoneyDJ(净値=华夏基金(香港)官方NAV镜像),0
2024-01-23,1.8075,1.812,MoneyDJ(净値=华夏基金(香港)官方NAV镜像),0
2024-01-24,1.8053,1.812,MoneyDJ(净値=华夏基金(香港)官方NAV镜像),0
2024-01-25,1.8091,1.812,MoneyDJ(净値=华夏基金(香港)官方NAV镜像),0
2024-01-26,1.8086,1.812,MoneyDJ(净値=华夏基金(香港)官方NAV镜像),0
2024-01-29,1.8147,1.812,MoneyDJ(净値=华夏基金(香港)官方NAV镜像),0
2024-01-30,1.8171,1.812,MoneyDJ(净値=华夏基金(香港)官方NAV镜像),0
2024-01-31,1.825,1.812,MoneyDJ(净値=华夏基金(香港)官方NAV镜像),0
2024-02-01,1.8308,1.816,MoneyDJ(净値=华夏基金(香港)官方NAV镜像),0
2024-02-02,1.8209,1.82,MoneyDJ(净値=华夏基金(香港)官方NAV镜像),0
2024-02-05,1.8108,1.82,MoneyDJ(净値=华夏基金(香港)官方NAV镜像),0
2024-02-06,1.8163,1.82,MoneyDJ(净値=华夏基金(香港)官方NAV镜像),0
2024-02-07,1.8158,1.806,MoneyDJ(净値=华夏基金(香港)官方NAV镜像),0
2024-02-08,1.8136,1.808,MoneyDJ(净値=华夏基金(香港)官方NAV镜像),0
2024-02-09,1.8126,1.808,MoneyDJ(净値=华夏基金(香港)官方NAV镜像),0
2024-02-12,1.8126,,,1
2024-02-13,1.8126,,,1
2024-02-14,1.8061,1.808,MoneyDJ(净値=华夏基金(香港)官方NAV镜像),0
2024-02-15,1.8099,1.808,MoneyDJ(净値=华夏基金(香港)官方NAV镜像),0
2024-02-16,1.8067,1.808,MoneyDJ(净値=华夏基金(香港)官方NAV镜像),0
2024-02-20,1.8098,1.808,MoneyDJ(净値=华夏基金(香港)官方NAV镜像),0
2024-02-21,1.8067,1.808,MoneyDJ(净値=华夏基金(香港)官方NAV镜像),0
2024-02-22,1.8074,1.808,MoneyDJ(净値=华夏基金(香港)官方NAV镜像),0
2024-02-23,1.8114,1.808,MoneyDJ(净値=华夏基金(香港)官方NAV镜像),0
2024-02-26,1.8109,1.808,MoneyDJ(净値=华夏基金(香港)官方NAV镜像),0
2024-02-27,1.8088,1.808,MoneyDJ(净値=华夏基金(香港)官方NAV镜像),0
2024-02-28,1.812,1.808,MoneyDJ(净値=华夏基金(香港)官方NAV镜像),0
2024-02-29,1.8145,1.808,MoneyDJ(净値=华夏基金(香港)官方NAV镜像),0
2024-03-01,1.8203,1.808,MoneyDJ(净値=华夏基金(香港)官方NAV镜像),0
2024-03-04,1.8181,1.812,MoneyDJ(净値=华夏基金(香港)官方NAV镜像),0
2024-03-05,1.8223,1.812,MoneyDJ(净値=华夏基金(香港)官方NAV镜像),0
2024-03-06,1.824,1.812,MoneyDJ(净値=华夏基金(香港)官方NAV镜像),0
2024-03-07,1.8262,1.816,MoneyDJ(净値=华夏基金(香港)官方NAV镜像),0
2024-03-08,1.8276,1.818,MoneyDJ(净値=华夏基金(香港)官方NAV镜像),0
2024-03-11,1.827,1.82,MoneyDJ(净値=华夏基金(香港)官方NAV镜像),0
2024-03-12,1.8236,1.82,MoneyDJ(净値=华夏基金(香港)官方NAV镜像),0
2024-03-13,1.8215,1.82,MoneyDJ(净値=华夏基金(香港)官方NAV镜像),0
2024-03-14,1.8151,1.82,MoneyDJ(净値=华夏基金(香港)官方NAV镜像),0
2024-03-15,1.8134,1.82,MoneyDJ(净値=华夏基金(香港)官方NAV镜像),0
2024-03-18,1.8127,1.82,MoneyDJ(净値=华夏基金(香港)官方NAV镜像),0
2024-03-19,1.8154,1.82,MoneyDJ(净値=华夏基金(香港)官方NAV镜像),0
2024-03-20,1.8185,1.82,MoneyDJ(净値=华夏基金(香港)官方NAV镜像),0
2024-03-21,1.8207,1.82,MoneyDJ(净値=华夏基金(香港)官方NAV镜像),0
2024-03-22,1.8248,1.82,MoneyDJ(净値=华夏基金(香港)官方NAV镜像),0
2024-03-25,1.8237,1.832,MoneyDJ(净値=华夏基金(香港)官方NAV镜像),0
2024-03-26,1.825,1.83,MoneyDJ(净値=华夏基金(香港)官方NAV镜像),0
2024-03-27,1.8278,1.83,MoneyDJ(净値=华夏基金(香港)官方NAV镜像),0
2024-03-28,1.827,1.83,MoneyDJ(净値=华夏基金(香港)官方NAV镜像),0
2024-04-01,1.827,,,1
2024-04-02,1.8189,1.828,MoneyDJ(净値=华夏基金(香港)官方NAV镜像),0
2024-04-03,1.8057,1.808,MoneyDJ(净値=华夏基金(香港)官方NAV镜像),0
2024-04-04,1.8057,,,1
2024-04-05,1.8024,1.808,MoneyDJ(净値=华夏基金(香港)官方NAV镜像),0
2024-04-08,1.8006,1.808,MoneyDJ(净値=华夏基金(香港)官方NAV镜像),0
2024-04-09,1.8047,1.806,MoneyDJ(净値=华夏基金(香港)官方NAV镜像),0
2024-04-10,1.7929,1.806,MoneyDJ(净値=华夏基金(香港)官方NAV镜像),0
2024-04-11,1.7905,1.798,MoneyDJ(净値=华夏基金(香港)官方NAV镜像),0
2024-04-12,1.7942,1.796,MoneyDJ(净値=华夏基金(香港)官方NAV镜像),0
2024-04-15,1.7897,1.796,MoneyDJ(净値=华夏基金(香港)官方NAV镜像),0
2024-04-16,1.7838,1.794,MoneyDJ(净値=华夏基金(香港)官方NAV镜像),0
2024-04-17,1.7892,1.79,MoneyDJ(净値=华夏基金(香港)官方NAV镜像),0
2024-04-18,1.7873,1.79,MoneyDJ(净値=华夏基金(香港)官方NAV镜像),0
2024-04-19,1.7877,1.79,MoneyDJ(净値=华夏基金(香港)官方NAV镜像),0
2024-04-22,1.7874,1.79,MoneyDJ(净値=华夏基金(香港)官方NAV镜像),0
2024-04-23,1.7902,1.79,MoneyDJ(净値=华夏基金(香港)官方NAV镜像),0
2024-04-24,1.7876,1.79,MoneyDJ(净値=华夏基金(香港)官方NAV镜像),0
2024-04-25,1.783,1.79,MoneyDJ(净値=华夏基金(香港)官方NAV镜像),0
2024-04-26,1.7837,1.79,MoneyDJ(净値=华夏基金(香港)官方NAV镜像),0
2024-04-29,1.7887,1.79,MoneyDJ(净値=华夏基金(香港)官方NAV镜像),0
2024-04-30,1.7857,1.79,MoneyDJ(净値=华夏基金(香港)官方NAV镜像),0
2024-05-01,1.7857,,,1
2024-05-02,1.794,1.79,MoneyDJ(净値=华夏基金(香港)官方NAV镜像),0
2024-05-03,1.7999,1.79,MoneyDJ(净値=华夏基金(香港)官方NAV镜像),0
2024-05-06,1.8044,1.792,MoneyDJ(净値=华夏基金(香港)官方NAV镜像),0
2024-05-07,1.8071,1.796,MoneyDJ(净値=华夏基金(香港)官方NAV镜像),0
2024-05-08,1.8051,1.798,MoneyDJ(净値=华夏基金(香港)官方NAV镜像),0
2024-05-09,1.8071,1.798,MoneyDJ(净値=华夏基金(香港)官方NAV镜像),0
2024-05-10,1.8052,1.798,MoneyDJ(净値=华夏基金(香港)官方NAV镜像),0
2024-05-13,1.8056,1.798,MoneyDJ(净値=华夏基金(香港)官方NAV镜像),0
2024-05-14,1.8087,1.798,MoneyDJ(净値=华夏基金(香港)官方NAV镜像),0
2024-05-15,1.8087,,,1
2024-05-16,1.8172,1.81,MoneyDJ(净値=华夏基金(香港)官方NAV镜像),0
2024-05-17,1.8145,1.81,MoneyDJ(净値=华夏基金(香港)官方NAV镜像),0
2024-05-20,1.8132,1.81,MoneyDJ(净値=华夏基金(香港)官方NAV镜像),0
2024-05-21,1.8165,1.81,MoneyDJ(净値=华夏基金(香港)官方NAV镜像),0
2024-05-22,1.8165,1.81,MoneyDJ(净値=华夏基金(香港)官方NAV镜像),0
2024-05-23,1.8117,1.81,MoneyDJ(净値=华夏基金(香港)官方NAV镜像),0
2024-05-24,1.8128,1.81,MoneyDJ(净値=华夏基金(香港)官方NAV镜像),0
2024-05-28,1.808,1.81,MoneyDJ(净値=华夏基金(香港)官方NAV镜像),0
2024-05-29,1.8037,1.81,MoneyDJ(净値=华夏基金(香港)官方NAV镜像),0
2024-05-30,1.8086,1.81,MoneyDJ(净値=华夏基金(香港)官方NAV镜像),0
2024-05-31,1.8134,1.81,MoneyDJ(净値=华夏基金(香港)官方NAV镜像),0
2024-06-03,1.8208,1.81,MoneyDJ(净値=华夏基金(香港)官方NAV镜像),0
2024-06-04,1.827,1.812,MoneyDJ(净値=华夏基金(香港)官方NAV镜像),0
2024-06-05,1.8306,1.818,MoneyDJ(净値=华夏基金(香港)官方NAV镜像),0
2024-06-06,1.8313,1.82,MoneyDJ(净値=华夏基金(香港)官方NAV镜像),0
2024-06-07,1.821,1.822,MoneyDJ(净値=华夏基金(香港)官方NAV镜像),0
2024-06-10,1.821,,,1
2024-06-11,1.8234,1.812,MoneyDJ(净値=华夏基金(香港)官方NAV镜像),0
2024-06-12,1.8277,1.812,MoneyDJ(净値=华夏基金(香港)官方NAV镜像),0
2024-06-13,1.8366,1.816,MoneyDJ(净値=华夏基金(香港)官方NAV镜像),0
2024-06-14,1.838,1.82,MoneyDJ(净値=华夏基金(香港)官方NAV镜像),0
2024-06-17,1.8333,1.824,MoneyDJ(净値=华夏基金(香港)官方NAV镜像),0
2024-06-18,1.8372,1.824,MoneyDJ(净値=华夏基金(香港)官方NAV镜像),0
2024-06-20,1.8353,1.824,MoneyDJ(净値=华夏基金(香港)官方NAV镜像),0
2024-06-21,1.8344,1.824,MoneyDJ(净値=华夏基金(香港)官方NAV镜像),0
2024-06-24,1.8358,1.824,MoneyDJ(净値=华夏基金(香港)官方NAV镜像),0
2024-06-25,1.8359,1.824,MoneyDJ(净値=华夏基金(香港)官方NAV镜像),0
2024-06-26,1.8297,1.824,MoneyDJ(净値=华夏基金(香港)官方NAV镜像),0
2024-06-27,1.8321,1.824,MoneyDJ(净値=华夏基金(香港)官方NAV镜像),0
2024-06-28,1.8264,1.824,MoneyDJ(净値=华夏基金(香港)官方NAV镜像),0
2024-07-01,1.8264,,,1
2024-07-02,1.8228,1.824,MoneyDJ(净値=华夏基金(香港)官方NAV镜像),0
2024-07-03,1.8135,1.809,MoneyDJ(净値=华夏基金(香港)官方NAV镜像),0
2024-07-05,1.8217,1.809,MoneyDJ(净値=华夏基金(香港)官方NAV镜像),0
2024-07-08,1.8228,1.81,MoneyDJ(净値=华夏基金(香港)官方NAV镜像),0
2024-07-09,1.8224,1.814,MoneyDJ(净値=华夏基金(香港)官方NAV镜像),0
2024-07-10,1.8238,1.814,MoneyDJ(净値=华夏基金(香港)官方NAV镜像),0
2024-07-11,1.8309,1.814,MoneyDJ(净値=华夏基金(香港)官方NAV镜像),0
2024-07-12,1.8354,1.822,MoneyDJ(净値=华夏基金(香港)官方NAV镜像),0
2024-07-15,1.8325,1.824,MoneyDJ(净値=华夏基金(香港)官方NAV镜像),0
2024-07-16,1.837,1.824,MoneyDJ(净値=华夏基金(香港)官方NAV镜像),0
2024-07-17,1.837,1.834,MoneyDJ(净値=华夏基金(香港)官方NAV镜像),0
2024-07-18,1.8336,1.834,MoneyDJ(净値=华夏基金(香港)官方NAV镜像),0
2024-07-19,1.8306,1.834,MoneyDJ(净値=华夏基金(香港)官方NAV镜像),0
2024-07-22,1.8292,1.834,MoneyDJ(净値=华夏基金(香港)官方NAV镜像),0
2024-07-23,1.8304,1.834,MoneyDJ(净値=华夏基金(香港)官方NAV镜像),0
2024-07-24,1.8279,1.834,MoneyDJ(净値=华夏基金(香港)官方NAV镜像),0
2024-07-25,1.8294,1.834,MoneyDJ(净値=华夏基金(香港)官方NAV镜像),0
2024-07-26,1.8344,1.834,MoneyDJ(净値=华夏基金(香港)官方NAV镜像),0
2024-07-29,1.8368,1.834,MoneyDJ(净値=华夏基金(香港)官方NAV镜像),0
2024-07-30,1.8394,1.834,MoneyDJ(净値=华夏基金(香港)官方NAV镜像),0
2024-07-31,1.8473,1.836,MoneyDJ(净値=华夏基金(香港)官方NAV镜像),0
2024-08-01,1.8535,1.842,MoneyDJ(净値=华夏基金(香港)官方NAV镜像),0
2024-08-02,1.8688,1.868,MoneyDJ(净値=华夏基金(香港)官方NAV镜像),0
2024-08-05,1.8647,1.868,MoneyDJ(净値=华夏基金(香港)官方NAV镜像),0
2024-08-06,1.857,1.868,MoneyDJ(净値=华夏基金(香港)官方NAV镜像),0
2024-08-07,1.855,1.868,MoneyDJ(净値=华夏基金(香港)官方NAV镜像),0
2024-08-08,1.853,1.868,MoneyDJ(净値=华夏基金(香港)官方NAV镜像),0
2024-08-09,1.8558,1.866,MoneyDJ(净値=华夏基金(香港)官方NAV镜像),0
2024-08-12,1.8598,1.866,MoneyDJ(净値=华夏基金(香港)官方NAV镜像),0
2024-08-13,1.8645,1.866,MoneyDJ(净値=华夏基金(香港)官方NAV镜像),0
2024-08-14,1.8672,1.866,MoneyDJ(净値=华夏基金(香港)官方NAV镜像),0
2024-08-15,1.863,1.866,MoneyDJ(净値=华夏基金(香港)官方NAV镜像),0
2024-08-16,1.8649,1.866,MoneyDJ(净値=华夏基金(香港)官方NAV镜像),0
2024-08-19,1.8681,1.866,MoneyDJ(净値=华夏基金(香港)官方NAV镜像),0
2024-08-20,1.873,1.866,MoneyDJ(净値=华夏基金(香港)官方NAV镜像),0
2024-08-21,1.8758,1.866,MoneyDJ(净値=华夏基金(香港)官方NAV镜像),0
2024-08-22,1.871,1.868,MoneyDJ(净値=华夏基金(香港)官方NAV镜像),0
2024-08-23,1.8763,1.868,MoneyDJ(净値=华夏基金(香港)官方NAV镜像),0
2024-08-26,1.8773,1.868,MoneyDJ(净値=华夏基金(香港)官方NAV镜像),0
2024-08-27,1.878,1.868,MoneyDJ(净値=华夏基金(香港)官方NAV镜像),0
2024-08-28,1.8769,1.868,MoneyDJ(净値=华夏基金(香港)官方NAV镜像),0
2024-08-29,1.8749,1.868,MoneyDJ(净値=华夏基金(香港)官方NAV镜像),0
2024-08-30,1.8713,1.868,MoneyDJ(净値=华夏基金(香港)官方NAV镜像),0
2024-09-03,1.877,1.868,MoneyDJ(净値=华夏基金(香港)官方NAV镜像),0
2024-09-04,1.8837,1.868,MoneyDJ(净値=华夏基金(香港)官方NAV镜像),0
2024-09-05,1.8861,1.868,MoneyDJ(净値=华夏基金(香港)官方NAV镜像),0
2024-09-06,1.8861,,,1
2024-09-09,1.8901,1.872,MoneyDJ(净値=华夏基金(香港)官方NAV镜像),0
2024-09-10,1.8952,1.892,MoneyDJ(净値=华夏基金(香港)官方NAV镜像),0
2024-09-11,1.8947,1.892,MoneyDJ(净値=华夏基金(香港)官方NAV镜像),0
2024-09-12,1.893,1.892,MoneyDJ(净値=华夏基金(香港)官方NAV镜像),0
2024-09-13,1.8971,1.892,MoneyDJ(净値=华夏基金(香港)官方NAV镜像),0
2024-09-16,1.9022,1.892,MoneyDJ(净値=华夏基金(香港)官方NAV镜像),0
2024-09-17,1.9012,1.896,MoneyDJ(净値=华夏基金(香港)官方NAV镜像),0
2024-09-18,1.9012,,,1
2024-09-19,1.8986,1.896,MoneyDJ(净値=华夏基金(香港)官方NAV镜像),0
2024-09-20,1.8986,1.896,MoneyDJ(净値=华夏基金(香港)官方NAV镜像),0
2024-09-23,1.898,1.896,MoneyDJ(净値=华夏基金(香港)官方NAV镜像),0
2024-09-24,1.9,1.896,MoneyDJ(净値=华夏基金(香港)官方NAV镜像),0
2024-09-25,1.8964,1.896,MoneyDJ(净値=华夏基金(香港)官方NAV镜像),0
2024-09-26,1.8953,1.896,MoneyDJ(净値=华夏基金(香港)官方NAV镜像),0
2024-09-27,1.9002,1.896,MoneyDJ(净値=华夏基金(香港)官方NAV镜像),0
2024-09-30,1.8975,1.896,MoneyDJ(净値=华夏基金(香港)官方NAV镜像),0
2024-10-01,1.8975,,,1
2024-10-02,1.9004,1.896,MoneyDJ(净値=华夏基金(香港)官方NAV镜像),0
2024-10-03,1.8792,1.878,MoneyDJ(净値=华夏基金(香港)官方NAV镜像),0
2024-10-04,1.8703,1.89,MoneyDJ(净値=华夏基金(香港)官方NAV镜像),0
2024-10-07,1.8653,1.884,MoneyDJ(净値=华夏基金(香港)官方NAV镜像),0
2024-10-08,1.8662,1.878,MoneyDJ(净値=华夏基金(香港)官方NAV镜像),0
2024-10-09,1.8626,1.878,MoneyDJ(净値=华夏基金(香港)官方NAV镜像),0
2024-10-10,1.8632,1.878,MoneyDJ(净値=华夏基金(香港)官方NAV镜像),0
2024-10-11,1.8632,,,1
2024-10-15,1.8674,1.876,MoneyDJ(净値=华夏基金(香港)官方NAV镜像),0
2024-10-16,1.87,1.876,MoneyDJ(净値=华夏基金(香港)官方NAV镜像),0
2024-10-17,1.8649,1.876,MoneyDJ(净値=华夏基金(香港)官方NAV镜像),0
2024-10-18,1.8646,1.876,MoneyDJ(净値=华夏基金(香港)官方NAV镜像),0
2024-10-21,1.8578,1.876,MoneyDJ(净値=华夏基金(香港)官方NAV镜像),0
2024-10-22,1.8548,1.868,MoneyDJ(净値=华夏基金(香港)官方NAV镜像),0
2024-10-23,1.8521,1.866,MoneyDJ(净値=华夏基金(香港)官方NAV镜像),0
2024-10-24,1.8551,1.864,MoneyDJ(净値=华夏基金(香港)官方NAV镜像),0
2024-10-25,1.8529,1.864,MoneyDJ(净値=华夏基金(香港)官方NAV镜像),0
2024-10-28,1.8506,1.864,MoneyDJ(净値=华夏基金(香港)官方NAV镜像),0
2024-10-29,1.8522,1.86,MoneyDJ(净値=华夏基金(香港)官方NAV镜像),0
2024-10-30,1.8513,1.86,MoneyDJ(净値=华夏基金(香港)官方NAV镜像),0
2024-10-31,1.8528,1.86,MoneyDJ(净値=华夏基金(香港)官方NAV镜像),0
2024-11-01,1.8446,1.86,MoneyDJ(净値=华夏基金(香港)官方NAV镜像),0
2024-11-04,1.8506,1.858,MoneyDJ(净値=华夏基金(香港)官方NAV镜像),0
2024-11-05,1.8515,1.858,MoneyDJ(净値=华夏基金(香港)官方NAV镜像),0
2024-11-06,1.8417,1.858,MoneyDJ(净値=华夏基金(香港)官方NAV镜像),0
2024-11-07,1.8507,1.854,MoneyDJ(净値=华夏基金(香港)官方NAV镜像),0
2024-11-08,1.8548,1.854,MoneyDJ(净値=华夏基金(香港)官方NAV镜像),0
2024-11-12,1.8466,1.854,MoneyDJ(净値=华夏基金(香港)官方NAV镜像),0
2024-11-13,1.8455,1.854,MoneyDJ(净値=华夏基金(香港)官方NAV镜像),0
2024-11-14,1.8444,1.852,MoneyDJ(净値=华夏基金(香港)官方NAV镜像),0
2024-11-15,1.8453,1.852,MoneyDJ(净値=华夏基金(香港)官方NAV镜像),0
2024-11-18,1.846,1.852,MoneyDJ(净値=华夏基金(香港)官方NAV镜像),0
2024-11-19,1.8473,1.852,MoneyDJ(净値=华夏基金(香港)官方NAV镜像),0
2024-11-20,1.8457,1.852,MoneyDJ(净値=华夏基金(香港)官方NAV镜像),0
2024-11-21,1.8446,1.852,MoneyDJ(净値=华夏基金(香港)官方NAV镜像),0
2024-11-22,1.8447,1.852,MoneyDJ(净値=华夏基金(香港)官方NAV镜像),0
2024-11-25,1.8561,1.852,MoneyDJ(净値=华夏基金(香港)官方NAV镜像),0
2024-11-26,1.8553,1.852,MoneyDJ(净値=华夏基金(香港)官方NAV镜像),0
2024-11-27,1.8588,1.852,MoneyDJ(净値=华夏基金(香港)官方NAV镜像),0
2024-11-29,1.8648,1.852,MoneyDJ(净値=华夏基金(香港)官方NAV镜像),0
2024-12-02,1.8649,1.856,MoneyDJ(净値=华夏基金(香港)官方NAV镜像),0
2024-12-03,1.8617,1.856,MoneyDJ(净値=华夏基金(香港)官方NAV镜像),0
2024-12-04,1.8666,1.856,MoneyDJ(净値=华夏基金(香港)官方NAV镜像),0
2024-12-05,1.867,1.856,MoneyDJ(净値=华夏基金(香港)官方NAV镜像),0
2024-12-06,1.8687,1.856,MoneyDJ(净値=华夏基金(香港)官方NAV镜像),0
2024-12-09,1.8667,1.858,MoneyDJ(净値=华夏基金(香港)官方NAV镜像),0
2024-12-10,1.865,1.858,MoneyDJ(净値=华夏基金(香港)官方NAV镜像),0
2024-12-11,1.8614,1.858,MoneyDJ(净値=华夏基金(香港)官方NAV镜像),0
2024-12-12,1.8572,1.858,MoneyDJ(净値=华夏基金(香港)官方NAV镜像),0
2024-12-13,1.8529,1.858,MoneyDJ(净値=华夏基金(香港)官方NAV镜像),0
2024-12-16,1.853,1.858,MoneyDJ(净値=华夏基金(香港)官方NAV镜像),0
2024-12-17,1.853,1.858,MoneyDJ(净値=华夏基金(香港)官方NAV镜像),0
2024-12-18,1.8456,1.858,MoneyDJ(净値=华夏基金(香港)官方NAV镜像),0
2024-12-19,1.8416,1.852,MoneyDJ(净値=华夏基金(香港)官方NAV镜像),0
2024-12-20,1.8421,1.846,MoneyDJ(净値=华夏基金(香港)官方NAV镜像),0
2024-12-23,1.8393,1.846,MoneyDJ(净値=华夏基金(香港)官方NAV镜像),0
2024-12-24,1.8399,1.844,MoneyDJ(净値=华夏基金(香港)官方NAV镜像),0
2024-12-26,1.8399,,,1
2024-12-27,1.8384,1.846,MoneyDJ(净値=华夏基金(香港)官方NAV镜像),0
2024-12-30,1.8441,1.846,MoneyDJ(净値=华夏基金(香港)官方NAV镜像),0
2024-12-31,1.8431,1.846,MoneyDJ(净値=华夏基金(香港)官方NAV镜像),0
2025-01-02,1.8433,1.846,MoneyDJ(净値=华夏基金(香港)官方NAV镜像),0
2025-01-03,1.8257,1.831,MoneyDJ(净値=华夏基金(香港)官方NAV镜像),0
2025-01-06,1.8233,1.831,MoneyDJ(净値=华夏基金(香港)官方NAV镜像),0
2025-01-07,1.8199,1.831,MoneyDJ(净値=华夏基金(香港)官方NAV镜像),0
2025-01-08,1.8214,1.831,MoneyDJ(净値=华夏基金(香港)官方NAV镜像),0
2025-01-09,1.8214,1.831,MoneyDJ(净値=华夏基金(香港)官方NAV镜像),0
2025-01-10,1.8165,1.831,MoneyDJ(净値=华夏基金(香港)官方NAV镜像),0
2025-01-13,1.8142,1.826,MoneyDJ(净値=华夏基金(香港)官方NAV镜像),0
2025-01-14,1.8147,1.824,MoneyDJ(净値=华夏基金(香港)官方NAV镜像),0
2025-01-15,1.8239,1.824,MoneyDJ(净値=华夏基金(香港)官方NAV镜像),0
2025-01-16,1.8289,1.824,MoneyDJ(净値=华夏基金(香港)官方NAV镜像),0
2025-01-17,1.8287,1.824,MoneyDJ(净値=华夏基金(香港)官方NAV镜像),0
2025-01-21,1.833,1.824,MoneyDJ(净値=华夏基金(香港)官方NAV镜像),0
2025-01-22,1.8311,1.826,MoneyDJ(净値=华夏基金(香港)官方NAV镜像),0
2025-01-23,1.8298,1.826,MoneyDJ(净値=华夏基金(香港)官方NAV镜像),0
2025-01-24,1.832,1.826,MoneyDJ(净値=华夏基金(香港)官方NAV镜像),0
2025-01-27,1.8387,1.826,MoneyDJ(净値=华夏基金(香港)官方NAV镜像),0
2025-01-28,1.8383,1.83,MoneyDJ(净値=华夏基金(香港)官方NAV镜像),0
2025-01-29,1.8383,,,1
2025-01-30,1.8383,,,1
2025-01-31,1.8383,,,1
2025-02-03,1.8383,1.832,MoneyDJ(净値=华夏基金(香港)官方NAV镜像),0
2025-02-04,1.8411,1.832,MoneyDJ(净値=华夏基金(香港)官方NAV镜像),0
2025-02-05,1.8476,1.834,MoneyDJ(净値=华夏基金(香港)官方NAV镜像),0
2025-02-06,1.8479,1.842,MoneyDJ(净値=华夏基金(香港)官方NAV镜像),0
2025-02-07,1.8445,1.842,MoneyDJ(净値=华夏基金(香港)官方NAV镜像),0
2025-02-10,1.8439,1.842,MoneyDJ(净値=华夏基金(香港)官方NAV镜像),0
2025-02-11,1.8425,1.842,MoneyDJ(净値=华夏基金(香港)官方NAV镜像),0
2025-02-12,1.8369,1.842,MoneyDJ(净値=华夏基金(香港)官方NAV镜像),0
2025-02-13,1.8429,1.842,MoneyDJ(净値=华夏基金(香港)官方NAV镜像),0
2025-02-14,1.8476,1.842,MoneyDJ(净値=华夏基金(香港)官方NAV镜像),0
2025-02-18,1.8453,1.842,MoneyDJ(净値=华夏基金(香港)官方NAV镜像),0
2025-02-19,1.8474,1.842,MoneyDJ(净値=华夏基金(香港)官方NAV镜像),0
2025-02-20,1.8493,1.842,MoneyDJ(净値=华夏基金(香港)官方NAV镜像),0
2025-02-21,1.8553,1.842,MoneyDJ(净値=华夏基金(香港)官方NAV镜像),0
2025-02-24,1.8584,1.842,MoneyDJ(净値=华夏基金(香港)官方NAV镜像),0
2025-02-25,1.8656,1.844,MoneyDJ(净値=华夏基金(香港)官方NAV镜像),0
2025-02-26,1.8687,1.852,MoneyDJ(净値=华夏基金(香港)官方NAV镜像),0
2025-02-27,1.8684,1.856,MoneyDJ(净値=华夏基金(香港)官方NAV镜像),0
2025-02-28,1.8742,1.856,MoneyDJ(净値=华夏基金(香港)官方NAV镜像),0
2025-03-03,1.878,1.858,MoneyDJ(净値=华夏基金(香港)官方NAV镜像),0
2025-03-04,1.8744,1.864,MoneyDJ(净値=华夏基金(香港)官方NAV镜像),0
2025-03-05,1.869,1.864,MoneyDJ(净値=华夏基金(香港)官方NAV镜像),0
2025-03-06,1.8687,1.864,MoneyDJ(净値=华夏基金(香港)官方NAV镜像),0
2025-03-07,1.8668,1.864,MoneyDJ(净値=华夏基金(香港)官方NAV镜像),0
2025-03-10,1.873,1.864,MoneyDJ(净値=华夏基金(香港)官方NAV镜像),0
2025-03-11,1.8689,1.864,MoneyDJ(净値=华夏基金(香港)官方NAV镜像),0
2025-03-12,1.8656,1.864,MoneyDJ(净値=华夏基金(香港)官方NAV镜像),0
2025-03-13,1.8691,1.864,MoneyDJ(净値=华夏基金(香港)官方NAV镜像),0
2025-03-14,1.8644,1.864,MoneyDJ(净値=华夏基金(香港)官方NAV镜像),0
2025-03-17,1.8654,1.864,MoneyDJ(净値=华夏基金(香港)官方NAV镜像),0
2025-03-18,1.8659,1.864,MoneyDJ(净値=华夏基金(香港)官方NAV镜像),0
2025-03-19,1.8693,1.864,MoneyDJ(净値=华夏基金(香港)官方NAV镜像),0
2025-03-20,1.8719,1.864,MoneyDJ(净値=华夏基金(香港)官方NAV镜像),0
2025-03-21,1.871,1.864,MoneyDJ(净値=华夏基金(香港)官方NAV镜像),0
2025-03-24,1.8646,1.876,MoneyDJ(净値=华夏基金(香港)官方NAV镜像),0
2025-03-25,1.8652,1.87,MoneyDJ(净値=华夏基金(香港)官方NAV镜像),0
2025-03-26,1.8623,1.87,MoneyDJ(净値=华夏基金(香港)官方NAV镜像),0
2025-03-27,1.8611,1.87,MoneyDJ(净値=华夏基金(香港)官方NAV镜像),0
2025-03-28,1.8684,1.87,MoneyDJ(净値=华夏基金(香港)官方NAV镜像),0
2025-03-31,1.8706,1.87,MoneyDJ(净値=华夏基金(香港)官方NAV镜像),0
2025-04-01,1.8587,1.855,MoneyDJ(净値=华夏基金(香港)官方NAV镜像),0
2025-04-02,1.8569,1.855,MoneyDJ(净値=华夏基金(香港)官方NAV镜像),0
2025-04-03,1.8643,1.855,MoneyDJ(净値=华夏基金(香港)官方NAV镜像),0
2025-04-04,1.8643,,,1
2025-04-07,1.843,1.855,MoneyDJ(净値=华夏基金(香港)官方NAV镜像),0
2025-04-08,1.8392,1.855,MoneyDJ(净値=华夏基金(香港)官方NAV镜像),0
2025-04-09,1.8287,1.846,MoneyDJ(净値=华夏基金(香港)官方NAV镜像),0
2025-04-10,1.8287,1.812,MoneyDJ(净値=华夏基金(香港)官方NAV镜像),0
2025-04-11,1.8221,1.826,MoneyDJ(净値=华夏基金(香港)官方NAV镜像),0
2025-04-14,1.8303,1.826,MoneyDJ(净値=华夏基金(香港)官方NAV镜像),0
2025-04-15,1.8352,1.826,MoneyDJ(净値=华夏基金(香港)官方NAV镜像),0
2025-04-16,1.8411,1.828,MoneyDJ(净値=华夏基金(香港)官方NAV镜像),0
2025-04-17,1.8393,1.832,MoneyDJ(净値=华夏基金(香港)官方NAV镜像),0
2025-04-21,1.8393,,,1
2025-04-22,1.8369,1.832,MoneyDJ(净値=华夏基金(香港)官方NAV镜像),0
2025-04-23,1.8415,1.832,MoneyDJ(净値=华夏基金(香港)官方NAV镜像),0
2025-04-24,1.8481,1.832,MoneyDJ(净値=华夏基金(香港)官方NAV镜像),0
2025-04-25,1.8538,1.838,MoneyDJ(净値=华夏基金(香港)官方NAV镜像),0
2025-04-28,1.8597,1.846,MoneyDJ(净値=华夏基金(香港)官方NAV镜像),0
2025-04-29,1.8628,1.85,MoneyDJ(净値=华夏基金(香港)官方NAV镜像),0
2025-04-30,1.8629,1.854,MoneyDJ(净値=华夏基金(香港)官方NAV镜像),0
2025-05-01,1.8629,,,1
2025-05-02,1.8515,1.854,MoneyDJ(净値=华夏基金(香港)官方NAV镜像),0
2025-05-05,1.8515,,,1
2025-05-06,1.8512,1.854,MoneyDJ(净値=华夏基金(香港)官方NAV镜像),0
2025-05-07,1.8547,1.854,MoneyDJ(净値=华夏基金(香港)官方NAV镜像),0
2025-05-08,1.8483,1.854,MoneyDJ(净値=华夏基金(香港)官方NAV镜像),0
2025-05-09,1.8503,1.854,MoneyDJ(净値=华夏基金(香港)官方NAV镜像),0
2025-05-12,1.8458,1.854,MoneyDJ(净値=华夏基金(香港)官方NAV镜像),0
2025-05-13,1.8459,1.854,MoneyDJ(净値=华夏基金(香港)官方NAV镜像),0
2025-05-14,1.8441,1.854,MoneyDJ(净値=华夏基金(香港)官方NAV镜像),0
2025-05-15,1.8494,1.85,MoneyDJ(净値=华夏基金(香港)官方NAV镜像),0
2025-05-16,1.8501,1.85,MoneyDJ(净値=华夏基金(香港)官方NAV镜像),0
2025-05-19,1.8493,1.85,MoneyDJ(净値=华夏基金(香港)官方NAV镜像),0
2025-05-20,1.8499,1.85,MoneyDJ(净値=华夏基金(香港)官方NAV镜像),0
2025-05-21,1.843,1.85,MoneyDJ(净値=华夏基金(香港)官方NAV镜像),0
2025-05-22,1.8455,1.85,MoneyDJ(净値=华夏基金(香港)官方NAV镜像),0
2025-05-23,1.8475,1.85,MoneyDJ(净値=华夏基金(香港)官方NAV镜像),0
2025-05-27,1.8547,1.85,MoneyDJ(净値=华夏基金(香港)官方NAV镜像),0
2025-05-28,1.8531,1.85,MoneyDJ(净値=华夏基金(香港)官方NAV镜像),0
2025-05-29,1.8573,1.85,MoneyDJ(净値=华夏基金(香港)官方NAV镜像),0
2025-05-30,1.8617,1.85,MoneyDJ(净値=华夏基金(香港)官方NAV镜像),0
2025-06-02,1.8568,1.852,MoneyDJ(净値=华夏基金(香港)官方NAV镜像),0
2025-06-03,1.8558,1.852,MoneyDJ(净値=华夏基金(香港)官方NAV镜像),0
2025-06-04,1.8641,1.852,MoneyDJ(净値=华夏基金(香港)官方NAV镜像),0
2025-06-05,1.8635,1.876,MoneyDJ(净値=华夏基金(香港)官方NAV镜像),0
2025-06-06,1.857,1.876,MoneyDJ(净値=华夏基金(香港)官方NAV镜像),0
2025-06-09,1.8586,1.872,MoneyDJ(净値=华夏基金(香港)官方NAV镜像),0
2025-06-10,1.8613,1.872,MoneyDJ(净値=华夏基金(香港)官方NAV镜像),0
2025-06-11,1.8658,1.874,MoneyDJ(净値=华夏基金(香港)官方NAV镜像),0
2025-06-12,1.8716,1.874,MoneyDJ(净値=华夏基金(香港)官方NAV镜像),0
2025-06-13,1.8674,1.874,MoneyDJ(净値=华夏基金(香港)官方NAV镜像),0
2025-06-16,1.8645,1.874,MoneyDJ(净値=华夏基金(香港)官方NAV镜像),0
2025-06-17,1.8694,1.874,MoneyDJ(净値=华夏基金(香港)官方NAV镜像),0
2025-06-18,1.8699,1.874,MoneyDJ(净値=华夏基金(香港)官方NAV镜像),0
2025-06-20,1.8708,1.874,MoneyDJ(净値=华夏基金(香港)官方NAV镜像),0
2025-06-23,1.8734,1.874,MoneyDJ(净値=华夏基金(香港)官方NAV镜像),0
2025-06-24,1.8789,1.874,MoneyDJ(净値=华夏基金(香港)官方NAV镜像),0
2025-06-25,1.8809,1.874,MoneyDJ(净値=华夏基金(香港)官方NAV镜像),0
2025-06-26,1.8839,1.874,MoneyDJ(净値=华夏基金(香港)官方NAV镜像),0
2025-06-27,1.8819,1.874,MoneyDJ(净値=华夏基金(香港)官方NAV镜像),0
2025-06-30,1.8861,1.874,MoneyDJ(净値=华夏基金(香港)官方NAV镜像),0
2025-07-01,1.8861,,,1
2025-07-02,1.8686,1.859,MoneyDJ(净値=华夏基金(香港)官方NAV镜像),0
2025-07-03,1.8656,1.859,MoneyDJ(净値=华夏基金(香港)官方NAV镜像),0
2025-07-07,1.8629,1.882,MoneyDJ(净値=华夏基金(香港)官方NAV镜像),0
2025-07-08,1.8617,1.878,MoneyDJ(净値=华夏基金(香港)官方NAV镜像),0
2025-07-09,1.8664,1.876,MoneyDJ(净値=华夏基金(香港)官方NAV镜像),0
2025-07-10,1.8674,1.876,MoneyDJ(净値=华夏基金(香港)官方NAV镜像),0
2025-07-11,1.8628,1.876,MoneyDJ(净値=华夏基金(香港)官方NAV镜像),0
2025-07-14,1.8624,1.876,MoneyDJ(净値=华夏基金(香港)官方NAV镜像),0
2025-07-15,1.859,1.876,MoneyDJ(净値=华夏基金(香港)官方NAV镜像),0
2025-07-16,1.8624,1.876,MoneyDJ(净値=华夏基金(香港)官方NAV镜像),0
2025-07-17,1.862,1.876,MoneyDJ(净値=华夏基金(香港)官方NAV镜像),0
2025-07-18,1.8656,1.876,MoneyDJ(净値=华夏基金(香港)官方NAV镜像),0
2025-07-21,1.8701,1.876,MoneyDJ(净値=华夏基金(香港)官方NAV镜像),0
2025-07-22,1.873,1.876,MoneyDJ(净値=华夏基金(香港)官方NAV镜像),0
2025-07-23,1.8706,1.858,MoneyDJ(净値=华夏基金(香港)官方NAV镜像),0
2025-07-24,1.8702,1.858,MoneyDJ(净値=华夏基金(香港)官方NAV镜像),0
2025-07-25,1.8723,1.858,MoneyDJ(净値=华夏基金(香港)官方NAV镜像),0
2025-07-28,1.8719,1.858,MoneyDJ(净値=华夏基金(香港)官方NAV镜像),0
2025-07-29,1.8787,1.858,MoneyDJ(净値=华夏基金(香港)官方NAV镜像),0
2025-07-30,1.8758,1.864,MoneyDJ(净値=华夏基金(香港)官方NAV镜像),0
2025-07-31,1.8755,1.864,MoneyDJ(净値=华夏基金(香港)官方NAV镜像),0
2025-08-01,1.8859,1.864,MoneyDJ(净値=华夏基金(香港)官方NAV镜像),0
2025-08-04,1.8883,1.87,MoneyDJ(净値=华夏基金(香港)官方NAV镜像),0
2025-08-05,1.8894,1.874,MoneyDJ(净値=华夏基金(香港)官方NAV镜像),0
2025-08-06,1.8881,1.874,MoneyDJ(净値=华夏基金(香港)官方NAV镜像),0
2025-08-07,1.8874,1.876,MoneyDJ(净値=华夏基金(香港)官方NAV镜像),0
2025-08-08,1.8854,1.876,MoneyDJ(净値=华夏基金(香港)官方NAV镜像),0
2025-08-11,1.8867,1.876,MoneyDJ(净値=华夏基金(香港)官方NAV镜像),0
2025-08-12,1.887,1.876,MoneyDJ(净値=华夏基金(香港)官方NAV镜像),0
2025-08-13,1.8927,1.88,MoneyDJ(净値=华夏基金(香港)官方NAV镜像),0
2025-08-14,1.8915,1.886,MoneyDJ(净値=华夏基金(香港)官方NAV镜像),0
2025-08-15,1.8892,1.886,MoneyDJ(净値=华夏基金(香港)官方NAV镜像),0
2025-08-18,1.8895,1.886,MoneyDJ(净値=华夏基金(香港)官方NAV镜像),0
2025-08-19,1.8925,1.886,MoneyDJ(净値=华夏基金(香港)官方NAV镜像),0
2025-08-20,1.8936,1.886,MoneyDJ(净値=华夏基金(香港)官方NAV镜像),0
2025-08-21,1.8904,1.886,MoneyDJ(净値=华夏基金(香港)官方NAV镜像),0
2025-08-22,1.896,1.886,MoneyDJ(净値=华夏基金(香港)官方NAV镜像),0
2025-08-25,1.8967,1.888,MoneyDJ(净値=华夏基金(香港)官方NAV镜像),0
2025-08-26,1.8977,1.888,MoneyDJ(净値=华夏基金(香港)官方NAV镜像),0
2025-08-27,1.8992,1.888,MoneyDJ(净値=华夏基金(香港)官方NAV镜像),0
2025-08-28,1.9008,1.892,MoneyDJ(净値=华夏基金(香港)官方NAV镜像),0
2025-08-29,1.8997,1.892,MoneyDJ(净値=华夏基金(香港)官方NAV镜像),0
2025-09-02,1.8963,1.892,MoneyDJ(净値=华夏基金(香港)官方NAV镜像),0
2025-09-03,1.8993,1.892,MoneyDJ(净値=华夏基金(香港)官方NAV镜像),0
2025-09-04,1.9042,1.892,MoneyDJ(净値=华夏基金(香港)官方NAV镜像),0
2025-09-05,1.9102,1.892,MoneyDJ(净値=华夏基金(香港)官方NAV镜像),0
2025-09-08,1.9151,1.902,MoneyDJ(净値=华夏基金(香港)官方NAV镜像),0
2025-09-09,1.9117,1.906,MoneyDJ(净値=华夏基金(香港)官方NAV镜像),0
2025-09-10,1.9142,1.906,MoneyDJ(净値=华夏基金(香港)官方NAV镜像),0
2025-09-11,1.9163,1.906,MoneyDJ(净値=华夏基金(香港)官方NAV镜像),0
2025-09-12,1.9159,1.908,MoneyDJ(净値=华夏基金(香港)官方NAV镜像),0
2025-09-15,1.9179,1.908,MoneyDJ(净値=华夏基金(香港)官方NAV镜像),0
2025-09-16,1.9199,1.91,MoneyDJ(净値=华夏基金(香港)官方NAV镜像),0
2025-09-17,1.9174,1.912,MoneyDJ(净値=华夏基金(香港)官方NAV镜像),0
2025-09-18,1.9152,1.912,MoneyDJ(净値=华夏基金(香港)官方NAV镜像),0
2025-09-19,1.914,1.912,MoneyDJ(净値=华夏基金(香港)官方NAV镜像),0
2025-09-22,1.9125,1.912,MoneyDJ(净値=华夏基金(香港)官方NAV镜像),0
2025-09-23,1.9155,1.912,MoneyDJ(净値=华夏基金(香港)官方NAV镜像),0
2025-09-24,1.9135,1.912,MoneyDJ(净値=华夏基金(香港)官方NAV镜像),0
2025-09-25,1.9116,1.912,MoneyDJ(净値=华夏基金(香港)官方NAV镜像),0
2025-09-26,1.9111,1.912,MoneyDJ(净値=华夏基金(香港)官方NAV镜像),0
2025-09-29,1.9147,1.912,MoneyDJ(净値=华夏基金(香港)官方NAV镜像),0
2025-09-30,1.9147,1.912,MoneyDJ(净値=华夏基金(香港)官方NAV镜像),0
2025-10-01,1.9147,,,1
2025-10-02,1.9031,1.895,MoneyDJ(净値=华夏基金(香港)官方NAV镜像),0
2025-10-03,1.9011,1.895,MoneyDJ(净値=华夏基金(香港)官方NAV镜像),0
2025-10-06,1.899,1.895,MoneyDJ(净値=华夏基金(香港)官方NAV镜像),0
2025-10-07,1.899,,,1
2025-10-08,1.9014,1.895,MoneyDJ(净値=华夏基金(香港)官方NAV镜像),0
2025-10-09,1.9014,1.895,MoneyDJ(净値=华夏基金(香港)官方NAV镜像),0
2025-10-10,1.9074,1.898,MoneyDJ(净値=华夏基金(香港)官方NAV镜像),0
2025-10-14,1.9093,1.902,MoneyDJ(净値=华夏基金(香港)官方NAV镜像),0
2025-10-15,1.9084,1.906,MoneyDJ(净値=华夏基金(香港)官方NAV镜像),0
2025-10-16,1.9149,1.906,MoneyDJ(净値=华夏基金(香港)官方NAV镜像),0
2025-10-17,1.9124,1.91,MoneyDJ(净値=华夏基金(香港)官方NAV镜像),0
2025-10-20,1.9142,1.91,MoneyDJ(净値=华夏基金(香港)官方NAV镜像),0
2025-10-21,1.9167,1.91,MoneyDJ(净値=华夏基金(香港)官方NAV镜像),0
2025-10-22,1.9182,1.912,MoneyDJ(净値=华夏基金(香港)官方NAV镜像),0
2025-10-23,1.9145,1.912,MoneyDJ(净値=华夏基金(香港)官方NAV镜像),0
2025-10-24,1.9153,1.912,MoneyDJ(净値=华夏基金(香港)官方NAV镜像),0
2025-10-27,1.9173,1.912,MoneyDJ(净値=华夏基金(香港)官方NAV镜像),0
2025-10-28,1.919,1.914,MoneyDJ(净値=华夏基金(香港)官方NAV镜像),0
2025-10-29,1.919,,,1
2025-10-30,1.9111,1.914,MoneyDJ(净値=华夏基金(香港)官方NAV镜像),0
2025-10-31,1.9107,1.914,MoneyDJ(净値=华夏基金(香港)官方NAV镜像),0
2025-11-03,1.9112,1.914,MoneyDJ(净値=华夏基金(香港)官方NAV镜像),0
2025-11-04,1.9112,1.914,MoneyDJ(净値=华夏基金(香港)官方NAV镜像),0
2025-11-05,1.9062,1.914,MoneyDJ(净値=华夏基金(香港)官方NAV镜像),0
2025-11-06,1.9114,1.91,MoneyDJ(净値=华夏基金(香港)官方NAV镜像),0
2025-11-07,1.9113,1.91,MoneyDJ(净値=华夏基金(香港)官方NAV镜像),0
2025-11-10,1.9102,1.906,MoneyDJ(净値=华夏基金(香港)官方NAV镜像),0
2025-11-12,1.9151,1.912,MoneyDJ(净値=华夏基金(香港)官方NAV镜像),0
2025-11-13,1.9113,1.912,MoneyDJ(净値=华夏基金(香港)官方NAV镜像),0
2025-11-14,1.9079,1.912,MoneyDJ(净値=华夏基金(香港)官方NAV镜像),0
2025-11-17,1.9094,1.912,MoneyDJ(净値=华夏基金(香港)官方NAV镜像),0
2025-11-18,1.9098,1.912,MoneyDJ(净値=华夏基金(香港)官方NAV镜像),0
2025-11-19,1.9091,1.91,MoneyDJ(净値=华夏基金(香港)官方NAV镜像),0
2025-11-20,1.9119,1.91,MoneyDJ(净値=华夏基金(香港)官方NAV镜像),0
2025-11-21,1.9136,1.91,MoneyDJ(净値=华夏基金(香港)官方NAV镜像),0
2025-11-24,1.9157,1.91,MoneyDJ(净値=华夏基金(香港)官方NAV镜像),0
2025-11-25,1.9183,1.912,MoneyDJ(净値=华夏基金(香港)官方NAV镜像),0
2025-11-26,1.9197,1.914,MoneyDJ(净値=华夏基金(香港)官方NAV镜像),0
2025-11-28,1.9181,1.916,MoneyDJ(净値=华夏基金(香港)官方NAV镜像),0
2025-12-01,1.913,1.916,MoneyDJ(净値=华夏基金(香港)官方NAV镜像),0
2025-12-02,1.9139,1.916,MoneyDJ(净値=华夏基金(香港)官方NAV镜像),0
2025-12-03,1.9157,1.916,MoneyDJ(净値=华夏基金(香港)官方NAV镜像),0
2025-12-04,1.9132,1.916,MoneyDJ(净値=华夏基金(香港)官方NAV镜像),0
2025-12-05,1.9111,1.916,MoneyDJ(净値=华夏基金(香港)官方NAV镜像),0
2025-12-08,1.9096,1.916,MoneyDJ(净値=华夏基金(香港)官方NAV镜像),0
2025-12-09,1.9085,1.914,MoneyDJ(净値=华夏基金(香港)官方NAV镜像),0
2025-12-10,1.9127,1.914,MoneyDJ(净値=华夏基金(香港)官方NAV镜像),0
2025-12-11,1.9122,1.914,MoneyDJ(净値=华夏基金(香港)官方NAV镜像),0
2025-12-12,1.9109,1.916,MoneyDJ(净値=华夏基金(香港)官方NAV镜像),0
2025-12-15,1.9116,1.916,MoneyDJ(净値=华夏基金(香港)官方NAV镜像),0
2025-12-16,1.9151,1.916,MoneyDJ(净値=华夏基金(香港)官方NAV镜像),0
2025-12-17,1.9146,1.916,MoneyDJ(净値=华夏基金(香港)官方NAV镜像),0
2025-12-18,1.9171,1.916,MoneyDJ(净値=华夏基金(香港)官方NAV镜像),0
2025-12-19,1.9151,1.916,MoneyDJ(净値=华夏基金(香港)官方NAV镜像),0
2025-12-22,1.9144,1.916,MoneyDJ(净値=华夏基金(香港)官方NAV镜像),0
2025-12-23,1.9148,1.916,MoneyDJ(净値=华夏基金(香港)官方NAV镜像),0
2025-12-24,1.9165,1.916,MoneyDJ(净値=华夏基金(香港)官方NAV镜像),0
2025-12-26,1.9165,,,1
2025-12-29,1.9194,1.916,MoneyDJ(净値=华夏基金(香港)官方NAV镜像),0
2025-12-30,1.9189,1.916,MoneyDJ(净値=华夏基金(香港)官方NAV镜像),0
2025-12-31,1.9159,1.916,MoneyDJ(净値=华夏基金(香港)官方NAV镜像),0
2026-01-02,1.9154,1.916,MoneyDJ(净値=华夏基金(香港)官方NAV镜像),0
2026-01-05,1.9015,1.899,MoneyDJ(净値=华夏基金(香港)官方NAV镜像),0
2026-01-06,1.9009,1.908,MoneyDJ(净値=华夏基金(香港)官方NAV镜像),0
2026-01-07,1.9024,1.906,MoneyDJ(净値=华夏基金(香港)官方NAV镜像),0
2026-01-08,1.9001,1.906,MoneyDJ(净値=华夏基金(香港)官方NAV镜像),0
2026-01-09,1.901,1.906,MoneyDJ(净値=华夏基金(香港)官方NAV镜像),0
2026-01-12,1.9,1.904,MoneyDJ(净値=华夏基金(香港)官方NAV镜像),0
2026-01-13,1.9013,1.904,MoneyDJ(净値=华夏基金(香港)官方NAV镜像),0
2026-01-14,1.9032,1.904,MoneyDJ(净値=华夏基金(香港)官方NAV镜像),0
2026-01-15,1.9011,1.904,MoneyDJ(净値=华夏基金(香港)官方NAV镜像),0
2026-01-16,1.8986,1.904,MoneyDJ(净値=华夏基金(香港)官方NAV镜像),0
2026-01-20,1.8947,1.902,MoneyDJ(净値=华夏基金(香港)官方NAV镜像),0
2026-01-21,1.8977,1.9,MoneyDJ(净値=华夏基金(香港)官方NAV镜像),0
2026-01-22,1.8985,1.9,MoneyDJ(净値=华夏基金(香港)官方NAV镜像),0
2026-01-23,1.9002,1.9,MoneyDJ(净値=华夏基金(香港)官方NAV镜像),0
2026-01-26,1.9025,1.9,MoneyDJ(净値=华夏基金(香港)官方NAV镜像),0
2026-01-27,1.9023,1.9,MoneyDJ(净値=华夏基金(香港)官方NAV镜像),0
2026-01-28,1.9016,1.9,MoneyDJ(净値=华夏基金(香港)官方NAV镜像),0
2026-01-29,1.9026,1.9,MoneyDJ(净値=华夏基金(香港)官方NAV镜像),0
2026-01-30,1.9014,1.9,MoneyDJ(净値=华夏基金(香港)官方NAV镜像),0
2026-02-02,1.8995,1.9,MoneyDJ(净値=华夏基金(香港)官方NAV镜像),0
2026-02-03,1.901,1.9,MoneyDJ(净値=华夏基金(香港)官方NAV镜像),0
2026-02-04,1.9013,1.9,MoneyDJ(净値=华夏基金(香港)官方NAV镜像),0
2026-02-05,1.908,1.906,MoneyDJ(净値=华夏基金(香港)官方NAV镜像),0
2026-02-06,1.9063,1.916,MoneyDJ(净値=华夏基金(香港)官方NAV镜像),0
2026-02-09,1.9078,1.914,MoneyDJ(净値=华夏基金(香港)官方NAV镜像),0
2026-02-10,1.9122,1.914,MoneyDJ(净値=华夏基金(香港)官方NAV镜像),0
2026-02-11,1.9097,1.914,MoneyDJ(净値=华夏基金(香港)官方NAV镜像),0
2026-02-12,1.9161,1.914,MoneyDJ(净値=华夏基金(香港)官方NAV镜像),0
2026-02-13,1.9184,1.914,MoneyDJ(净値=华夏基金(香港)官方NAV镜像),0
2026-02-17,1.9184,,,1
2026-02-18,1.9184,,,1
2026-02-19,1.9184,,,1
2026-02-20,1.9177,1.918,MoneyDJ(净値=华夏基金(香港)官方NAV镜像),0
2026-02-23,1.9215,1.918,MoneyDJ(净値=华夏基金(香港)官方NAV镜像),0
2026-02-24,1.9206,1.92,MoneyDJ(净値=华夏基金(香港)官方NAV镜像),0
2026-02-25,1.9202,1.922,MoneyDJ(净値=华夏基金(香港)官方NAV镜像),0
2026-02-26,1.9231,1.922,MoneyDJ(净値=华夏基金(香港)官方NAV镜像),0
2026-02-27,1.9266,1.922,MoneyDJ(净値=华夏基金(香港)官方NAV镜像),0
2026-03-02,1.9189,1.926,MoneyDJ(净値=华夏基金(香港)官方NAV镜像),0
2026-03-03,1.9165,1.926,MoneyDJ(净値=华夏基金(香港)官方NAV镜像),0
2026-03-04,1.9124,1.922,MoneyDJ(净値=华夏基金(香港)官方NAV镜像),0
2026-03-05,1.9116,1.916,MoneyDJ(净値=华夏基金(香港)官方NAV镜像),0
2026-03-06,1.9109,1.916,MoneyDJ(净値=华夏基金(香港)官方NAV镜像),0
2026-03-09,1.9103,1.916,MoneyDJ(净値=华夏基金(香港)官方NAV镜像),0
2026-03-10,1.9089,1.916,MoneyDJ(净値=华夏基金(香港)官方NAV镜像),0
2026-03-11,1.9048,1.914,MoneyDJ(净値=华夏基金(香港)官方NAV镜像),0
2026-03-12,1.8999,1.908,MoneyDJ(净値=华夏基金(香港)官方NAV镜像),0
2026-03-13,1.8974,1.904,MoneyDJ(净値=华夏基金(香港)官方NAV镜像),0
2026-03-16,1.9019,1.904,MoneyDJ(净値=华夏基金(香港)官方NAV镜像),0
2026-03-17,1.9031,1.904,MoneyDJ(净値=华夏基金(香港)官方NAV镜像),0
2026-03-18,1.899,1.904,MoneyDJ(净値=华夏基金(香港)官方NAV镜像),0
2026-03-19,1.8981,1.904,MoneyDJ(净値=华夏基金(香港)官方NAV镜像),0
2026-03-20,1.8887,1.904,MoneyDJ(净値=华夏基金(香港)官方NAV镜像),0
2026-03-23,1.8886,1.89,MoneyDJ(净値=华夏基金(香港)官方NAV镜像),0
2026-03-24,1.8859,1.89,MoneyDJ(净値=华夏基金(香港)官方NAV镜像),0
2026-03-25,1.8928,1.89,MoneyDJ(净値=华夏基金(香港)官方NAV镜像),0
2026-03-26,1.8851,1.89,MoneyDJ(净値=华夏基金(香港)官方NAV镜像),0
2026-03-27,1.8851,1.886,MoneyDJ(净値=华夏基金(香港)官方NAV镜像),0
2026-03-30,1.8911,1.886,MoneyDJ(净値=华夏基金(香港)官方NAV镜像),0
2026-03-31,1.8931,1.89,MoneyDJ(净値=华夏基金(香港)官方NAV镜像),0
2026-04-01,1.879,1.884,MoneyDJ(净値=华夏基金(香港)官方NAV镜像),0
2026-04-02,1.8798,1.884,MoneyDJ(净値=华夏基金(香港)官方NAV镜像),0
2026-04-03,1.8798,,,1
2026-04-06,1.8798,,,1
2026-04-07,1.8798,,,1
2026-04-08,1.8855,1.884,MoneyDJ(净値=华夏基金(香港)官方NAV镜像),0
2026-04-09,1.8854,1.884,MoneyDJ(净値=华夏基金(香港)官方NAV镜像),0
2026-04-10,1.8843,1.886,MoneyDJ(净値=华夏基金(香港)官方NAV镜像),0
2026-04-13,1.8869,1.886,MoneyDJ(净値=华夏基金(香港)官方NAV镜像),0
2026-04-14,1.893,1.888,MoneyDJ(净値=华夏基金(香港)官方NAV镜像),0
2026-04-15,1.8919,1.892,MoneyDJ(净値=华夏基金(香港)官方NAV镜像),0
2026-04-16,1.8898,1.892,MoneyDJ(净値=华夏基金(香港)官方NAV镜像),0
2026-04-17,1.8948,1.892,MoneyDJ(净値=华夏基金(香港)官方NAV镜像),0
2026-04-20,1.895,1.894,MoneyDJ(净値=华夏基金(香港)官方NAV镜像),0
2026-04-21,1.891,1.896,MoneyDJ(净値=华夏基金(香港)官方NAV镜像),0
2026-04-22,1.8918,1.896,MoneyDJ(净値=华夏基金(香港)官方NAV镜像),0
2026-04-23,1.8899,1.896,MoneyDJ(净値=华夏基金(香港)官方NAV镜像),0
2026-04-24,1.8928,1.896,MoneyDJ(净値=华夏基金(香港)官方NAV镜像),0
2026-04-27,1.8911,1.896,MoneyDJ(净値=华夏基金(香港)官方NAV镜像),0
2026-04-28,1.8902,1.896,MoneyDJ(净値=华夏基金(香港)官方NAV镜像),0
2026-04-29,1.8852,1.896,MoneyDJ(净値=华夏基金(香港)官方NAV镜像),0
2026-04-30,1.8863,1.892,MoneyDJ(净値=华夏基金(香港)官方NAV镜像),0
2026-05-01,1.8863,,,1
2026-05-04,1.8846,1.892,MoneyDJ(净値=华夏基金(香港)官方NAV镜像),0
2026-05-05,1.8863,1.888,MoneyDJ(净値=华夏基金(香港)官方NAV镜像),0
2026-05-06,1.8934,1.894,MoneyDJ(净値=华夏基金(香港)官方NAV镜像),0
2026-05-07,1.8912,1.896,MoneyDJ(净値=华夏基金(香港)官方NAV镜像),0
2026-05-08,1.8934,1.896,MoneyDJ(净値=华夏基金(香港)官方NAV镜像),0
2026-05-11,1.8905,1.896,MoneyDJ(净値=华夏基金(香港)官方NAV镜像),0
2026-05-12,1.8871,1.896,MoneyDJ(净値=华夏基金(香港)官方NAV镜像),0
2026-05-13,1.8869,1.896,MoneyDJ(净値=华夏基金(香港)官方NAV镜像),0
2026-05-14,1.8857,1.894,MoneyDJ(净値=华夏基金(香港)官方NAV镜像),0
2026-05-15,1.8775,1.894,MoneyDJ(净値=华夏基金(香港)官方NAV镜像),0
2026-05-18,1.8759,1.888,MoneyDJ(净値=华夏基金(香港)官方NAV镜像),0
2026-05-19,1.8733,1.884,MoneyDJ(净値=华夏基金(香港)官方NAV镜像),0
2026-05-20,1.8792,1.88,MoneyDJ(净値=华夏基金(香港)官方NAV镜像),0
2026-05-21,1.8808,1.88,MoneyDJ(净値=华夏基金(香港)官方NAV镜像),0
2026-05-22,1.8803,1.88,MoneyDJ(净値=华夏基金(香港)官方NAV镜像),0
2026-05-26,1.8867,1.882,MoneyDJ(净値=华夏基金(香港)官方NAV镜像),0
2026-05-27,1.8882,1.886,MoneyDJ(净値=华夏基金(香港)官方NAV镜像),0
2026-05-28,1.8905,1.888,MoneyDJ(净値=华夏基金(香港)官方NAV镜像),0
2026-05-29,1.8931,1.89,MoneyDJ(净値=华夏基金(香港)官方NAV镜像),0
2026-06-01,1.8928,1.892,MoneyDJ(净値=华夏基金(香港)官方NAV镜像),0
2026-06-02,1.8928,1.894,MoneyDJ(净値=华夏基金(香港)官方NAV镜像),0
2026-06-03,1.8902,1.894,MoneyDJ(净値=华夏基金(香港)官方NAV镜像),0
2026-06-04,1.891,1.894,MoneyDJ(净値=华夏基金(香港)官方NAV镜像),0
2026-06-05,1.8855,1.894,MoneyDJ(净値=华夏基金(香港)官方NAV镜像),0
2026-06-08,1.8812,1.892,MoneyDJ(净値=华夏基金(香港)官方NAV镜像),0
2026-06-09,1.8853,1.89,MoneyDJ(净値=华夏基金(香港)官方NAV镜像),0
2026-06-10,1.8838,1.89,MoneyDJ(净値=华夏基金(香港)官方NAV镜像),0
2026-06-11,1.8911,1.89,MoneyDJ(净値=华夏基金(香港)官方NAV镜像),0
2026-06-12,1.8907,1.894,MoneyDJ(净値=华夏基金(香港)官方NAV镜像),0
2026-06-15,1.8928,1.894,MoneyDJ(净値=华夏基金(香港)官方NAV镜像),0
2026-06-16,1.8948,1.894,MoneyDJ(净値=华夏基金(香港)官方NAV镜像),0
2026-06-17,1.8886,1.894,MoneyDJ(净値=华夏基金(香港)官方NAV镜像),0
2026-06-18,1.8912,1.894,MoneyDJ(净値=华夏基金(香港)官方NAV镜像),0
2026-06-22,1.888,1.894,MoneyDJ(净値=华夏基金(香港)官方NAV镜像),0
2026-06-23,1.8888,1.894,MoneyDJ(净値=华夏基金(香港)官方NAV镜像),0
2026-06-24,1.8946,1.894,MoneyDJ(净値=华夏基金(香港)官方NAV镜像),0
2026-06-25,1.8959,1.894,MoneyDJ(净値=华夏基金(香港)官方NAV镜像),0
2026-06-26,1.8978,1.894,MoneyDJ(净値=华夏基金(香港)官方NAV镜像),0
2026-06-29,1.898,1.894,MoneyDJ(净値=华夏基金(香港)官方NAV镜像),0
2026-06-30,1.8934,1.894,MoneyDJ(净値=华夏基金(香港)官方NAV镜像),0
2026-07-01,1.8934,,,1
2026-07-02,1.8735,1.888,MoneyDJ(净値=华夏基金(香港)官方NAV镜像),0
2026-07-06,1.8765,1.876,MoneyDJ(净値=华夏基金(香港)官方NAV镜像),0
2026-07-07,1.8705,1.876,MoneyDJ(净値=华夏基金(香港)官方NAV镜像),0
2026-07-08,1.868,1.874,MoneyDJ(净値=华夏基金(香港)官方NAV镜像),0
2026-07-09,1.8702,1.87,MoneyDJ(净値=华夏基金(香港)官方NAV镜像),0
2026-07-10,1.8695,1.87,MoneyDJ(净値=华夏基金(香港)官方NAV镜像),0
2026-07-13,1.8655,1.87,MoneyDJ(净値=华夏基金(香港)官方NAV镜像),0
2026-07-14,1.8672,1.868,MoneyDJ(净値=华夏基金(香港)官方NAV镜像),0
2026-07-15,1.8697,1.868,MoneyDJ(净値=华夏基金(香港)官方NAV镜像),0
2026-07-16,1.8706,1.868,MoneyDJ(净値=华夏基金(香港)官方NAV镜像),0
2026-07-17,1.8698,1.868,MoneyDJ(净値=华夏基金(香港)官方NAV镜像),0
2026-07-20,1.8668,1.868,MoneyDJ(净値=华夏基金(香港)官方NAV镜像),0
2026-07-21,1.8642,1.868,MoneyDJ(净値=华夏基金(香港)官方NAV镜像),0
2026-07-22,1.8607,1.868,MoneyDJ(净値=华夏基金(香港)官方NAV镜像),0
2026-07-23,1.8575,1.866,MoneyDJ(净値=华夏基金(香港)官方NAV镜像),0
2026-07-24,1.8577,1.862,MoneyDJ(净値=华夏基金(香港)官方NAV镜像),0
2026-07-27,1.8614,1.862,MoneyDJ(净値=华夏基金(香港)官方NAV镜像),0
2026-07-28,1.8641,1.862,MoneyDJ(净値=华夏基金(香港)官方NAV镜像),0
2026-07-29,1.8589,1.862,MoneyDJ(净値=华夏基金(香港)官方NAV镜像),0
2026-07-30,1.8584,1.862,MoneyDJ(净値=华夏基金(香港)官方NAV镜像),0
2026-07-31,1.8565,1.862,MoneyDJ(净値=华夏基金(香港)官方NAV镜像),0
2026-08-03,1.8588,1.86,MoneyDJ(净値=华夏基金(香港)官方NAV镜像),0
2026-08-04,1.8639,1.86,MoneyDJ(净値=华夏基金(香港)官方NAV镜像),0
2026-08-05,1.8662,1.862,MoneyDJ(净値=华夏基金(香港)官方NAV镜像),0
2026-08-06,1.8624,1.862,MoneyDJ(净値=华夏基金(香港)官方NAV镜像),0
2026-08-07,1.8648,1.862,MoneyDJ(净値=华夏基金(香港)官方NAV镜像),0
2026-08-10,1.8613,1.862,MoneyDJ(净値=华夏基金(香港)官方NAV镜像),0
2026-08-11,1.862,1.862,MoneyDJ(净値=华夏基金(香港)官方NAV镜像),0
2026-08-12,1.8632,1.862,MoneyDJ(净値=华夏基金(香港)官方NAV镜像),0
2026-08-13,1.8679,1.862,MoneyDJ(净値=华夏基金(香港)官方NAV镜像),0
2026-08-14,1.8651,1.862,MoneyDJ(净値=华夏基金(香港)官方NAV镜像),0
2026-08-17,1.8635,1.862,MoneyDJ(净値=华夏基金(香港)官方NAV镜像),0
2026-08-18,1.8638,1.862,MoneyDJ(净値=华夏基金(香港)官方NAV镜像),0
2026-08-19,1.869,1.862,MoneyDJ(净値=华夏基金(香港)官方NAV镜像),0
2026-08-20,1.8655,1.862,MoneyDJ(净値=华夏基金(香港)官方NAV镜像),0
2026-08-21,1.8628,1.862,MoneyDJ(净値=华夏基金(香港)官方NAV镜像),0
2026-08-24,1.8651,1.862,MoneyDJ(净値=华夏基金(香港)官方NAV镜像),0
2026-08-25,1.8711,1.862,MoneyDJ(净値=华夏基金(香港)官方NAV镜像),0
2026-08-26,1.8691,1.866,MoneyDJ(净値=华夏基金(香港)官方NAV镜像),0
2026-08-27,1.8677,1.866,MoneyDJ(净値=华夏基金(香港)官方NAV镜像),0
2026-08-28,1.863,1.864,MoneyDJ(净値=华夏基金(香港)官方NAV镜像),0
2026-08-31,1.8626,1.864,MoneyDJ(净値=华夏基金(香港)官方NAV镜像),0
2026-09-01,1.8581,1.862,MoneyDJ(净値=华夏基金(香港)官方NAV镜像),0
2026-09-02,1.8589,1.858,MoneyDJ(净値=华夏基金(香港)官方NAV镜像),0
2026-09-03,1.8599,1.858,MoneyDJ(净値=华夏基金(香港)官方NAV镜像),0
2026-09-04,1.8602,1.858,MoneyDJ(净値=华夏基金(香港)官方NAV镜像),0
