series,date,value,hit,verdict,handling,event_date,event,gap_days,note,special
ETF_ret_pct,2021-10-12,-0.7812679018391888,global+r60+r20+pre60,真实冲击,保留,2021-10-12,中资房企信用危机(恒大等)美元债抛售传染,0,"事件窗口内(±3日,偏差0日)",
ETF_ret_pct,2021-10-15,0.5865139388556706,r60+pre60,真实冲击,保留,2021-10-12,中资房企信用危机(恒大等)美元债抛售传染,3,"事件窗口内(±3日,偏差3日)",
FX_ret_pct,2021-10-19,-0.7306139656012567,r60+r20+pre60,存疑(无事件支撑),"仅标注,不改数",,,,,
d5y_bp,2021-11-04,-8.999999999999986,pre60,真实冲击,保留,2021-11-04,英央行意外不加息 美债收益率回落,0,"事件窗口内(±3日,偏差0日)",
d5y_bp,2021-11-10,14.999999999999991,r60+pre60,真实冲击,保留,2021-11-10,美国10月CPI同比6.2%创31年新高,0,"事件窗口内(±3日,偏差0日)",
d10y_bp,2021-11-26,-15.999999999999991,r60+pre60,真实冲击,保留,2021-11-26,奥密克戎变异株恐慌 全球避险,0,"事件窗口内(±3日,偏差0日)",
d5y_bp,2021-11-26,-18.000000000000014,r60+pre60,真实冲击,保留,2021-11-26,奥密克戎变异株恐慌 全球避险,0,"事件窗口内(±3日,偏差0日)",
FX_ret_pct,2021-12-09,0.5298462952557426,pre60,真实冲击,保留,2021-12-09,恒大正式违约 美元走强,0,"事件窗口内(±3日,偏差0日)",
ETF_ret_pct,2022-01-18,-0.5964175438652464,r60+pre60,真实冲击,保留,2022-01-18,美联储紧缩预期发酵 收益率飙升,0,"事件窗口内(±3日,偏差0日)",
FX_ret_pct,2022-01-27,0.742419651815851,r60+r20+pre60,真实冲击,保留,2022-01-27,美联储1月会议转鹰(鲍威尔),0,"事件窗口内(±3日,偏差0日)",
ETF_ret_pct,2022-02-07,-0.8024060755970619,global+r60+pre60,真实冲击,保留,2022-02-07,节后风险偏好回落 美债调整,0,"事件窗口内(±3日,偏差0日)",
d10y_bp,2022-02-28,-13.99999999999999,pre60,真实冲击,保留,2022-02-28,俄乌开战 避险与通胀双线,0,"事件窗口内(±3日,偏差0日)",
d5y_bp,2022-02-28,-15.000000000000014,pre60,真实冲击,保留,2022-02-28,俄乌开战 避险与通胀双线,0,"事件窗口内(±3日,偏差0日)",
ETF_ret_pct,2022-03-15,-1.4568373819999647,global+r60+r20+pre60,真实冲击,保留,2022-03-15,美联储开启加息周期(3/16加息25bp)前风险偏好,0,"事件窗口内(±3日,偏差0日)",
ETF_ret_pct,2022-03-17,0.8403355652822797,global+r60+pre60,真实冲击,保留,2022-03-17,加息落地 利空出尽反弹,0,"事件窗口内(±3日,偏差0日)",
ETF_ret_pct,2022-03-28,-0.8394610476273268,global,真实冲击,保留,2022-03-28,上海疫情封控 增长担忧,0,"事件窗口内(±3日,偏差0日)",
ETF_ret_pct,2022-03-30,0.7318684266908959,global,真实冲击,保留,2022-03-28,上海疫情封控 增长担忧,2,"事件窗口内(±3日,偏差2日)",
FX_ret_pct,2022-04-22,0.7875880414650593,global+r60+pre60,真实冲击,保留,2022-04-25,人民币快速贬值(疫情封控+中美利差倒挂),3,"事件窗口内(±3日,偏差3日)",
FX_ret_pct,2022-04-25,0.8805907050731809,global+r60+pre60,真实冲击,保留,2022-04-25,人民币快速贬值(疫情封控+中美利差倒挂),0,"事件窗口内(±3日,偏差0日)",
FX_ret_pct,2022-04-28,0.983032537352857,global+r60+pre60,真实冲击,保留,2022-04-25,人民币快速贬值(疫情封控+中美利差倒挂),3,"事件窗口内(±3日,偏差3日)",
ETF_ret_pct,2022-05-03,-0.753910856986012,global,真实冲击,保留,2022-05-03,5月FOMC前风险偏好弱 债市调整,0,"事件窗口内(±3日,偏差0日)",
FX_ret_pct,2022-05-09,0.9615889422578848,global+pre60,真实冲击,保留,2022-05-12,人民币续贬 中美利差倒挂加深,3,"事件窗口内(±3日,偏差3日)",
FX_ret_pct,2022-05-12,0.9981866864716916,global+pre60,真实冲击,保留,2022-05-12,人民币续贬 中美利差倒挂加深,0,"事件窗口内(±3日,偏差0日)",
ETF_ret_pct,2022-06-13,-1.8408730205465904,global+r60+r20+pre60,真实冲击,保留,2022-06-13,5月CPI超预期后美债暴跌 全球债市承压,0,"事件窗口内(±3日,偏差0日)",
d10y_bp,2022-06-13,28.000000000000025,global+r60+pre60,真实冲击,保留,2022-06-13,5月CPI超预期后美债暴跌 全球债市承压,0,"事件窗口内(±3日,偏差0日)",
d5y_bp,2022-06-13,31.000000000000007,global+r60+pre60,真实冲击,保留,2022-06-13,5月CPI超预期后美债暴跌 全球债市承压,0,"事件窗口内(±3日,偏差0日)",
d5y_bp,2022-06-15,-23.0,global,真实冲击,保留,2022-06-15,FOMC加息75bp 声明后收益率回落,0,"事件窗口内(±3日,偏差0日)",
ETF_ret_pct,2022-07-22,0.5527808863501571,r20,真实冲击,保留,2022-07-22,中国地产纾困与政策预期 风险偏好,0,"事件窗口内(±3日,偏差0日)",
d5y_bp,2022-08-05,21.000000000000043,global,真实冲击,保留,2022-08-05,7月非农强劲 加息预期升温,0,"事件窗口内(±3日,偏差0日)",
FX_ret_pct,2022-09-06,0.7897988599297134,global+pre60,真实冲击,保留,2022-09-06,人民币贬向6.9 美元指数走强,0,"事件窗口内(±3日,偏差0日)",
d10y_bp,2022-09-22,19.00000000000004,global,真实冲击,保留,2022-09-22,FOMC鹰派点阵图 收益率上行,0,"事件窗口内(±3日,偏差0日)",
ETF_ret_pct,2022-09-23,-0.7834501122577775,global+r60+r20+pre60,真实冲击,保留,2022-09-22,FOMC鹰派点阵图 收益率上行,1,"事件窗口内(±3日,偏差1日)",
d10y_bp,2022-09-26,18.999999999999993,global,真实冲击,保留,2022-09-26,英国迷你预算危机 全球利率上行,0,"事件窗口内(±3日,偏差0日)",
ETF_ret_pct,2022-09-28,-1.0268146704020709,global+r60+pre60,真实冲击,保留,2022-09-28,英央行紧急购债 全球收益率回落,0,"事件窗口内(±3日,偏差0日)",
d10y_bp,2022-09-28,-25.0,global+r60+pre60,真实冲击,保留,2022-09-28,英央行紧急购债 全球收益率回落,0,"事件窗口内(±3日,偏差0日)",
d5y_bp,2022-09-28,-29.000000000000004,global+r60+r20+pre60,真实冲击,保留,2022-09-28,英央行紧急购债 全球收益率回落,0,"事件窗口内(±3日,偏差0日)",
FX_ret_pct,2022-09-29,-1.109058341670499,global+r60+pre60,真实冲击,保留,2022-09-28,英央行紧急购债 全球收益率回落,1,"事件窗口内(±3日,偏差1日)",
ETF_ret_pct,2022-10-11,-0.8069229114146315,global,真实冲击,保留,2022-10-14,全球债市动荡(英养老金危机) 信用承压,3,"事件窗口内(±3日,偏差3日)",
ETF_ret_pct,2022-10-14,-1.282808617783271,global+r60+pre60,真实冲击,保留,2022-10-14,全球债市动荡(英养老金危机) 信用承压,0,"事件窗口内(±3日,偏差0日)",
FX_ret_pct,2022-10-26,-1.3546101122563936,global+r60+pre60,真实冲击,保留,2022-10-26,美元自高位大幅回落 人民币急升,0,"事件窗口内(±3日,偏差0日)",
FX_ret_pct,2022-11-07,-1.0050889363989235,global,真实冲击,保留,2022-11-10,美国10月CPI回落至7.7% 美债暴涨,3,"事件窗口内(±3日,偏差3日)",
FX_ret_pct,2022-11-10,-0.7778687457035804,global,真实冲击,保留,2022-11-10,美国10月CPI回落至7.7% 美债暴涨,0,"事件窗口内(±3日,偏差0日)",
d10y_bp,2022-11-10,-30.00000000000003,global+r60+r20+pre60,真实冲击,保留,2022-11-10,美国10月CPI回落至7.7% 美债暴涨,0,"事件窗口内(±3日,偏差0日)",
d5y_bp,2022-11-10,-31.99999999999994,global+r60+pre60,真实冲击,保留,2022-11-10,美国10月CPI回落至7.7% 美债暴涨,0,"事件窗口内(±3日,偏差0日)",
ETF_ret_pct,2022-11-14,1.7637201083321508,global+r60+r20+pre60,真实冲击,保留,2022-11-14,中国发布防控优化二十条+地产金融16条(11-11公布 美股11-11休市),0,"事件窗口内(±3日,偏差0日)",与3141反向但命中中国防疫优化+地产三支箭，且 CNY 当日 -1.6%，判真实冲击(3141当日陈旧)
FX_ret_pct,2022-11-14,-1.5854418377794666,global+r60+pre60,真实冲击,保留,2022-11-14,中国发布防控优化二十条+地产金融16条(11-11公布 美股11-11休市),0,"事件窗口内(±3日,偏差0日)",与3141反向但命中中国防疫优化+地产三支箭，且 CNY 当日 -1.6%，判真实冲击(3141当日陈旧)
FX_ret_pct,2022-11-17,0.8237775946782211,global,真实冲击,保留,2022-11-14,中国发布防控优化二十条+地产金融16条(11-11公布 美股11-11休市),3,"事件窗口内(±3日,偏差3日)",
ETF_ret_pct,2022-11-29,0.911179236463111,global,真实冲击,保留,2022-11-29,证监会恢复房企股权融资(第三支箭),0,"事件窗口内(±3日,偏差0日)",无独立事件强支撑且与3141反向 → 存疑(流动性/交易所价噪声候选)
FX_ret_pct,2022-11-30,-0.9673848845334732,global,真实冲击,保留,2022-11-30,人民币续升 风险偏好修复,0,"事件窗口内(±3日,偏差0日)",
FX_ret_pct,2022-12-05,-0.8297615561754901,global,真实冲击,保留,2022-12-05,防疫新十条 放开加速 人民币走强,0,"事件窗口内(±3日,偏差0日)",
FX_ret_pct,2022-12-30,-0.9423073109563028,global,真实冲击,保留,2022-12-30,年末人民币偏强 美元弱,0,"事件窗口内(±3日,偏差0日)",
d5y_bp,2023-01-06,-20.999999999999996,global,真实冲击,保留,2023-01-06,美国12月ISM服务业破荣枯线+薪资降温,0,"事件窗口内(±3日,偏差0日)",
FX_ret_pct,2023-01-09,-0.9847952007473236,global,真实冲击,保留,2023-01-09,中国重启+美元走弱 人民币续升,0,"事件窗口内(±3日,偏差0日)",
ETF_ret_pct,2023-01-12,0.8948734366528377,global,真实冲击,保留,2023-01-12,美国12月CPI回落+中国开放推进,0,"事件窗口内(±3日,偏差0日)",
FX_ret_pct,2023-01-17,1.0583994357703297,global,真实冲击,保留,2023-01-17,人民币单日回调(升幅过大/中间价),0,"事件窗口内(±3日,偏差0日)",
FX_ret_pct,2023-03-01,-0.9697063252672722,global,真实冲击,保留,2023-03-01,中国2月PMI强劲 人民币升值,0,"事件窗口内(±3日,偏差0日)",
FX_ret_pct,2023-03-10,-0.8726751138237177,global,真实冲击,保留,2023-03-10,硅谷银行SVB被接管 避险,0,"事件窗口内(±3日,偏差0日)",
d10y_bp,2023-03-10,-23.0,global+r60+pre60,真实冲击,保留,2023-03-10,硅谷银行SVB被接管 避险,0,"事件窗口内(±3日,偏差0日)",
d5y_bp,2023-03-10,-25.99999999999998,global+r60+r20+pre60,真实冲击,保留,2023-03-10,硅谷银行SVB被接管 避险,0,"事件窗口内(±3日,偏差0日)",
FX_ret_pct,2023-03-13,-0.829216273049882,global,真实冲击,保留,2023-03-13,SVB传染 瑞信危机发酵,0,"事件窗口内(±3日,偏差0日)",
d5y_bp,2023-03-13,-27.99999999999998,global+r60+pre60,真实冲击,保留,2023-03-13,SVB传染 瑞信危机发酵,0,"事件窗口内(±3日,偏差0日)",
ETF_ret_pct,2023-03-14,0.7834521476287326,global+r20+pre60,真实冲击,保留,2023-03-14,美联储新工具BTFP 银行风险缓解 投资级债涨,0,"事件窗口内(±3日,偏差0日)",
d5y_bp,2023-03-17,-28.000000000000025,global,真实冲击,保留,2023-03-17,瑞信危机蔓延 美债收益率续降,0,"事件窗口内(±3日,偏差0日)",
FX_ret_pct,2023-03-23,-0.8964217995543811,global,真实冲击,保留,2023-03-23,美联储加息25bp接近尾声 美元走弱,0,"事件窗口内(±3日,偏差0日)",
FX_ret_pct,2023-06-20,0.7842848513603284,global+r60+pre60,真实冲击,保留,2023-06-20,中国1年期LPR下调10bp 经济偏弱,0,"事件窗口内(±3日,偏差0日)",
FX_ret_pct,2023-06-26,0.8144847684653955,global+r60+pre60,真实冲击,保留,2023-06-26,人民币续贬(中美利差/经济预期),0,"事件窗口内(±3日,偏差0日)",
ETF_ret_pct,2023-06-29,0.7773338150811493,global+r60+r20+pre60,真实冲击,保留,2023-06-26,人民币续贬(中美利差/经济预期),3,"事件窗口内(±3日,偏差3日)",
FX_ret_pct,2023-09-11,-0.7490876517330491,global,真实冲击,保留,2023-09-11,央行维稳+美元回落 人民币急升,0,"事件窗口内(±3日,偏差0日)",
ETF_ret_pct,2023-10-04,-0.920600100688973,global+r60+r20+pre60,真实冲击,保留,2023-10-04,美债长端急升(10Y创多年新高) 全球利差走阔,0,"事件窗口内(±3日,偏差0日)",
dOAS_bp,2023-10-04,12.00000000000001,global+pre60,真实冲击,保留,2023-10-04,美债长端急升(10Y创多年新高) 全球利差走阔,0,"事件窗口内(±3日,偏差0日)",
dOAS_bp,2023-10-26,9.999999999999986,global,真实冲击,保留,2023-10-26,美债动荡延续 经济数据强劲,0,"事件窗口内(±3日,偏差0日)",
dOAS_bp,2023-11-01,10.999999999999988,global,真实冲击,保留,2023-11-01,美债供应与再融资压力,0,"事件窗口内(±3日,偏差0日)",
dOAS_bp,2023-11-06,-10.000000000000009,global,真实冲击,保留,2023-11-06,风险偏好修复 利差收窄,0,"事件窗口内(±3日,偏差0日)",
d10y_bp,2023-11-14,-18.99999999999995,global,真实冲击,保留,2023-11-14,美国10月CPI低于预期(3.2%),0,"事件窗口内(±3日,偏差0日)",
d5y_bp,2023-11-14,-24.00000000000002,global+r60+pre60,真实冲击,保留,2023-11-14,美国10月CPI低于预期(3.2%),0,"事件窗口内(±3日,偏差0日)",
dOAS_bp,2023-11-15,-15.000000000000014,global,真实冲击,保留,2023-11-15,CPI后信用大涨 利差大幅收窄,0,"事件窗口内(±3日,偏差0日)",
FX_ret_pct,2023-11-20,-0.6119629668441595,pre60,真实冲击,保留,2023-11-20,美元走弱 人民币升,0,"事件窗口内(±3日,偏差0日)",
ETF_ret_pct,2023-11-29,0.6779603377576493,pre60,真实冲击,保留,2023-12-01,"鲍威尔称""为时过早谈降息"" 鹰派",2,"事件窗口内(±3日,偏差2日)",
dOAS_bp,2023-12-01,10.000000000000009,global,真实冲击,保留,2023-12-01,"鲍威尔称""为时过早谈降息"" 鹰派",0,"事件窗口内(±3日,偏差0日)",
d5y_bp,2023-12-13,-23.000000000000043,global,真实冲击,保留,2023-12-13,FOMC点阵图转向降息 收益率大降,0,"事件窗口内(±3日,偏差0日)",
dOAS_bp,2023-12-13,15.000000000000014,global,真实冲击,保留,2023-12-13,FOMC点阵图转向降息 收益率大降,0,"事件窗口内(±3日,偏差0日)",
ETF_ret_pct,2023-12-14,0.8849579130108309,global+r60+pre60,真实冲击,保留,2023-12-14,转鸽确认 风险资产大涨 美元走弱,0,"事件窗口内(±3日,偏差0日)",
FX_ret_pct,2023-12-14,-0.8920815673876037,global+r60+pre60,真实冲击,保留,2023-12-14,转鸽确认 风险资产大涨 美元走弱,0,"事件窗口内(±3日,偏差0日)",
dOAS_bp,2023-12-14,-13.00000000000001,global,真实冲击,保留,2023-12-14,转鸽确认 风险资产大涨 美元走弱,0,"事件窗口内(±3日,偏差0日)",
FX_ret_pct,2024-01-02,0.5996156283777365,pre60,真实冲击,保留,2024-01-02,年初购汇需求与美元偏强 人民币走弱,0,"事件窗口内(±3日,偏差0日)",
dOAS_bp,2024-02-02,-11.99999999999999,global,存疑(无事件支撑),"仅标注,不改数",,,,,
ETF_ret_pct,2024-02-07,-0.7722109071914618,global+r60+r20+pre60,真实冲击,保留,2024-02-07,中国股市流动性风险+美债收益率上行,0,"事件窗口内(±3日,偏差0日)",
dOAS_bp,2024-02-13,-10.000000000000009,global,存疑(无事件支撑),"仅标注,不改数",,,,,
ETF_ret_pct,2024-03-25,0.6571757694457392,r60+r20+pre60,存疑(无事件支撑),"仅标注,不改数",,,,,
d10y_bp,2024-04-10,18.99999999999995,global+pre60,真实冲击,保留,2024-04-10,美国3月CPI超预期 收益率急升,0,"事件窗口内(±3日,偏差0日)",
d5y_bp,2024-04-10,24.00000000000002,global+r60+pre60,真实冲击,保留,2024-04-10,美国3月CPI超预期 收益率急升,0,"事件窗口内(±3日,偏差0日)",
FX_ret_pct,2024-05-06,-0.4623613541560933,r60+r20+pre60,真实冲击,保留,2024-05-06,美元回落 人民币升值,0,"事件窗口内(±3日,偏差0日)",
ETF_ret_pct,2024-05-16,0.665185734115803,r60+r20+pre60,真实冲击,保留,2024-05-16,美国4月CPI回落 风险资产涨,0,"事件窗口内(±3日,偏差0日)",
dOAS_bp,2024-06-07,-8.000000000000007,r60+pre60,存疑(无事件支撑),"仅标注,不改数",,,,,
ETF_ret_pct,2024-06-11,-0.5503642909914674,r60+pre60,存疑(无事件支撑),"仅标注,不改数",,,,,
ETF_ret_pct,2024-07-17,0.5467467990256214,r60+r20+pre60,存疑(无事件支撑),"仅标注,不改数",,,,,
ETF_ret_pct,2024-08-02,1.4016489653841169,global+r60+r20+pre60,真实冲击,保留,2024-08-02,7月非农大幅走弱+日元套息平仓,0,"事件窗口内(±3日,偏差0日)",与3141反向，但命中8/2美国就业走弱+套息平仓(美债利率大跌)，ETF+1.4%可由久期解释，判真实冲击
FX_ret_pct,2024-08-02,-1.1677363481216174,global+r60+r20+pre60,真实冲击,保留,2024-08-02,7月非农大幅走弱+日元套息平仓,0,"事件窗口内(±3日,偏差0日)",与3141反向，但命中8/2美国就业走弱+套息平仓(美债利率大跌)，ETF+1.4%可由久期解释，判真实冲击
d10y_bp,2024-08-02,-19.00000000000004,global+pre60,真实冲击,保留,2024-08-02,7月非农大幅走弱+日元套息平仓,0,"事件窗口内(±3日,偏差0日)",与3141反向，但命中8/2美国就业走弱+套息平仓(美债利率大跌)，ETF+1.4%可由久期解释，判真实冲击
d5y_bp,2024-08-02,-21.999999999999975,global+r60+pre60,真实冲击,保留,2024-08-02,7月非农大幅走弱+日元套息平仓,0,"事件窗口内(±3日,偏差0日)",与3141反向，但命中8/2美国就业走弱+套息平仓(美债利率大跌)，ETF+1.4%可由久期解释，判真实冲击
dOAS_bp,2024-08-02,9.000000000000007,r60+r20+pre60,真实冲击,保留,2024-08-02,7月非农大幅走弱+日元套息平仓,0,"事件窗口内(±3日,偏差0日)",与3141反向，但命中8/2美国就业走弱+套息平仓(美债利率大跌)，ETF+1.4%可由久期解释，判真实冲击
ETF_ret_pct,2024-09-10,1.0626997304420849,global+r60+r20+pre60,存疑(无事件支撑),"仅标注,不改数",,,,,无事件强支撑且与3141反向 → 存疑
d5y_bp,2024-10-04,18.999999999999993,r60+pre60,真实冲击,保留,2024-10-04,9月非农强劲 收益率上行,0,"事件窗口内(±3日,偏差0日)",
dOAS_bp,2024-10-04,-8.000000000000007,pre60,真实冲击,保留,2024-10-04,9月非农强劲 收益率上行,0,"事件窗口内(±3日,偏差0日)",
FX_ret_pct,2024-10-08,0.5967198213542302,r20,真实冲击,保留,2024-10-08,中国政策刺激后汇率波动 人民币回调,0,"事件窗口内(±3日,偏差0日)",
FX_ret_pct,2024-11-06,1.0292118380163862,global+r60+r20+pre60,真实冲击,保留,2024-11-06,特朗普胜选 美债收益率上行 美元大涨,0,"事件窗口内(±3日,偏差0日)",
d10y_bp,2024-11-06,16.000000000000014,r60+pre60,真实冲击,保留,2024-11-06,特朗普胜选 美债收益率上行 美元大涨,0,"事件窗口内(±3日,偏差0日)",
FX_ret_pct,2025-01-21,-0.7358163110386728,r60+r20+pre60,存疑(无事件支撑),"仅标注,不改数",,,,,
ETF_ret_pct,2025-03-24,0.6417115654830052,r60+r20+pre60,存疑(无事件支撑),"仅标注,不改数",,,,,
d5y_bp,2025-04-03,-20.000000000000018,r60+pre60,真实冲击,保留,2025-04-02,"美国""解放日""对等关税(中国累计约54%) 历史级risk-off",1,"事件窗口内(±3日,偏差1日)",
dOAS_bp,2025-04-03,9.999999999999986,global+r60+pre60,真实冲击,保留,2025-04-02,"美国""解放日""对等关税(中国累计约54%) 历史级risk-off",1,"事件窗口内(±3日,偏差1日)",
d5y_bp,2025-04-09,17.99999999999997,pre60,真实冲击,保留,2025-04-09,90天关税暂缓(不含中国) 美股+9.5%,0,"事件窗口内(±3日,偏差0日)",
ETF_ret_pct,2025-04-10,-1.858987546353452,global+r60+r20+pre60,真实冲击,保留,2025-04-10,中国反制84%至125% 亚洲IG信用risk-off,0,"事件窗口内(±3日,偏差0日)",
dOAS_bp,2025-04-10,-8.000000000000007,pre60,真实冲击,保留,2025-04-10,中国反制84%至125% 亚洲IG信用risk-off,0,"事件窗口内(±3日,偏差0日)",
ETF_ret_pct,2025-04-11,0.769643218216598,global,真实冲击,保留,2025-04-11,隔夜美股再跌后亚洲风险偏好修复,0,"事件窗口内(±3日,偏差0日)",
FX_ret_pct,2025-05-06,-0.7482605492531658,r60+pre60,真实冲击,保留,2025-05-07,中国央行宽松(降准50bp加7天逆回购降10bp),1,"事件窗口内(±3日,偏差1日)",
ETF_ret_pct,2025-06-05,1.287568655563387,global+r60+r20+pre60,真实冲击,保留,2025-06-05,美国5月ADP弱加ISM服务跌破荣枯线 叠加美中谈判预期,0,"事件窗口内(±3日,偏差0日)",
ETF_ret_pct,2025-07-07,1.2296330800474098,global+r60+r20+pre60,存疑(无事件支撑),"仅标注,不改数",,,,,
ETF_ret_pct,2025-07-23,-0.964114246288572,global+r60+pre60,真实冲击,保留,2025-07-23,美中缓和交易股债跷跷板 中国长债大跌,0,"事件窗口内(±3日,偏差0日)",命中2025-07-23股债切换/中国长债大跌(低置信)，判真实冲击，但单日-1.0%偏大需留意
d5y_bp,2025-08-01,-18.999999999999993,r60+pre60,真实冲击,保留,2025-08-01,日央行加息加套息平仓重演 全球risk-off,0,"事件窗口内(±3日,偏差0日)",
dOAS_bp,2025-08-01,7.9999999999999964,pre60,真实冲击,保留,2025-08-01,日央行加息加套息平仓重演 全球risk-off,0,"事件窗口内(±3日,偏差0日)",
FX_ret_pct,2025-08-04,-0.467004796049264,r60+r20+pre60,真实冲击,保留,2025-08-01,日央行加息加套息平仓重演 全球risk-off,3,"事件窗口内(±3日,偏差3日)",
ETF_ret_pct,2025-09-08,0.5271558067340032,r20,存疑(无事件支撑),"仅标注,不改数",,,,,
ETF_ret_pct,2026-02-06,0.5232800428920603,r60+r20+pre60,存疑(无事件支撑),"仅标注,不改数",,,,,
d5y_bp,2026-03-02,11.000000000000032,pre60,真实冲击,保留,2026-03-02,开战首个交易日 布油大涨13% 全球risk-off,0,"事件窗口内(±3日,偏差0日)",
d10y_bp,2026-03-20,13.999999999999968,r60+pre60,真实冲击,保留,2026-03-18,FOMC按兵不动(3.50-3.75%) 点阵图仍显示1次降息,2,"事件窗口内(±3日,偏差2日)",
d5y_bp,2026-03-20,12.99999999999999,pre60,真实冲击,保留,2026-03-18,FOMC按兵不动(3.50-3.75%) 点阵图仍显示1次降息,2,"事件窗口内(±3日,偏差2日)",
ETF_ret_pct,2026-03-23,-0.7380105409564797,global+r60+r20+pre60,真实冲击,保留,2026-03-23,海湾战争risk-off(霍尔木兹48小时通牒) 10Y创8个月高位,0,"事件窗口内(±3日,偏差0日)",
dOAS_bp,2026-03-23,6.999999999999995,r60+pre60,真实冲击,保留,2026-03-23,海湾战争risk-off(霍尔木兹48小时通牒) 10Y创8个月高位,0,"事件窗口内(±3日,偏差0日)",
ETF_ret_pct,2026-04-01,0.5635789697131299,r60+pre60,存疑(无事件支撑),"仅标注,不改数",,,,,
ETF_ret_pct,2026-07-02,0.5616876941020088,r60+r20+pre60,存疑(无事件支撑),"仅标注,不改数",,,,,
ETF_ret_pct,2026-07-06,-0.6376198291361934,r60+r20+pre60,存疑(无事件支撑),"仅标注,不改数",,,,,
