date,series,value,global_z,roll60_z,roll20_z,pre60_z,hit
2021-10-12,ETF_ret_pct,-0.7812679018391888,-3.4095332885188263,-4.8073434722122315,-3.530968726517128,-6.809935746843692,global+r60+r20+pre60
2021-10-15,ETF_ret_pct,0.5865139388556706,2.5304479812410343,3.425344457899314,2.783916901419676,3.952614357953382,r60+pre60
2022-01-18,ETF_ret_pct,-0.5964175438652464,-2.606768087662077,-3.2167641274428878,-2.179638577101698,-3.610360216229738,r60+pre60
2022-02-07,ETF_ret_pct,-0.8024060755970619,-3.5013318140314245,-3.7731283735229186,-2.6048476742966327,-4.314686774419112,global+r60+pre60
2022-03-15,ETF_ret_pct,-1.4568373819999647,-6.343385705025395,-4.583148119834587,-3.257720714897935,-5.833507513620388,global+r60+r20+pre60
2022-03-17,ETF_ret_pct,0.8403355652822797,3.6327405120938376,3.0552624766895766,2.1416214961823283,3.2720591280444893,global+r60+pre60
2022-03-28,ETF_ret_pct,-0.8394610476273268,-3.66225355846651,-2.105230379314836,-1.3247326423823387,-2.2228530943128337,global
2022-03-30,ETF_ret_pct,0.7318684266908959,3.1616911440967064,2.336710128725176,1.620796675847904,2.4878399643183555,global
2022-05-03,ETF_ret_pct,-0.753910856986012,-3.2907275483129927,-1.6713865580673988,-2.0341840588939655,-1.7458136304586447,global
2022-06-13,ETF_ret_pct,-1.8408730205465906,-8.011169581091735,-4.769556212824386,-3.7839240125180447,-5.849339661688316,global+r60+r20+pre60
2022-07-22,ETF_ret_pct,0.5527808863501571,2.38395261619599,1.798305682694318,3.095538819656496,1.8793570881374373,r20
2022-09-23,ETF_ret_pct,-0.7834501122577775,-3.419010157290901,-3.1220602281277485,-3.3529822936408005,-3.4822253426439564,global+r60+r20+pre60
2022-09-28,ETF_ret_pct,-1.0268146704020709,-4.475889897970968,-3.410461666573743,-2.769428062887631,-3.8291550364756066,global+r60+pre60
2022-10-11,ETF_ret_pct,-0.8069229114146315,-3.520947456933449,-2.4298323807966344,-1.6907396356107744,-2.6096275086653975,global
2022-10-14,ETF_ret_pct,-1.282808617783271,-5.587616349788552,-3.4960431159895955,-2.3685424919871108,-3.998482571450611,global+r60+pre60
2022-11-14,ETF_ret_pct,1.7637201083321508,7.642800250652418,4.949273666390291,4.017729811491567,6.379450009010145,global+r60+r20+pre60
2022-11-29,ETF_ret_pct,0.911179236463111,3.940399282940938,2.2511494114891804,1.4772487418049713,2.3934284845836262,global
2023-01-12,ETF_ret_pct,0.8948734366528377,3.869586714313566,2.218362585071869,2.6236433089335995,2.154377295755826,global
2023-03-14,ETF_ret_pct,0.7834521476287326,3.3857081087024135,2.9537954496208454,3.045395692012954,3.0229172915888487,global+r20+pre60
2023-06-29,ETF_ret_pct,0.7773338150811493,3.359137511218575,4.604272891172661,3.4939721300045403,5.830316913402119,global+r60+r20+pre60
2023-10-04,ETF_ret_pct,-0.920600100688973,-4.014622950348027,-5.185421971186116,-3.7723103791595043,-7.200217081101835,global+r60+r20+pre60
2023-11-29,ETF_ret_pct,0.6779603377576493,2.9275799510504825,2.892839501439666,2.2904243129677857,3.18114281732126,pre60
2023-12-14,ETF_ret_pct,0.8849579130108309,3.8265257356099305,3.132795989345088,2.7949550982018567,3.497387592711601,global+r60+pre60
2024-02-07,ETF_ret_pct,-0.7722109071914618,-3.37020071590587,-3.7567061972343754,-3.8072828074206417,-4.384104392633796,global+r60+r20+pre60
2024-03-25,ETF_ret_pct,0.6571757694457392,2.8373170576565547,4.149072036310881,3.772839663064904,5.031822124574508,r60+r20+pre60
2024-05-16,ETF_ret_pct,0.665185734115803,2.8721026050998852,4.116223441376962,3.938101420618319,4.975444165215458,r60+r20+pre60
2024-06-11,ETF_ret_pct,-0.5503642909914674,-2.4067687519911267,-3.1724753926659646,-2.767686902685636,-3.546884711463191,r60+pre60
2024-07-17,ETF_ret_pct,0.5467467990256214,2.35774787752975,3.098203304174862,3.066912089401582,3.451310962050945,r60+r20+pre60
2024-08-02,ETF_ret_pct,1.4016489653841169,6.07040343747403,5.583162072414457,3.7119383362990725,8.257171783022805,global+r60+r20+pre60
2024-09-10,ETF_ret_pct,1.0626997304420849,4.598420079417249,4.009467971839933,4.146415528597182,4.761284000154051,global+r60+r20+pre60
2025-03-24,ETF_ret_pct,0.6417115654830052,2.7701593581189434,4.5204730580026045,3.081636592582066,5.652155479670751,r60+r20+pre60
2025-04-10,ETF_ret_pct,-1.8589875463534522,-8.089837056270873,-6.4994429748500435,-3.8301134256141434,-12.563078938166244,global+r60+r20+pre60
2025-04-11,ETF_ret_pct,0.769643218216598,3.3257389092123506,2.4878768057328595,1.6670510897391615,2.677024928156579,global
2025-06-05,ETF_ret_pct,1.287568655563387,5.574977278548506,3.685796803304198,4.173415110574823,4.283297217943584,global+r60+r20+pre60
2025-07-07,ETF_ret_pct,1.2296330800474098,5.3233755806908745,3.250381606218643,4.167612696046823,3.6557688545503644,global+r60+r20+pre60
2025-07-23,ETF_ret_pct,-0.9641142462885721,-4.2035954912467375,-3.6083965862650498,-2.653493916255943,-4.1408484120682205,global+r60+pre60
2025-09-08,ETF_ret_pct,0.5271558067340032,2.2726684271335498,2.1136712874587826,3.215254542915646,2.229400819269945,r20
2026-02-06,ETF_ret_pct,0.5232800428920603,2.2558368214328497,4.2000352071834355,3.45789831050903,5.121277783790712,r60+r20+pre60
2026-03-23,ETF_ret_pct,-0.7380105409564797,-3.2216759082132063,-4.437785852196665,-3.246484867086781,-5.552254736260044,global+r60+r20+pre60
2026-04-01,ETF_ret_pct,0.5635789697131299,2.430846361248768,3.047852495779522,2.5272072559183942,3.3827859964435705,r60+pre60
2026-07-02,ETF_ret_pct,0.5616876941020088,2.4226329595411493,4.268272990644095,3.840600616931629,5.241863268030323,r60+r20+pre60
2026-07-06,ETF_ret_pct,-0.6376198291361934,-2.7857007182169577,-4.2191550106249105,-3.1106961720703916,-5.150205000517494,r60+r20+pre60
2021-10-19,FX_ret_pct,-0.7306139656012567,-2.928120740339949,-4.038425452362689,-3.124843683068455,-4.919035549373187,r60+r20+pre60
2021-12-09,FX_ret_pct,0.5298462952557426,2.1017532221668755,2.9468428949591523,2.7580065161418226,3.218996109043145,pre60
2022-01-27,FX_ret_pct,0.742419651815851,2.9500284312221754,4.358095900469602,3.3526310191639923,5.261915549470476,r60+r20+pre60
2022-04-22,FX_ret_pct,0.7875880414650593,3.130273151409106,3.4083673874735316,2.5593702277461574,3.874400442288838,global+r60+pre60
2022-04-25,FX_ret_pct,0.8805907050731809,3.5014008185425514,3.6886345630565573,2.311817036540503,3.8363324176656053,global+r60+pre60
2022-04-28,FX_ret_pct,0.983032537352857,3.9101955428638853,3.5935862504947,2.2036023902819335,4.146791240230241,global+r60+pre60
2022-05-09,FX_ret_pct,0.9615889422578849,3.8246247525897,2.9713688501086626,1.7160350680637266,3.276272953157875,global+pre60
2022-05-12,FX_ret_pct,0.9981866864716915,3.9706682625868748,2.831871556944888,1.5659956645840258,3.079385394244328,global+pre60
2022-09-06,FX_ret_pct,0.7897988599297134,3.1390954352815323,2.7661230896934748,2.1124117411182732,3.0105881023016656,global+pre60
2022-09-29,FX_ret_pct,-1.109058341670499,-4.438305212283234,-3.800709159059615,-2.9297617401077862,-4.398085887268506,global+r60+pre60
2022-10-26,FX_ret_pct,-1.3546101122563936,-5.418180973283178,-3.903102034727208,-2.8471543700958493,-4.613650358711386,global+r60+pre60
2022-11-07,FX_ret_pct,-1.0050889363989235,-4.0234146991009645,-2.7222212053558787,-2.05358253989573,-2.9664259990953816,global
2022-11-10,FX_ret_pct,-0.7778687457035804,-3.1166912136994656,-2.047201598699894,-1.4536496209034548,-2.164857223155886,global
2022-11-14,FX_ret_pct,-1.5854418377794666,-6.339316309306874,-3.4653055789621434,-2.332600013615476,-3.942079596663296,global+r60+pre60
2022-11-17,FX_ret_pct,0.8237775946782211,3.2746877728568893,1.5198486614361897,1.2579027613965659,1.5550214106342128,global
2022-11-30,FX_ret_pct,-0.9673848845334732,-3.8729564620200967,-1.9020658431437243,-1.2539406230951058,-2.0015116358453477,global
2022-12-05,FX_ret_pct,-0.8297615561754901,-3.3237697740790635,-1.5299489737121543,-0.8937850503533851,-1.592011224059571,global
2022-12-30,FX_ret_pct,-0.9423073109563029,-3.772884259590727,-1.7192118660168125,-2.222757177558638,-1.7943486601729774,global
2023-01-09,FX_ret_pct,-0.9847952007473237,-3.9424324295873063,-1.6840905783474969,-2.1373815787960817,-1.7456277050637068,global
2023-01-17,FX_ret_pct,1.0583994357703297,4.210947586984022,2.102531554707829,2.5773927314975174,2.2157982304384474,global
2023-03-01,FX_ret_pct,-0.9697063252672722,-3.8822201846974775,-2.3383498198515342,-2.871590566428069,-2.418054587789857,global
2023-03-10,FX_ret_pct,-0.8726751138237177,-3.4950165741222454,-2.1034019179054115,-2.253215608588324,-2.227141471107342,global
2023-03-13,FX_ret_pct,-0.829216273049882,-3.3215938186119502,-1.9402214821913732,-1.8430712134731808,-1.996451861911725,global
2023-03-23,FX_ret_pct,-0.8964217995543811,-3.5897778609011604,-1.9797679241334738,-1.6444472827055636,-2.087965393527424,global
2023-06-20,FX_ret_pct,0.7842848513603284,3.1170917521877617,3.177902358129694,2.409382065152131,3.2376193151847463,global+r60+pre60
2023-06-26,FX_ret_pct,0.8144847684653955,3.2376046960971254,3.0694373186860564,2.253318263948738,3.3775745470739458,global+r60+pre60
2023-09-11,FX_ret_pct,-0.7490876517330491,-3.001840091716127,-2.3785286692064425,-2.815565917594952,-2.5279023207356683,global
2023-11-20,FX_ret_pct,-0.6119629668441595,-2.4546432434230825,-2.832340862325062,-2.385577385258101,-3.105065194231175,pre60
2023-12-14,FX_ret_pct,-0.8920815673876037,-3.5724581393321,-4.198700261756276,-2.7169874428957286,-5.113262080762594,global+r60+pre60
2024-01-02,FX_ret_pct,0.5996156283777365,2.380168149594402,2.825907151120546,2.060574745359234,3.0897208220331964,pre60
2024-05-06,FX_ret_pct,-0.46236135415609336,-1.857657142570432,-4.626262487476211,-3.737659336829536,-5.923213122706719,r60+r20+pre60
2024-08-02,FX_ret_pct,-1.1677363481216174,-4.672460136469116,-5.86630272752698,-3.345567968664971,-9.26067099129049,global+r60+r20+pre60
2024-10-08,FX_ret_pct,0.5967198213542302,2.3686124149153285,2.378699994255842,3.227145847083323,2.5223660590248462,r20
2024-11-06,FX_ret_pct,1.0292118380163862,4.094474309301419,3.944985314684279,3.005021754736133,4.665941889386503,global+r60+r20+pre60
2025-01-21,FX_ret_pct,-0.7358163110386728,-2.948880729902678,-3.195184287847736,-3.920415054565974,-3.580223166112608,r60+r20+pre60
2025-05-06,FX_ret_pct,-0.7482605492531658,-2.9985395344855,-3.188845786666065,-2.4673437690990134,-3.572633154421657,r60+pre60
2025-08-04,FX_ret_pct,-0.46700479604926404,-1.8761868243066833,-3.115195684919671,-3.027747315750426,-3.4627986297418416,r60+r20+pre60
2021-11-26,d10y_bp,-15.999999999999993,-2.636875839097666,-3.3580293458387165,-2.5153702060948806,-3.7836058238239945,r60+pre60
2022-02-28,d10y_bp,-13.99999999999999,-2.3129597006077174,-2.8152473321074467,-2.2564654714004746,-3.077077173608195,pre60
2022-06-13,d10y_bp,28.000000000000025,4.48927920768119,3.313432112458698,2.8132966520668305,3.7434348201883956,global+r60+pre60
2022-09-22,d10y_bp,19.00000000000004,3.031656584476427,2.4408330866166943,2.346460080333792,2.621509911391134,global
2022-09-26,d10y_bp,18.999999999999993,3.0316565844764196,2.3424384552839776,2.0327344960358467,2.4645612273855058,global
2022-09-28,d10y_bp,-25.0,-4.0944984623024325,-3.2749865873457926,-2.8699698442801336,-3.635061591762414,global+r60+pre60
2022-11-10,d10y_bp,-30.00000000000003,-4.904288808527307,-3.5741710802367628,-3.0410538992414002,-4.1173872680027905,global+r60+r20+pre60
2023-03-10,d10y_bp,-23.0,-3.7705823238124845,-3.0372375918108787,-2.9147393068934093,-3.3694478110939787,global+r60+pre60
2023-11-14,d10y_bp,-18.99999999999995,-3.122750046832581,-2.4892998329151586,-1.9299138801722415,-2.6592289006023155,global
2024-04-10,d10y_bp,18.99999999999995,3.0316565844764125,2.8456822642850006,2.635914244077791,3.1220192069778308,global+pre60
2024-08-02,d10y_bp,-19.00000000000004,-3.122750046832595,-2.9473128584968515,-2.8718809277217607,-3.2457204025871325,global+pre60
2024-11-06,d10y_bp,16.000000000000014,2.5457823767415015,3.039123412162076,2.5307166886656733,3.3589663185142964,r60+pre60
2026-03-20,d10y_bp,13.999999999999968,2.2218662382515464,3.394101235560896,2.5167670872916323,3.849715194381235,r60+pre60
2021-11-04,d5y_bp,-8.999999999999986,-1.357677878941109,-2.8544540069085564,-2.3308743827138847,-3.1283837695944383,pre60
2021-11-10,d5y_bp,14.999999999999991,2.1442026240060237,3.532085672040086,2.4370114408983388,4.021003460542626,r60+pre60
2021-11-26,d5y_bp,-18.000000000000014,-2.670883067546289,-3.876458486743217,-2.5296577632494897,-4.548271499332217,r60+pre60
2022-02-28,d5y_bp,-15.000000000000014,-2.233148004677897,-2.8816848422513397,-2.2071848332072794,-3.1651366577308835,pre60
2022-06-13,d5y_bp,31.000000000000007,4.478789625970783,3.3339943426263385,2.705458730256323,3.7728236458186006,global+r60+pre60
2022-06-15,d5y_bp,-23.0,-3.4004415056602735,-2.7761921096023516,-2.2015047600123308,-2.9656944106759444,global
2022-08-05,d5y_bp,21.000000000000043,3.019672749742815,2.0813049033032995,2.2389908817984012,2.2040211546155186,global
2022-09-28,d5y_bp,-29.000000000000004,-4.275911631397058,-3.469269142938192,-3.12484218254988,-3.9092419923976376,global+r60+r20+pre60
2022-11-10,d5y_bp,-31.99999999999994,-4.7136466942654405,-3.576044890563238,-2.964092669560698,-4.1208041790869,global+r60+pre60
2023-01-06,d5y_bp,-20.999999999999996,-3.1086181304146785,-2.3536777758739573,-2.668146663336344,-2.5084259517603362,global
2023-03-10,d5y_bp,-25.99999999999998,-3.8381765685286626,-3.1471985837716066,-3.0846936954146527,-3.514676302039496,global+r60+r20+pre60
2023-03-13,d5y_bp,-27.99999999999998,-4.129999943774257,-3.1402376285716955,-2.533746965799026,-3.386832993703455,global+r60+pre60
2023-03-17,d5y_bp,-28.000000000000025,-4.129999943774264,-2.7302478384916835,-1.8888643329017332,-2.967716516560669,global
2023-11-14,d5y_bp,-24.00000000000002,-3.546353193283074,-3.114156480774761,-2.3286278807207577,-3.448110578034537,global+r60+pre60
2023-12-13,d5y_bp,-23.000000000000043,-3.4004415056602797,-2.5388327418134193,-2.255223675752577,-2.7406219827965335,global
2024-04-10,d5y_bp,24.00000000000002,3.457407812611204,3.150140744908217,2.9104721823410427,3.503971939403424,global+r60+pre60
2024-08-02,d5y_bp,-21.999999999999975,-3.2545298180374727,-3.240407931870676,-2.9653987495090277,-3.643339534628309,global+r60+pre60
2024-10-04,d5y_bp,18.999999999999993,2.727849374497213,3.131968100839694,2.9541452453762442,3.434033902284273,r60+pre60
2025-04-03,d5y_bp,-20.000000000000018,-2.9627064427918843,-3.0013723941164576,-2.6301406769881397,-3.3153711399186148,r60+pre60
2025-04-09,d5y_bp,17.99999999999997,2.5819376868744124,2.8244105845169294,2.2282986208235864,3.077156823135533,pre60
2025-08-01,d5y_bp,-18.999999999999993,-2.816794755169083,-3.229226136350926,-2.9310535200661647,-3.5819246978641828,r60+pre60
2026-03-02,d5y_bp,11.000000000000032,1.5605558735148402,2.9195317643371967,2.396508196051565,3.216860022723613,pre60
2026-03-20,d5y_bp,12.99999999999999,1.8523792487604285,2.898896467496158,1.9977214079657304,3.184120184752507,pre60
2023-10-04,dOAS_bp,12.00000000000001,3.9894264861398465,2.7854959524366,2.7066218334431458,3.70299679783435,global+pre60
2023-10-26,dOAS_bp,9.999999999999986,3.3294418504427115,1.998573496311325,1.5206665081540611,2.156621692478408,global
2023-11-01,dOAS_bp,10.999999999999988,3.6594341682912757,2.123706105970606,1.5943503722448977,2.290156288668372,global
2023-11-06,dOAS_bp,-10.000000000000009,-3.2704045065285565,-1.9274797714961887,-1.5655821029347026,-2.044513132423627,global
2023-11-15,dOAS_bp,-15.000000000000014,-4.920366095771375,-2.635555338306393,-2.0511454691327677,-2.8780413158838876,global
2023-12-01,dOAS_bp,10.000000000000009,3.329441850442719,1.7560146270449872,1.53817473873515,1.837408166514953,global
2023-12-13,dOAS_bp,15.000000000000014,4.979403439685538,2.458976060602509,2.2612871520369837,2.6415070277323487,global
2023-12-14,dOAS_bp,-13.00000000000001,-4.260381460074248,-2.045640476468362,-1.9110064963467124,-2.1464640529005177,global
2024-02-02,dOAS_bp,-11.99999999999999,-3.930389142225677,-2.069678937209101,-2.4703355004429954,-2.099904251898317,global
2024-02-13,dOAS_bp,-10.000000000000009,-3.2704045065285565,-1.842841919764315,-1.845827995085256,-1.7604447159084762,global
2024-06-07,dOAS_bp,-8.000000000000007,-2.6104198708314295,-3.411318290881594,-2.7531413392782,-3.8677117023362992,r60+pre60
2024-08-02,dOAS_bp,9.000000000000007,2.9994495325941553,3.424453546778936,3.133273955262173,3.899520349846427,r60+r20+pre60
2024-10-04,dOAS_bp,-8.000000000000007,-2.6104198708314295,-2.804513434408926,-2.7592739995820463,-3.065524038492676,pre60
2025-04-03,dOAS_bp,9.999999999999986,3.3294418504427115,3.806659376078257,2.834730973754802,4.468444523886724,global+r60+pre60
2025-04-10,dOAS_bp,-8.000000000000007,-2.6104198708314295,-2.9084625098738712,-2.3358053720235765,-3.195930171642145,pre60
2025-08-01,dOAS_bp,7.9999999999999964,2.669457214745588,2.959547522395109,2.788727486927815,3.225786670231413,pre60
2026-03-23,dOAS_bp,6.999999999999995,2.3394648968970237,3.0799736126504587,2.0084619981443397,3.4254136460603655,r60+pre60
